year,utility__name,utility__regulatory_status__name,utility__certificate,utility__utility_type__name,utility__eia_operator_id,plant__name,plant__pce_status__name,plant__intertied,plant__akeps_region__abbreviation,plant__akeps_region__name,plant__eia_plant_id,community_names,net_generation_fossil_fuel_turbines,net_generation_internal_combustion,net_generation_hydroelectric,net_generation_wind_turbine,net_generation_total,station_use,gross_generation,source,notes
2011,Akiachak Native Community,Not regulated,1,Private Electric Utility,192,Akiachak,PCE Eligible Active,0,SW,Southwest,,Akiachak,0,1852,0,0,1852,34,1885,PCE,
2011,Akiak City Council,Not regulated,1,Public Electric Utility,,Akiak,PCE Eligible Active,0,SW,Southwest,,Akiak,0,1030,0,0,1030,30,1060,PCE,
2011,"Akutan, City of",Not regulated,1,Public Electric Utility,24486,Akutan,PCE Eligible Active,0,SW,Southwest,,Akutan,0,490,42,0,532,12,543,PCE,
2011,Alaska Electric Light & Power Company,Regulated,1,Private Electric Utility,213,Annex Creek,PCE Ineligible,0,SE,Southeast,62,Juneau,0,0,22270,0,22270,151,22421,EIA,
2011,Alaska Electric Light & Power Company,Regulated,1,Private Electric Utility,213,Auke Bay,PCE Ineligible,0,SE,Southeast,7250,Juneau,1065,54,0,0,1119,,,EIA,
2011,Alaska Electric Light & Power Company,Regulated,1,Private Electric Utility,213,Gold Creek,PCE Ineligible,0,SE,Southeast,63,Juneau,0,23,4838,0,4861,564,5425,EIA,
2011,Alaska Electric Light & Power Company,Regulated,1,Private Electric Utility,213,Lake Dorothy,PCE Ineligible,0,SE,Southeast,57085,Juneau,0,0,70602,0,70602,1216,71818,EIA,
2011,Alaska Electric Light & Power Company,Regulated,1,Private Electric Utility,213,Lemon Creek,PCE Ineligible,0,SE,Southeast,64,Juneau,1274,1009,0,0,2283,122,2405,EIA,
2011,Alaska Electric Light & Power Company,Regulated,1,Private Electric Utility,213,Salmon Creek 1,PCE Ineligible,0,SE,Southeast,65,Juneau,0,0,24337,0,24337,93,24430,EIA,
2011,Alaska Electric Light & Power Company,Regulated,1,Private Electric Utility,213,Snettisham,PCE Ineligible,0,SE,Southeast,78,Juneau,0,0,263749,0,263749,1936,265685,EIA,
2011,Alaska Environmental Power LLC,Regulated,1,Independent Power Producer,58488,Alaska Environmental,PCE Ineligible,1,YU,Yukon,,,0,0,0,1394,1394,186,1580,EIA,Plant is also know as Delta Wind. Alaska Environmental LLC is an independent power producer that sells all its power to GVEA.
2011,Alaska Power & Telephone Company,Regulated,1,Private Electric Utility,219,Allakaket,PCE Eligible Active,1,YU,Yukon,,"Allakaket, Alatna",0,655,0,0,655,34,689,PCE,Provides power to Alatna via intertie. Data includes Alatna's information.
2011,Alaska Power & Telephone Company,Regulated,1,Private Electric Utility,219,Bettles,PCE Eligible Active,1,YU,Yukon,,"Bettles, Evansville",0,574,0,0,574,1,575,PCE,Provides power to Evansville via intertie. Data includes Evansville's information.
2011,Alaska Power & Telephone Company,Regulated,1,Private Electric Utility,219,Black Bear Lake,PCE Eligible Active,1,SE,Southeast,7752,"Craig, Klawock, Hollis, Hydaburg, Thorne Bay, Kasaan, Coffman Cove",0,0,17791,0,17791,51,17842,EIA,"Provides power to Hollis, Klawock, Thorne Bay/Kasaan and Hydaburg via intertie."
2011,Alaska Power & Telephone Company,Regulated,1,Private Electric Utility,219,Chistochina,PCE Eligible Active,1,YU,Yukon,,Chistochina,0,-2,0,0,-2,3,1,PCE,Receives power from Slana via intertie.
2011,Alaska Power & Telephone Company,Regulated,1,Private Electric Utility,219,Coffman Cove,PCE Eligible Active,1,SE,Southeast,,Coffman Cove,0,633,0,0,633,6,639,PCE,Part of the Alaska Power Company's grid on Prince of Wales Island.
2011,Alaska Power & Telephone Company,Regulated,1,Private Electric Utility,219,Craig,PCE Eligible Active,1,SE,Southeast,421,Craig,0,2779,0,0,2779,158,2937,EIA,"Provides power to Hollis, Klawock, Thorne Bay/Kasaan and Hydaburg via intertie."
2011,Alaska Power & Telephone Company,Regulated,1,Private Electric Utility,219,Eagle,PCE Eligible Active,1,YU,Yukon,,"Eagle, Eagle Village",0,750,0,0,750,12,762,PCE,Provides power to Eagle Village via intertie. Data includes Eagle Village's information.
2011,Alaska Power & Telephone Company,Regulated,1,Private Electric Utility,219,False Island,PCE Eligible Active,1,SE,Southeast,56146,"Thorne Bay, Kasaan",0,929,0,0,929,38,967,EIA,Part of the Alaska Power Company's grid on Prince of Wales Island. Receives power from Craig. Refer to Craig for fuel use and cost. Includes data for Kaasan.
2011,Alaska Power & Telephone Company,Regulated,1,Private Electric Utility,219,Goat Lake,PCE Eligible Active,1,SE,Southeast,7751,"Haines, Covenant Life, Skagway",0,0,15831,0,15831,146,15977,EIA,Part of the Alaska Power Company's grid in the Upper Lynn Canal service area.
2011,Alaska Power & Telephone Company,Regulated,1,Private Electric Utility,219,Haines,PCE Eligible Active,1,SE,Southeast,69,"Haines, Skagway",0,185,0,0,185,309,494,"EIA, PCE",Plant is also referred to as Lutak. Part of the Alaska Power Company's grid in the Upper Lynn Canal service area.
2011,Alaska Power & Telephone Company,Regulated,1,Private Electric Utility,219,Healy Lake,PCE Eligible Active,0,YU,Yukon,,Healy Lake,0,83,0,0,83,2,86,PCE,
2011,Alaska Power & Telephone Company,Regulated,1,Private Electric Utility,219,Hollis,PCE Eligible Active,1,SE,Southeast,,Hollis,0,-12,0,0,-12,12,0,PCE,Part of the Alaska Power Company's grid on Prince of Wales Island. Receives power from Craig. Refer to Craig for fuel use and cost.
2011,Alaska Power & Telephone Company,Regulated,1,Private Electric Utility,219,Hydaburg,PCE Eligible Active,1,SE,Southeast,423,Hydaburg,0,23,0,0,23,25,48,EIA,Part of the Alaska Power Company's grid on Prince of Wales Island. Receives power from Craig. Refer to Craig for fuel use and cost.
2011,Alaska Power & Telephone Company,Regulated,1,Private Electric Utility,219,Kasidaya Creek,PCE Eligible Active,1,SE,Southeast,56542,Skagway,0,0,7965,0,7965,40,8005,EIA,Part of the Alaska Power Company's grid in the Upper Lynn Canal service area.
2011,Alaska Power & Telephone Company,Regulated,1,Private Electric Utility,219,Mentasta Lake,PCE Eligible Active,0,YU,Yukon,,Mentasta Lake,0,237,0,0,237,2,240,PCE,
2011,Alaska Power & Telephone Company,Regulated,1,Private Electric Utility,219,Naukati Bay,PCE Eligible Active,0,SE,Southeast,,Naukati Bay,0,450,0,0,450,13,463,PCE,
2011,Alaska Power & Telephone Company,Regulated,1,Private Electric Utility,219,Northway,PCE Eligible Active,1,YU,Yukon,7169,"Northway, Northway Village",0,1285,0,0,1285,13,1298,PCE,Provides power to Northway Village via intertie. Data includes Northway Village's information.
2011,Alaska Power & Telephone Company,Regulated,1,Private Electric Utility,219,Skagway,PCE Eligible Active,1,SE,Southeast,66,"Haines, Skagway",0,95,3000,0,3095,164,3260,"EIA, PCE",Plant is also referred to as Dewey Lake. Part of the Alaska Power Company's grid in the Upper Lynn Canal service area.
2011,Alaska Power & Telephone Company,Regulated,1,Private Electric Utility,219,Slana,PCE Eligible Active,1,YU,Yukon,,"Slana, Chistochina",0,1150,0,0,1150,20,1170,PCE,Provides power to Chistochina via intertie. Includes Chistochina's fuel use and fuel cost.
2011,Alaska Power & Telephone Company,Regulated,1,Private Electric Utility,219,South Fork,PCE Eligible Active,1,SE,Southeast,56265,"Craig, Klawock, Hollis, Hydaburg, Thorne Bay, Kasaan, Coffman Cove",0,0,6115,0,6115,23,6138,EIA,Receives power from Craig via intertie.
2011,Alaska Power & Telephone Company,Regulated,1,Private Electric Utility,219,Thorne Bay Plant,PCE Eligible Active,1,SE,Southeast,7414,"Thorne Bay, Kasaan",0,119,0,0,119,60,179,EIA,Part of the Alaska Power Company's grid on Prince of Wales Island. Receives power from Craig. Refer to Craig for fuel use and cost. Includes data for Kaasan.
2011,Alaska Power & Telephone Company,Regulated,1,Private Electric Utility,219,Tok,PCE Eligible Active,1,YU,Yukon,406,"Dot Lake, Dot Lake Village",0,-1,0,0,-1,1,0,PCE,"Receives power form Tok via intertie. Dot Lake's data includes Dot Lake Village's information. For fuel use and cost information, please refer to Tok."
2011,Alaska Power & Telephone Company,Regulated,1,Private Electric Utility,219,Tok,PCE Eligible Active,1,YU,Yukon,406,Tetlin,0,0,0,0,0,0,0,PCE,Receives power from Tok via intertie. For fuel use and cost information please refer to Tok.
2011,Alaska Power & Telephone Company,Regulated,1,Private Electric Utility,219,Tok,PCE Eligible Active,1,YU,Yukon,406,"Tok, Tanacross",0,10400,0,0,10400,134,10534,PCE,"Provides power to Tanacross, Tetlin and Dot Lake via intertie. Includes Tanacross' information. Fuel use and cost also includes Tetlin's and Dot Lake's information."
2011,Alaska Power & Telephone Company,Regulated,1,Private Electric Utility,219,Viking,PCE Eligible Active,1,SE,Southeast,56147,Craig,0,65,0,0,65,27,92,EIA,"Provides power to Hollis, Klawock, Thorne Bay/Kasaan and Hydaburg via intertie."
2011,Alaska Power & Telephone Company,Regulated,1,Private Electric Utility,219,Whale Pass,PCE Eligible Active,0,SE,Southeast,,Whale Pass,0,267,0,0,267,11,278,PCE,
2011,Alaska Village Electric Cooperative,Not regulated,1,Electric Co-op,221,Alakanuk,PCE Eligible Active,0,YU,Yukon,57053,Alakanuk,0,1946,0,0,1946,26,1972,PCE,
2011,Alaska Village Electric Cooperative,Not regulated,1,Electric Co-op,221,Ambler,PCE Eligible Active,0,AN,Arctic Northwest,,Ambler,0,1278,0,0,1278,31,1309,PCE,
2011,Alaska Village Electric Cooperative,Not regulated,1,Electric Co-op,221,Anvik,PCE Eligible Active,0,YU,Yukon,,Anvik,0,405,0,0,405,19,424,PCE,
2011,Alaska Village Electric Cooperative,Not regulated,1,Electric Co-op,221,Brevig Mission,PCE Eligible Active,0,AN,Arctic Northwest,,Brevig Mission,0,1176,0,0,1176,53,1229,PCE,
2011,Alaska Village Electric Cooperative,Not regulated,1,Electric Co-op,221,Chevak,PCE Eligible Active,0,YU,Yukon,6311,Chevak,0,1657,0,742,2399,99,2498,PCE,
2011,Alaska Village Electric Cooperative,Not regulated,1,Electric Co-op,221,Eek,PCE Eligible Active,0,SW,Southwest,,Eek,0,801,0,0,801,13,813,PCE,
2011,Alaska Village Electric Cooperative,Not regulated,1,Electric Co-op,221,Ekwok,PCE Eligible Active,0,SW,Southwest,,Ekwok,0,262,0,0,262,22,284,PCE,
2011,Alaska Village Electric Cooperative,Not regulated,1,Electric Co-op,221,Elim,PCE Eligible Active,0,AN,Arctic Northwest,57060,Elim,0,1159,0,0,1159,16,1175,PCE,
2011,Alaska Village Electric Cooperative,Not regulated,1,Electric Co-op,221,Emmonak,PCE Eligible Active,0,YU,Yukon,6314,Emmonak,0,3090,0,80,3170,50,3220,PCE,
2011,Alaska Village Electric Cooperative,Not regulated,1,Electric Co-op,221,Gambell,PCE Eligible Active,0,AN,Arctic Northwest,57062,Gambell,0,1496,0,387,1883,110,1993,PCE,
2011,Alaska Village Electric Cooperative,Not regulated,1,Electric Co-op,221,Goodnews Bay,PCE Eligible Active,0,SW,Southwest,,Goodnews Bay,0,773,0,0,773,14,787,PCE,
2011,Alaska Village Electric Cooperative,Not regulated,1,Electric Co-op,221,Grayling,PCE Eligible Active,0,YU,Yukon,,Grayling,0,569,0,0,569,16,585,PCE,
2011,Alaska Village Electric Cooperative,Not regulated,1,Electric Co-op,221,Holy Cross,PCE Eligible Active,0,YU,Yukon,,Holy Cross,0,594,0,0,594,31,626,PCE,
2011,Alaska Village Electric Cooperative,Not regulated,1,Electric Co-op,221,Hooper Bay,PCE Eligible Active,0,YU,Yukon,6319,Hooper Bay,0,2711,0,543,3255,69,3323,PCE,
2011,Alaska Village Electric Cooperative,Not regulated,1,Electric Co-op,221,Huslia,PCE Eligible Active,0,YU,Yukon,,Huslia,0,1006,0,0,1006,25,1031,PCE,
2011,Alaska Village Electric Cooperative,Not regulated,1,Electric Co-op,221,Kaltag,PCE Eligible Active,0,YU,Yukon,,Kaltag,0,727,0,0,727,18,745,PCE,
2011,Alaska Village Electric Cooperative,Not regulated,1,Electric Co-op,221,Kasigluk,PCE Eligible Active,1,SW,Southwest,57066,"Kasigluk, Nunapitchuk",0,2286,0,497,2783,77,2861,PCE,Provides power to Nunapitchuk via intertie.  Fuel use and cost includes Nunapitchuk's information.
2011,Alaska Village Electric Cooperative,Not regulated,1,Electric Co-op,221,Kiana,PCE Eligible Active,0,AN,Arctic Northwest,6323,Kiana,0,1512,0,0,1512,44,1556,PCE,
2011,Alaska Village Electric Cooperative,Not regulated,1,Electric Co-op,221,Kivalina,PCE Eligible Active,0,AN,Arctic Northwest,57065,Kivalina,0,1212,0,0,1212,38,1250,PCE,
2011,Alaska Village Electric Cooperative,Not regulated,1,Electric Co-op,221,Kotlik,PCE Eligible Active,0,YU,Yukon,57064,Kotlik,0,1966,0,0,1966,45,2011,PCE,
2011,Alaska Village Electric Cooperative,Not regulated,1,Electric Co-op,221,Koyuk,PCE Eligible Active,0,AN,Arctic Northwest,57059,Koyuk,0,1316,0,0,1316,17,1333,PCE,
2011,Alaska Village Electric Cooperative,Not regulated,1,Electric Co-op,221,Marshall,PCE Eligible Active,0,YU,Yukon,,Marshall,0,1644,0,0,1644,35,1679,PCE,
2011,Alaska Village Electric Cooperative,Not regulated,1,Electric Co-op,221,Mekoryuk,PCE Eligible Active,0,SW,Southwest,,Mekoryuk,0,709,0,239,948,81,1029,PCE,
2011,Alaska Village Electric Cooperative,Not regulated,1,Electric Co-op,221,Minto,PCE Eligible Active,0,YU,Yukon,,Minto,0,653,0,0,653,19,672,PCE,
2011,Alaska Village Electric Cooperative,Not regulated,1,Electric Co-op,221,Mountain Village,PCE Eligible Active,0,YU,Yukon,6329,Mountain Village,0,2797,0,0,2797,42,2839,PCE,
2011,Alaska Village Electric Cooperative,Not regulated,1,Electric Co-op,221,New Stuyahok,PCE Eligible Active,0,SW,Southwest,,New Stuyahok,0,1466,0,0,1466,36,1502,PCE,
2011,Alaska Village Electric Cooperative,Not regulated,1,Electric Co-op,221,Nightmute,PCE Eligible Active,1,SW,Southwest,,Nightmute,0,0,0,0,0,0,0,PCE,"Receives power from Toksook Bay via intertie. For fuel use and cost, please refer to Toksook Bay."
2011,Alaska Village Electric Cooperative,Not regulated,1,Electric Co-op,221,Noatak,PCE Eligible Active,0,AN,Arctic Northwest,57051,Noatak,0,1801,0,0,1801,39,1840,PCE,
2011,Alaska Village Electric Cooperative,Not regulated,1,Electric Co-op,221,Noorvik,PCE Eligible Active,0,AN,Arctic Northwest,6330,Noorvik,0,2001,0,0,2001,33,2034,PCE,
2011,Alaska Village Electric Cooperative,Not regulated,1,Electric Co-op,221,Nulato,PCE Eligible Active,0,YU,Yukon,,Nulato,0,1110,0,0,1110,19,1129,PCE,
2011,Alaska Village Electric Cooperative,Not regulated,1,Electric Co-op,221,Nunapitchuk,PCE Eligible Active,1,SW,Southwest,6333,Nunapitchuk,0,0,0,0,0,0,0,PCE,Receives power from Kasigluk. Please refer to Kasigluk for fuel use and cost.
2011,Alaska Village Electric Cooperative,Not regulated,1,Electric Co-op,221,Old Harbor,PCE Eligible Active,0,SC,Southcentral,,Old Harbor,0,788,0,0,788,31,819,PCE,
2011,Alaska Village Electric Cooperative,Not regulated,1,Electric Co-op,221,Pilot Station,PCE Eligible Active,0,YU,Yukon,57058,Pilot Station,0,1751,0,0,1751,20,1770,PCE,
2011,Alaska Village Electric Cooperative,Not regulated,1,Electric Co-op,221,Quinhagak,PCE Eligible Active,0,SW,Southwest,57057,Quinhagak,0,1415,0,409,1824,43,1867,PCE,
2011,Alaska Village Electric Cooperative,Not regulated,1,Electric Co-op,221,Russian Mission,PCE Eligible Active,0,YU,Yukon,,Russian Mission,0,1124,0,0,1124,18,1142,PCE,
2011,Alaska Village Electric Cooperative,Not regulated,1,Electric Co-op,221,Saint Mary's,PCE Eligible Active,1,YU,Yukon,6338,Pitkas Point,0,0,0,0,0,0,0,PCE,"Receives power from Saint Mary's via intertie. For fuel use and cost, please refer to Saint Mary's."
2011,Alaska Village Electric Cooperative,Not regulated,1,Electric Co-op,221,Saint Mary's,PCE Eligible Active,1,YU,Yukon,6338,"Saint Mary's, Andreafsky, Pitkas Point",0,3172,0,0,3172,48,3220,PCE,Provides power to Andreafsky and Pitkas Point via intertie. Includes Andreafsky's information. Fuel use and cost also includes Pitkas Point.
2011,Alaska Village Electric Cooperative,Not regulated,1,Electric Co-op,221,Saint Michael,PCE Eligible Active,0,AN,Arctic Northwest,57061,Saint Michael,0,1735,0,0,1735,46,1781,PCE,
2011,Alaska Village Electric Cooperative,Not regulated,1,Electric Co-op,221,Savoonga,PCE Eligible Active,0,AN,Arctic Northwest,57052,Savoonga,0,1754,0,360,2114,34,2147,PCE,
2011,Alaska Village Electric Cooperative,Not regulated,1,Electric Co-op,221,Scammon Bay,PCE Eligible Active,0,YU,Yukon,57056,Scammon Bay,0,1736,0,0,1736,31,1767,PCE,
2011,Alaska Village Electric Cooperative,Not regulated,1,Electric Co-op,221,Selawik,PCE Eligible Active,0,AN,Arctic Northwest,6341,Selawik,0,2746,0,108,2854,52,2905,PCE,
2011,Alaska Village Electric Cooperative,Not regulated,1,Electric Co-op,221,Shageluk,PCE Eligible Active,0,YU,Yukon,,Shageluk,0,369,0,0,369,12,381,PCE,
2011,Alaska Village Electric Cooperative,Not regulated,1,Electric Co-op,221,Shaktoolik,PCE Eligible Active,0,AN,Arctic Northwest,,Shaktoolik,0,904,0,0,904,22,926,PCE,
2011,Alaska Village Electric Cooperative,Not regulated,1,Electric Co-op,221,Shishmaref,PCE Eligible Active,0,AN,Arctic Northwest,6345,Shishmaref,0,1594,0,0,1594,47,1641,PCE,
2011,Alaska Village Electric Cooperative,Not regulated,1,Electric Co-op,221,Shungnak,PCE Eligible Active,1,AN,Arctic Northwest,57063,"Shungnak, Kobuk",0,1527,0,0,1527,42,1569,PCE,Provides power to Kobuk via intertie. Fuel use and cost includes Kobuk's information.
2011,Alaska Village Electric Cooperative,Not regulated,1,Electric Co-op,221,Stebbins,PCE Eligible Active,0,AN,Arctic Northwest,57055,Stebbins,0,1354,0,0,1354,33,1388,PCE,
2011,Alaska Village Electric Cooperative,Not regulated,1,Electric Co-op,221,Teller,PCE Eligible Active,0,AN,Arctic Northwest,,Teller,0,838,0,0,838,44,882,PCE,
2011,Alaska Village Electric Cooperative,Not regulated,1,Electric Co-op,221,Togiak,PCE Eligible Active,0,SW,Southwest,6348,Togiak,0,3045,0,0,3045,35,3079,PCE,
2011,Alaska Village Electric Cooperative,Not regulated,1,Electric Co-op,221,Toksook Bay,PCE Eligible Active,1,SW,Southwest,57067,"Toksook Bay, Nightmute, Tununak",0,2592,0,560,3152,140,3293,PCE,Provides power to Nightmute and Tununak via intertie. Fuel use and cost includes Nightmute's and Tununak's information.
2011,Alaska Village Electric Cooperative,Not regulated,1,Electric Co-op,221,Tununak,PCE Eligible Active,1,SW,Southwest,,Tununak,0,0,0,0,0,0,0,PCE,"Receives power from Toksook Bay via intertie. For fuel use and cost, please refer to Toksook Bay."
2011,Alaska Village Electric Cooperative,Not regulated,1,Electric Co-op,221,Upper Kalskag,PCE Eligible Active,1,SW,Southwest,57054,"Kalskag, Lower Kalskag",0,1472,0,0,1472,37,1509,PCE,Provides power to Lower Kalskag via intertie. Fuel use and cost data includes information for Lower Kalskag.
2011,Alaska Village Electric Cooperative,Not regulated,1,Electric Co-op,221,Upper Kalskag,PCE Eligible Active,1,SW,Southwest,57054,Lower Kalskag,0,0,0,0,0,0,0,PCE,"Receives power from (Upper) Kalskag via intertie. For fuel use and cost, please refer to (Upper) Kalskag."
2011,Alaska Village Electric Cooperative,Not regulated,1,Electric Co-op,221,Wales,PCE Eligible Active,0,AN,Arctic Northwest,,Wales,0,582,0,0,582,35,617,PCE,
2011,Alutiiq Power Company,"Regulated, rate exemption",1,Private Electric Utility,,Karluk,PCE Eligible Active,0,SC,Southcentral,,Karluk,0,253,0,0,253,3,256,PCE,
2011,Anchorage Municipal Light & Power,Regulated,1,Public Electric Utility,599,Anchorage 1,PCE Ineligible,1,SC,Southcentral,75,Anchorage,91339,0,0,0,91339,2837,94176,EIA,
2011,Anchorage Municipal Light & Power,Regulated,1,Public Electric Utility,599,Eklutna Lake,PCE Ineligible,1,SC,Southcentral,77,Anchorage,0,0,66088,0,66088,0,66088,EIA,
2011,Anchorage Municipal Light & Power,Regulated,1,Public Electric Utility,599,George M Sullivan Generation Plant 2,PCE Ineligible,1,SC,Southcentral,6559,Anchorage,1083003,0,0,0,1083003,18195,1101198,EIA,
2011,Aniak Light & Power,Regulated,1,Private Electric Utility,4959,Aniak,PCE Eligible Active,0,SW,Southwest,7182,Aniak,0,2619,0,0,2619,34,2653,PCE,
2011,"Atka, City of",Not regulated,1,Public Electric Utility,56256,Atka,PCE Eligible Active,0,SW,Southwest,,Atka,0,444,0,0,444,27,472,PCE,
2011,Atmautluak Tribal Utilities,Not regulated,1,Private Electric Utility,878,Atmautluak,PCE Eligible Active,0,SW,Southwest,,Atmautluak,0,797,0,0,797,22,819,PCE,
2011,Aurora Energy LLC Chena,Regulated,1,Independent Power Producer,986,Aurora Energy,PCE Ineligible,1,YU,Yukon,79,Fairbanks,209150,0,0,0,209150,15339,224489,EIA, Aurora Energy LLC is an independent power producer that sells all its power to GVEA.
2011,"Banner Wind, LLC",,,Independent Power Producer,,Banner Peak Wind Farm,PCE Eligible Active,0,AN,Arctic Northwest,,Nome,0,0,0,955,955,0,955,PCE,"Banner Wind, LLC. is an independent power proucer, who sells all its power to Nome Joint Utility Systems."
2011,Barrow Utilities & Electric Cooperative Inc.,Not regulated,1,Electric Co-op,1276,Barrow,PCE Ineligible,0,AN,Arctic Northwest,7173,Barrow,50211,0,0,0,50211,993,51204,EIA,
2011,Beaver Joint Utilities,Not regulated,1,Private Electric Utility,,Beaver,PCE Eligible Active,0,YU,Yukon,,Beaver,0,318,0,0,318,,,PCE,
2011,Bethel Utilities Corporation,Regulated,1,Private Electric Utility,1651,Bethel,PCE Eligible Active,1,SW,Southwest,6566,"Bethel, Oscarville",0,41800,0,0,41800,636,42436,PCE,Provides power to Oscarville and sells power to Napakiak Ircinraq via intertie. Data includes Oscarville's information.
2011,"Buckland, City of",Not regulated,1,Public Electric Utility,,Buckland,PCE Eligible Active,0,AN,Arctic Northwest,,Buckland,0,1592,0,0,1592,34,1626,PCE,
2011,Chalkyitsik Village Council,"Regulated, rate exemption",1,Private Electric Utility,,Chalkyitsik,PCE Eligible Active,0,YU,Yukon,,Chalkyitsik,0,304,0,0,304,27,332,PCE,
2011,Chenega Ira Council,"Regulated, rate exemption",1,Private Electric Utility,,Chenega Bay,PCE Eligible Active,0,SC,Southcentral,,Chenega Bay,0,308,0,0,308,12,321,PCE,
2011,"Chignik, City of",Not regulated,1,Private Electric Utility,3421,Chignik,PCE Eligible Active,0,SW,Southwest,,Chignik,0,868,0,0,868,33,901,PCE,
2011,Chignik Lagoon Power Utility,"Regulated, rate exemption",1,Private Electric Utility,,Chignik Lagoon,PCE Eligible Active,0,SW,Southwest,,Chignik Lagoon,0,507,0,0,507,17,524,PCE,
2011,Chignik Lake Electric Utility,Not regulated,1,Private Electric Utility,,Chignik Lake,PCE Eligible Active,0,SW,Southwest,,Chignik Lake,0,199,0,0,199,7,206,PCE,
2011,Chitina Electric Inc,Not regulated,1,Private Electric Utility,3465,Chitina,PCE Eligible Active,0,SC,Southcentral,,Chitina,0,519,0,0,519,41,560,PCE,
2011,Chugach Electric Assn Inc,Regulated,1,Electric Co-op,3522,Beluga,PCE Ineligible,1,SC,Southcentral,96,,2281306,0,0,0,2281306,18554,2299860,EIA,
2011,Chugach Electric Assn Inc,Regulated,1,Electric Co-op,3522,Bernice Lake,PCE Ineligible,1,SC,Southcentral,6292,,41995,0,0,0,41995,950,42945,EIA,
2011,Chugach Electric Assn Inc,Regulated,1,Electric Co-op,3522,Cooper Lake,PCE Ineligible,1,SC,Southcentral,6291,,0,0,28759,0,28759,1044,29803,EIA,
2011,Chugach Electric Assn Inc,Regulated,1,Electric Co-op,3522,International,PCE Ineligible,1,SC,Southcentral,6293,,21789,0,0,0,21789,980,22769,EIA,
2011,Circle Electric Utility,Not regulated,1,Private Electric Utility,,Circle,PCE Eligible Active,0,YU,Yukon,,Circle,0,390,0,0,390,5,394,PCE,
2011,Copper Valley Elec Assn Inc,Not regulated,1,Private Electric Utility,4329,Glennallen,PCE Ineligible,1,SC,Southcentral,6305,Glennallen,0,15113,0,0,15113,888,16001,EIA,
2011,Copper Valley Elec Assn Inc,Not regulated,1,Private Electric Utility,4329,Solomon Gulch,PCE Ineligible,1,SC,Southcentral,390,"Glennallen, Valdez",0,0,46189,0,46189,449,46638,EIA,
2011,Copper Valley Elec Assn Inc,Not regulated,1,Private Electric Utility,4329,Valdez,PCE Ineligible,1,SC,Southcentral,6306,Valdez,47,7291,0,0,7338,835,8173,EIA,
2011,Copper Valley Elec Assn Inc,Not regulated,1,Private Electric Utility,4329,Valdez Cogen,PCE Ineligible,1,SC,Southcentral,7841,Valdez,17519,0,0,0,17519,304,17823,EIA,
2011,Cordova Electric Cooperative,Not regulated,1,Electric Co-op,40215,Orca,PCE Eligible Active,1,SC,Southcentral,789,"Cordova, Eyak",0,9068,0,0,9068,518,9586,PCE,
2011,Cordova Electric Cooperative,Not regulated,1,Electric Co-op,40215,Power Creek,PCE Eligible Active,1,SC,Southcentral,7862,"Cordova, Eyak",0,0,16760,0,16760,,,PCE,
2011,Diomede Joint Utilities,Not regulated,1,Public Electric Utility,,Diomede,PCE Eligible Active,0,AN,Arctic Northwest,,Diomede,0,439,0,0,439,39,477,PCE,
2011,Egegik Light & Power Co,Not regulated,1,Public Electric Utility,57351,Egegik,PCE Eligible Active,0,SW,Southwest,5553,Egegik,0,282,0,0,282,1,282,PCE,
2011,Elfin Cove Utility Commission,Not regulated,1,Electric Co-op,5721,Elfin Cove,PCE Eligible Active,0,SE,Southeast,,Elfin Cove,0,277,0,0,277,20,298,PCE,
2011,"False Pass, City of",Not regulated,1,Public Electric Utility,,False Pass,PCE Eligible Active,0,SW,Southwest,,False Pass,0,461,0,0,461,39,501,PCE,
2011,G & K Inc,Regulated,1,Private Electric Utility,6866,Cold Bay,PCE Eligible Active,0,SW,Southwest,,Cold Bay,0,2567,0,0,2567,158,2725,PCE,
2011,Gold Country Energy,Regulated,1,Private Electric Utility,56739,Central,PCE Eligible Active,0,YU,Yukon,6111,Central,0,475,0,0,475,19,494,PCE,
2011,Golden Valley Elec Assn Inc,Regulated,1,Private Electric Utility,7353,Delta Power,PCE Ineligible,1,YU,Yukon,56325,,-170,0,0,0,-170,170,0,EIA,
2011,Golden Valley Elec Assn Inc,Regulated,1,Private Electric Utility,7353,Fairbanks,PCE Ineligible,1,YU,Yukon,6286,,8550,-21,0,0,8529,786,9315,EIA,
2011,Golden Valley Elec Assn Inc,Regulated,1,Private Electric Utility,7353,Healy,PCE Ineligible,1,YU,Yukon,6288,,178163,25,0,0,178188,17064,195252,EIA,
2011,Golden Valley Elec Assn Inc,Regulated,1,Private Electric Utility,7353,North Pole,PCE Ineligible,1,YU,Yukon,6285,,486541,0,0,0,486541,15843,502384,EIA,
2011,Golovin Power Utilities,Not regulated,1,Public Electric Utility,,Golovin,PCE Eligible Active,0,AN,Arctic Northwest,,Golovin,0,756,0,0,756,26,782,PCE,
2011,Gustavus Electric Co,Regulated,1,Private Electric Utility,7822,Falls Creek,PCE Eligible Active,0,SE,Southeast,,Gustavus,0,0,1955,0,1955,,,PCE,
2011,Gustavus Electric Co,Regulated,1,Private Electric Utility,7822,Gustavus,PCE Eligible Active,0,SE,Southeast,,Gustavus,0,98,0,0,98,41,140,PCE,
2011,Gwitchyaa Zhee Utilities Company,Regulated,1,Private Electric Utility,7833,Fort Yukon,PCE Eligible Active,0,YU,Yukon,7174,Fort Yukon,0,3062,0,0,3062,30,3092,PCE,
2011,Homer Electric Assn Inc,Regulated,1,Private Electric Utility,19558,Bradley Lake,PCE Ineligible,1,SC,Southcentral,7367,,0,0,303900,0,303900,,,EIA,"Generation from Bradley Lake is shared among Chugach, AML&P, HEA, MEA, Seward Electric and GVEA"
2011,Homer Electric Assn Inc,Regulated,1,Private Electric Utility,19558,Nikiski Co-Generation,PCE Ineligible,1,SC,Southcentral,55966,,276289,0,0,0,276289,1486,277775,EIA,
2011,Homer Electric Assn Inc,Regulated,1,Private Electric Utility,19558,Seldovia,PCE Ineligible,1,SC,Southcentral,6283,,0,143,0,0,143,,,EIA,
2011,Hughes Power & Light,Not regulated,1,Public Electric Utility,9000,Hughes,PCE Eligible Active,0,YU,Yukon,,Hughes,0,372,0,0,372,36,409,PCE,
2011,Igiugig Electric Company,"Regulated, rate exemption",1,Private Electric Utility,9192,Igiugig,PCE Eligible Active,0,SW,Southwest,,Igiugig,0,308,0,0,308,14,321,PCE,
2011,"I-N-N Electric Coop, Inc",Not regulated,1,Electric Co-op,9188,Newhalen,PCE Eligible Active,1,SW,Southwest,7183,"Iliamna, Newhalen, Nondalton",0,84,0,0,84,0,84,PCE,"Power produced at the Tazimina hydroelectric project and the Newhalen plant is shared by Iliamna, Newhalen and Nondalton. Newhalen's information is included in Nondalton's data."
2011,"I-N-N Electric Coop, Inc",Not regulated,1,Electric Co-op,9188,Tazimina,PCE Eligible Active,1,SW,Southwest,,"Iliamna, Newhalen, Nondalton",0,0,3566,0,3566,449,4015,PCE,"Power produced at the Tazimina hydroelectric project and the Newhalen plant is shared by Iliamna, Newhalen and Nondalton. Iliamna's information is included in Nondalton's data."
2011,Inside Passage Electric,Regulated,1,Electric Co-op,18963,Angoon,PCE Eligible Active,0,SE,Southeast,7462,Angoon,0,2025,0,0,2025,63,2089,PCE,
2011,Inside Passage Electric,Regulated,1,Electric Co-op,18963,Chilkat Valley,PCE Eligible Active,1,SE,Southeast,7467,Chilkat Valley,0,-68,184,0,115,68,184,PCE,Provides power to Klukwan via intertie. Power is purchased from AP&T.
2011,Inside Passage Electric,Regulated,1,Electric Co-op,18963,Hoonah,PCE Eligible Active,0,SE,Southeast,7463,Hoonah,0,4817,0,0,4817,43,4860,PCE,
2011,Inside Passage Electric,Regulated,1,Electric Co-op,18963,Kake,PCE Eligible Active,0,SE,Southeast,7464,Kake,0,2769,0,0,2769,62,2831,PCE,
2011,Inside Passage Electric,Regulated,1,Electric Co-op,18963,Klukwan,PCE Eligible Active,1,SE,Southeast,,Klukwan,0,0,0,0,0,0,0,PCE,Receives power from Chilkat Valley via intertie. Chilkat Valley purchases power from AP&T.
2011,Ipnatchiaq Electric Company,Not regulated,1,Private Electric Utility,9416,Deering,PCE Eligible Active,0,AN,Arctic Northwest,,Deering,0,336,0,0,336,10,346,PCE,
2011,Ketchikan Public Utilities,Not regulated,1,Public Electric Utility,10210,Beaver Falls,PCE Ineligible,1,SE,Southeast,6580,Ketchikan,0,0,46676,0,46676,229,46905,EIA,
2011,Ketchikan Public Utilities,Not regulated,1,Public Electric Utility,10210,Ketchikan,PCE Ineligible,1,SE,Southeast,84,Ketchikan,0,0,22625,0,22625,124,22749,EIA,
2011,Ketchikan Public Utilities,Not regulated,1,Public Electric Utility,10210,Silvis,PCE Ineligible,1,SE,Southeast,6581,Ketchikan,0,0,12871,0,12871,68,12939,EIA,
2011,Ketchikan Public Utilities,Not regulated,1,Public Electric Utility,10210,Swan Lake,PCE Ineligible,1,SE,Southeast,70,"Wrangell, Petersburg, Ketchikan",0,0,90502,0,90502,1082,91584,EIA,
2011,Ketchikan Public Utilities,Not regulated,1,Public Electric Utility,10210,S W Bailey,PCE Ineligible,1,SE,Southeast,85,Ketchikan,0,2603,0,0,2603,1941,4544,EIA,
2011,"King Cove, City of",Not regulated,1,Public Electric Utility,9897,King Cove,PCE Eligible Active,0,SW,Southwest,7493,King Cove,0,1712,3102,0,4815,78,4893,PCE,
2011,Kipnuk Light Plant,Regulated,1,Private Electric Utility,,Kipnuk,PCE Eligible Active,0,SW,Southwest,,Kipnuk,0,1583,0,0,1583,23,1606,PCE,
2011,Kodiak Electric Assn Inc,Regulated,1,Electric Co-op,10433,Kodiak,PCE Ineligible,1,SC,Southcentral,6281,Kodiak,0,18214,0,0,18214,1030,19244,EIA,
2011,Kodiak Electric Assn Inc,Regulated,1,Electric Co-op,10433,Nymans Plant,PCE Ineligible,1,SC,Southcentral,7723,Kodiak,0,3568,0,0,3568,889,4457,EIA,
2011,Kodiak Electric Assn Inc,Regulated,1,Electric Co-op,10433,Pillar Mountain,PCE Ineligible,1,SC,Southcentral,57187,Kodiak,0,0,0,12364,12364,84,12448,EIA,
2011,Kodiak Electric Assn Inc,Regulated,1,Electric Co-op,10433,Port Lions,PCE Ineligible,1,SC,Southcentral,6282,Kodiak,0,70,0,0,70,1,71,EIA,
2011,Kodiak Electric Assn Inc,Regulated,1,Electric Co-op,10433,Terror Lake,PCE Ineligible,1,SC,Southcentral,71,Kodiak,0,0,114186,0,114186,932,115118,EIA,
2011,Kokhanok Village Council,"Regulated, rate exemption",1,Public Electric Utility,10455,Kokhanok,PCE Eligible Active,0,SW,Southwest,,Kokhanok,0,407,0,66,473,29,502,PCE,
2011,Kotzebue Electric Association,Not regulated,1,Electric Co-op,10451,Kotzebue,PCE Eligible Active,0,AN,Arctic Northwest,6304,Kotzebue,0,20300,0,1503,21803,989,22791,PCE,
2011,"Koyukuk, City of",Not regulated,1,Public Electric Utility,,Koyukuk,PCE Eligible Active,0,YU,Yukon,,Koyukuk,0,314,0,0,314,19,333,PCE,
2011,Kwethluk Incorporated d/b/a Kuiggluum Kallugvia,Not regulated,1,Private Electric Utility,9832,Kwethluk,PCE Eligible Active,0,SW,Southwest,,Kwethluk,0,1378,0,0,1378,34,1412,PCE,
2011,Kwigillingok Power Company,Not regulated,1,Private Electric Utility,10491,Kwigillingok,PCE Eligible Active,0,SW,Southwest,,Kwigillingok,0,1168,0,0,1168,41,1209,PCE,
2011,Larsen Bay Utility Company,Not regulated,1,Public Electric Utility,10716,Larsen Bay,PCE Eligible Active,0,SC,Southcentral,,Larsen Bay,0,159,342,0,502,22,523,PCE,
2011,Levelock Electrical Coop,Not regulated,1,Electric Co-op,,Levelock,PCE Eligible Active,0,SW,Southwest,,Levelock,0,472,0,0,472,35,507,PCE,
2011,Lime Village Electric Utility,Not regulated,1,Public Electric Utility,,Lime Village,PCE Eligible Active,0,SW,Southwest,,Lime Village,0,33,0,0,33,1,34,PCE,
2011,Manokotak Power Company,Not regulated,1,Private Electric Utility,26317,Manokotak,PCE Eligible Active,0,SW,Southwest,,Manokotak,0,1366,0,0,1366,45,1411,PCE,
2011,Mcgrath Light & Power,Regulated,1,Private Electric Utility,12119,McGrath,PCE Eligible Active,0,SW,Southwest,6555,McGrath,0,2841,0,0,2841,62,2903,PCE,
2011,Metlakatla Power & Light,Regulated,1,Private Electric Utility,12385,Centennial,PCE Ineligible,0,SE,Southeast,7112,Metlakatla,0,65,0,0,65,121,186,EIA,
2011,Metlakatla Power & Light,Regulated,1,Private Electric Utility,12385,Chester Lake,PCE Ineligible,0,SE,Southeast,7168,Metlakatla,0,0,5129,0,5129,,,EIA,
2011,Metlakatla Power & Light,Regulated,1,Private Electric Utility,12385,Purple Lake,PCE Ineligible,0,SE,Southeast,6302,Metlakatla,0,0,15040,0,15040,,,EIA,
2011,Middle Kuskokwim Electric,Regulated,1,Electric Co-op,12485,Chuathbaluk,PCE Eligible Active,0,SW,Southwest,,Chuathbaluk,0,221,0,0,221,12,233,PCE,
2011,Middle Kuskokwim Electric,Regulated,1,Electric Co-op,12485,Crooked Creek,PCE Eligible Active,0,SW,Southwest,,Crooked Creek,0,303,0,0,303,7,310,PCE,
2011,Middle Kuskokwim Electric,Regulated,1,Electric Co-op,12485,Red Devil,PCE Eligible Active,0,SW,Southwest,,Red Devil,0,106,0,0,106,2,109,PCE,
2011,Middle Kuskokwim Electric,Regulated,1,Electric Co-op,12485,Sleetmute,PCE Eligible Active,0,SW,Southwest,,Sleetmute,0,259,0,0,259,16,275,PCE,
2011,Middle Kuskokwim Electric,Regulated,1,Electric Co-op,12485,Stony River,PCE Eligible Active,0,SW,Southwest,,Stony River,0,128,0,0,128,15,143,PCE,
2011,Naknek Electric Association,Not regulated,1,Electric Co-op,13201,Naknek,PCE Eligible Active,1,SW,Southwest,6301,"Naknek, King Salmon, South Naknek",0,19900,0,0,19900,621,20521,PCE,Provides power to South Naknek and King Salmon via intertie. Data includes South Naknek's and King Salmon's information.
2011,Napakiak Ircinraq,Not regulated,1,Private Electric Utility,13211,Napakiak,PCE Eligible Active,1,SW,Southwest,,Napakiak,0,0,0,0,0,0,0,PCE,Purchases power from Bethel Utilities Corporation
2011,Napaskiak Electric Utility,Not regulated,1,Private Electric Utility,,Napaskiak,PCE Eligible Active,0,SW,Southwest,,Napaskiak,0,979,0,0,979,36,1016,PCE,
2011,Naterkaq Light Plant (City of Chefornak),Not regulated,1,Private Electric Utility,3422,Chefornak,PCE Eligible Active,0,SW,Southwest,,Chefornak,0,1631,0,0,1631,30,1661,PCE,
2011,Native Village of Perryville,"Regulated, rate exemption",1,Private Electric Utility,14832,Perryville,PCE Eligible Active,0,SW,Southwest,,Perryville,0,176,0,16,192,6,198,PCE,
2011,Nelson Lagoon Electrical Coop,Not regulated,1,Electric Co-op,13477,Nelson Lagoon,PCE Eligible Active,0,SW,Southwest,,Nelson Lagoon,0,392,0,0,392,6,398,PCE,
2011,New Koliganek Village Council,"Regulated, rate exemption",1,Private Electric Utility,,Koliganek,PCE Eligible Active,0,SW,Southwest,,Koliganek,0,648,0,0,648,22,670,PCE,
2011,"Nikolai, City of",Not regulated,1,Public Electric Utility,,Nikolai,PCE Eligible Active,0,SW,Southwest,,Nikolai,0,399,0,0,399,17,416,PCE,
2011,Nome Joint Utility Systems,Not regulated,1,Private Electric Utility,13642,Snake River,PCE Eligible Active,0,AN,Arctic Northwest,90,Nome,0,33500,0,0,33500,1545,35045,PCE,
2011,North Slope Borough Power & Light,Not regulated,1,Public Electric Utility,26616,Anaktuvuk Pass,PCE Eligible Active,0,AN,Arctic Northwest,7487,Anaktuvuk Pass,0,3599,0,0,3599,206,3805,EIA,
2011,North Slope Borough Power & Light,Not regulated,1,Public Electric Utility,26616,Atqasuk,PCE Eligible Active,0,AN,Arctic Northwest,7482,Atqasuk,0,3241,0,0,3241,101,3342,EIA,
2011,North Slope Borough Power & Light,Not regulated,1,Public Electric Utility,26616,Kaktovik,PCE Eligible Active,0,AN,Arctic Northwest,7483,Kaktovik,0,4550,0,0,4550,201,4751,EIA,
2011,North Slope Borough Power & Light,Not regulated,1,Public Electric Utility,26616,Nuiqsut,PCE Eligible Active,0,AN,Arctic Northwest,7484,Nuiqsut,0,3229,0,0,3229,391,3620,EIA,
2011,North Slope Borough Power & Light,Not regulated,1,Public Electric Utility,26616,Point Hope,PCE Eligible Active,0,AN,Arctic Northwest,7485,Point Hope,0,6153,0,0,6153,378,6531,EIA,
2011,North Slope Borough Power & Light,Not regulated,1,Public Electric Utility,26616,Point Lay,PCE Eligible Active,0,AN,Arctic Northwest,7486,Point Lay,0,3085,0,0,3085,345,3430,EIA,
2011,North Slope Borough Power & Light,Not regulated,1,Public Electric Utility,26616,Wainwright,PCE Eligible Active,0,AN,Arctic Northwest,7488,Wainwright,0,6258,0,0,6258,324,6582,EIA,
2011,Nunam Iqua Electric Company,Not regulated,1,Public Electric Utility,,Sheldon Point,PCE Eligible Active,0,YU,Yukon,,Nunam Iqua,0,829,0,0,829,25,854,PCE,
2011,Nushagak Electric Cooperative,Not regulated,1,Electric Co-op,13870,Dillingham,PCE Eligible Active,1,SW,Southwest,109,"Dillingham, Aleknagik",0,18800,0,0,18800,90,18890,PCE,Provides power to Aleknagik via intertie. Data includes Aleknagik's information.
2011,"Ouzinkie, City of",Not regulated,1,Public Electric Utility,14234,Ouzinkie,PCE Eligible Active,0,SC,Southcentral,,Ouzinkie,0,329,0,0,329,6,335,PCE,
2011,Pedro Bay Village Council,"Regulated, rate exemption",1,Private Electric Utility,14633,Pedro Bay,PCE Eligible Active,0,SW,Southwest,,Pedro Bay,0,212,0,0,212,12,224,PCE,
2011,Pelican Utility,Not regulated,1,Public Electric Utility,29297,Pelican,PCE Eligible Active,0,SE,Southeast,6702,Pelican,0,799,0,0,799,41,839,PCE,
2011,"Petersburg, City of",Not regulated,1,Public Electric Utility,14856,Blind Slough,PCE Ineligible,1,SE,Southeast,91,Petersburg,0,618,10803,0,11421,83,11504,EIA,
2011,Pilot Point Electric Utility,Not regulated,1,Public Electric Utility,,Pilot Point,PCE Eligible Active,0,SW,Southwest,,Pilot Point,0,443,0,6,449,21,469,PCE,
2011,"Platinum, City of",Not regulated,1,Public Electric Utility,,Platinum,PCE Eligible Inactive,0,SW,Southwest,,Platinum,0,0,0,0,0,0,0,PCE,
2011,Port Heiden Utilities,Not regulated,1,Public Electric Utility,,Port Heiden,PCE Eligible Active,0,SW,Southwest,,Port Heiden,0,490,0,0,490,26,516,PCE,
2011,Puvurnaq Power Company,"Regulated, rate exemption",1,Private Electric Utility,,Kongiganak,PCE Eligible Active,0,SW,Southwest,,Kongiganak,0,672,0,44,716,403,1119,PCE,
2011,Rampart Village Council,Not regulated,,Public Electric Utility,,Rampart,PCE Eligible Inactive,0,YU,Yukon,,Rampart,0,0,0,0,0,0,0,PCE,
2011,"Ruby, City of",Not regulated,1,Public Electric Utility,,Ruby,PCE Eligible Active,0,YU,Yukon,,Ruby,0,733,0,0,733,11,743,PCE,
2011,"Saint George, City of",Not regulated,1,Public Electric Utility,,Saint George,PCE Eligible Active,0,SW,Southwest,,Saint George,0,421,0,0,421,30,451,PCE,
2011,Saint Paul Municipal Electric,Not regulated,1,Public Electric Utility,17898,Saint Paul,PCE Eligible Active,0,SW,Southwest,,Saint Paul,0,4296,0,0,4296,159,4455,PCE,
2011,"Seward, City of",Not regulated,1,Public Electric Utility,16955,Seward,PCE Ineligible,1,SC,Southcentral,92,Seward,0,44,0,0,44,,,EIA,
2011,"Sitka, City & Borough of",Not regulated,1,Public Electric Utility,17271,Blue Lake,PCE Ineligible,0,SE,Southeast,93,Sitka,0,0,56154,0,56154,325,56479,EIA,
2011,"Sitka, City & Borough of",Not regulated,1,Public Electric Utility,17271,Green Lake,PCE Ineligible,0,SE,Southeast,313,Sitka,0,0,58996,0,58996,283,59279,EIA,
2011,"Sitka, City & Borough of",Not regulated,1,Public Electric Utility,17271,Jarvis Street,PCE Ineligible,0,SE,Southeast,6801,Sitka,0,1386,0,0,1386,1177,2563,EIA,
2011,Takotna Community Assoc Inc,Not regulated,1,Public Electric Utility,,Takotna,PCE Eligible Active,0,SW,Southwest,,Takotna,0,195,0,0,195,24,218,PCE,
2011,Tanalian Electric Cooperative,Not regulated,1,Public Electric Utility,,Port Alsworth,PCE Eligible Active,0,SW,Southwest,,Port Alsworth,0,648,0,0,648,16,664,PCE,
2011,Tanana Power Company Inc,Regulated,1,Private Electric Utility,18474,Tanana,PCE Eligible Active,0,YU,Yukon,,Tanana,0,1147,0,0,1147,33,1180,PCE,
2011,Tatitlek Village Ira Council,Regulated,1,Private Electric Utility,18480,Tatitlek,PCE Eligible Active,0,SC,Southcentral,,Tatitlek,0,472,0,0,472,44,516,PCE,
2011,TDX Adak Generating LLC,Regulated,1,Public Electric Utility,,Adak,PCE Eligible Active,0,SW,Southwest,,Adak,0,1908,0,0,1908,,,PCE,
2011,TDX Corporation,Regulated,1,Private Electric Utility,,Sand Point,PCE Eligible Active,0,SW,Southwest,,Sand Point,0,4314,0,0,4314,143,4457,PCE,
2011,TDX Manley Generating LLC,Regulated,1,Private Electric Utility,56503,Manley Hot Springs,PCE Eligible Active,0,YU,Yukon,11591,Manley Hot Springs,0,434,0,0,434,11,445,PCE,
2011,"Tenakee Springs, City of",Not regulated,1,Public Electric Utility,18541,Tenakee Springs,PCE Eligible Active,0,SE,Southeast,,Tenakee Springs,0,416,0,0,416,3,420,PCE,
2011,Tuluksak Traditional,"Regulated, rate exemption",1,Private Electric Utility,,Tuluksak,PCE Eligible Active,0,SW,Southwest,,Tuluksak,0,607,0,0,607,44,651,PCE,
2011,Tuntutuliak Community,"Regulated, rate exemption",1,Electric Co-op,19267,Tuntutuliak,PCE Eligible Active,0,SW,Southwest,,Tuntutuliak,0,971,0,0,971,33,1004,PCE,
2011,Twin Hills Village Council,Not regulated,1,Private Electric Utility,,Twin Hills,PCE Eligible Active,0,SW,Southwest,,Twin Hills,0,282,0,0,282,30,312,PCE,
2011,Umnak Power Company,Not regulated,1,Private Electric Utility,,Nikolski,PCE Eligible Active,0,SW,Southwest,,Nikolski,0,212,0,1,212,25,237,PCE,
2011,Unalakleet Valley Electric Cooperative,Regulated,1,Electric Co-op,40548,Unalakleet,PCE Eligible Active,0,AN,Arctic Northwest,6299,Unalakleet,0,3498,0,921,4419,80,4499,PCE,
2011,"Unalaska, City of",Not regulated,1,Public Electric Utility,19454,,,,,,,Unalaska,0,43500,0,0,43500,1235,44735,PCE,Includes Unalaska Power Module and Dutch Harbor plants
2011,Ungusraq Power Company,Not regulated,1,Private Electric Utility,,Newtok,PCE Eligible Active,0,SW,Southwest,,Newtok,0,427,0,0,427,4,431,PCE,
2011,Venetie Village Electric,"Regulated, rate exemption",1,Private Electric Utility,,Venetie,PCE Eligible Active,0,YU,Yukon,,Venetie,0,0,0,0,0,0,0,PCE,
2011,"White Mountain, City of",Not regulated,1,Public Electric Utility,20535,White Mountain,PCE Eligible Active,0,AN,Arctic Northwest,,White Mountain,0,369,0,0,369,12,382,PCE,
2011,"Wrangell, City of",Not regulated,1,Public Electric Utility,21015,Wrangell,PCE Ineligible,1,SE,Southeast,95,Wrangell,0,1374,0,0,1374,645,2019,EIA,
2011,Yakutat Power Inc,Not regulated,1,Public Electric Utility,30150,Yakutat,PCE Eligible Active,0,SE,Southeast,6637,Yakutat,0,6512,0,0,6512,171,6682,PCE,
2012,Akiachak Native Community,Not regulated,1,Private Electric Utility,192,Akiachak,PCE Eligible Active,0,SW,Southwest,,Akiachak,0,1928,,0,1928,34,1962,pce,
2012,Akiak City Council,Not regulated,1,Public Electric Utility,,Akiak,PCE Eligible Active,0,SW,Southwest,,Akiak,0,1182,,0,1182,25,1207,pce,
2012,"Akutan, City of",Not regulated,1,Public Electric Utility,24486,Akutan,PCE Eligible Active,0,SW,Southwest,,Akutan,0,320,365,0,685,46,731,pce,
2012,Alaska Electric Light & Power Company,Regulated,1,Private Electric Utility,213,Annex Creek,PCE Ineligible,0,SE,Southeast,62,Juneau,0,0,21935,0,21935,,,eia,
2012,Alaska Electric Light & Power Company,Regulated,1,Private Electric Utility,213,Auke Bay,PCE Ineligible,0,SE,Southeast,7250,Juneau,561,31,0,0,592,,,eia,
2012,Alaska Electric Light & Power Company,Regulated,1,Private Electric Utility,213,Gold Creek,PCE Ineligible,0,SE,Southeast,63,Juneau,0,0,3987,0,3987,,,eia,
2012,Alaska Electric Light & Power Company,Regulated,1,Private Electric Utility,213,Lake Dorothy,PCE Ineligible,0,SE,Southeast,57085,Juneau,0,0,84467,0,84467,,,eia,
2012,Alaska Electric Light & Power Company,Regulated,1,Private Electric Utility,213,Lemon Creek,PCE Ineligible,0,SE,Southeast,64,Juneau,20,210,0,0,230,,,eia,
2012,Alaska Electric Light & Power Company,Regulated,1,Private Electric Utility,213,Salmon Creek 1,PCE Ineligible,0,SE,Southeast,65,Juneau,0,0,28396,0,28396,,,eia,
2012,Alaska Electric Light & Power Company,Regulated,1,Private Electric Utility,213,Snettisham,PCE Ineligible,0,SE,Southeast,78,Juneau,0,0,290422,0,290422,,,eia,
2012,Alaska Environmental Power LLC,Regulated,1,Independent Power Producer,58488,Delta Wind Farm,PCE Ineligible,1,YU,Yukon,58511,Fairbanks,0,0,0,989,989,0,989,AEA,Independent Power Producer sells power to Golden Valley Electric Association.
2012,Alaska Power & Telephone Company,Regulated,1,Private Electric Utility,219,Allakaket,PCE Eligible Active,1,YU,Yukon,,"Allakaket, Alatna",0,690,,0,690,38,728,pce,
2012,Alaska Power & Telephone Company,Regulated,1,Private Electric Utility,219,Bettles,PCE Eligible Active,1,YU,Yukon,,"Bettles, Evansville",0,582,,0,582,1,583,pce,
2012,Alaska Power & Telephone Company,Regulated,1,Private Electric Utility,219,Black Bear Lake,PCE Eligible Active,1,SE,Southeast,7752,Craig,0,0,19497,0,19497,,,eia,"Communities in the POW service area include: Coffman Cove, Craig, Hollis, Hydaburg, Kasaan, Klawock, Naukati Bay, Thorne Bay, Whales Pass."
2012,Alaska Power & Telephone Company,Regulated,1,Private Electric Utility,219,Craig,PCE Eligible Active,1,SE,Southeast,421,Craig,0,1600,0,0,1600,,,eia,"Communities in the POW service area include: Coffman Cove, Craig, Hollis, Hydaburg, Kasaan, Klawock, Naukati Bay, Thorne Bay, Whales Pass."
2012,Alaska Power & Telephone Company,Regulated,1,Private Electric Utility,219,Eagle,PCE Eligible Active,1,YU,Yukon,,"Eagle, Eagle Village",0,769,,0,769,11,780,pce,
2012,Alaska Power & Telephone Company,Regulated,1,Private Electric Utility,219,False Island,PCE Eligible Active,1,SE,Southeast,56146,Thorne Bay,0,726,0,0,726,,,eia,"Communities in the POW service area include: Coffman Cove, Craig, Hollis, Hydaburg, Kasaan, Klawock, Naukati Bay, Thorne Bay, Whales Pass."
2012,Alaska Power & Telephone Company,Regulated,1,Private Electric Utility,219,Goat Lake,PCE Eligible Active,1,SE,Southeast,7751,Skagway,0,0,16298,0,16298,,,eia,"The Upper Lynn Canal service area includes:
Haines, Skagway and Covenant Life."
2012,Alaska Power & Telephone Company,Regulated,1,Private Electric Utility,219,Haines,PCE Eligible Active,1,SE,Southeast,69,Haines,0,-37,0,0,-37,,,eia,"The Upper Lynn Canal service area includes:
Haines, Skagway and Covenant Life."
2012,Alaska Power & Telephone Company,Regulated,1,Private Electric Utility,219,Healy Lake,PCE Eligible Active,0,YU,Yukon,,Healy Lake,0,77,,0,77,1,78,pce,
2012,Alaska Power & Telephone Company,Regulated,1,Private Electric Utility,219,Hydaburg,PCE Eligible Active,1,SE,Southeast,423,Hydaburg,0,34,0,0,34,,,eia,"Communities in the POW service area include: Coffman Cove, Craig, Hollis, Hydaburg, Kasaan, Klawock, Naukati Bay, Thorne Bay, Whales Pass."
2012,Alaska Power & Telephone Company,Regulated,1,Private Electric Utility,219,Kasidaya Creek,PCE Eligible Active,1,SE,Southeast,56542,Skagway,0,0,6915,0,6915,,,eia,"The Upper Lynn Canal service area includes:
Haines, Skagway and Covenant Life."
2012,Alaska Power & Telephone Company,Regulated,1,Private Electric Utility,219,Naukati Bay,PCE Eligible Active,0,SE,Southeast,,Naukati Bay,0,415,,0,415,9,424,pce,
2012,Alaska Power & Telephone Company,Regulated,1,Private Electric Utility,219,Northway,PCE Eligible Active,1,YU,Yukon,7169,"Northway, Northway Village, Northway Junction",0,1270,,0,1270,19,1289,pce,
2012,Alaska Power & Telephone Company,Regulated,1,Private Electric Utility,219,Skagway,PCE Eligible Active,1,SE,Southeast,66,Skagway,0,-45,3331,0,3286,,,eia,"The Upper Lynn Canal service area includes:
Haines, Skagway and Covenant Life."
2012,Alaska Power & Telephone Company,Regulated,1,Private Electric Utility,219,Slana,PCE Eligible Active,1,YU,Yukon,,Slana,0,1352,,0,1352,19,1371,pce,
2012,Alaska Power & Telephone Company,Regulated,1,Private Electric Utility,219,South Fork,PCE Eligible Active,1,SE,Southeast,56265,Klawock,0,0,6614,0,6614,,,eia,"Communities in the POW service area include: Coffman Cove, Craig, Hollis, Hydaburg, Kasaan, Klawock, Naukati Bay, Thorne Bay, Whales Pass."
2012,Alaska Power & Telephone Company,Regulated,1,Private Electric Utility,219,Thorne Bay Plant,PCE Eligible Active,1,SE,Southeast,7414,Thorne Bay,0,31,0,0,31,,,eia,"Communities in the POW service area include: Coffman Cove, Craig, Hollis, Hydaburg, Kasaan, Klawock, Naukati Bay, Thorne Bay, Whales Pass."
2012,Alaska Power & Telephone Company,Regulated,1,Private Electric Utility,219,Tok,PCE Eligible Active,1,YU,Yukon,406,"Tok, Tanacross",0,10151,,0,10151,139,10290,pce,
2012,Alaska Power & Telephone Company,Regulated,1,Private Electric Utility,219,Viking,PCE Eligible Active,1,SE,Southeast,56147,Craig,0,-34,0,0,-34,,,eia,"Communities in the POW service area include: Coffman Cove, Craig, Hollis, Hydaburg, Kasaan, Klawock, Naukati Bay, Thorne Bay, Whales Pass."
2012,Alaska Power & Telephone Company,Regulated,1,Private Electric Utility,219,Whale Pass,PCE Eligible Active,0,SE,Southeast,,Whale Pass,0,287,,0,287,11,298,pce,
2012,Alaska Village Electric Cooperative,Not regulated,1,Electric Co-op,221,Alakanuk,PCE Eligible Active,0,YU,Yukon,57053,Alakanuk,0,2031,,0,2031,37,2068,pce,
2012,Alaska Village Electric Cooperative,Not regulated,1,Electric Co-op,221,Ambler,PCE Eligible Active,0,AN,Arctic Northwest,,Ambler,0,1312,,0,1312,37,1349,pce,
2012,Alaska Village Electric Cooperative,Not regulated,1,Electric Co-op,221,Anvik,PCE Eligible Active,0,YU,Yukon,,Anvik,0,417,,0,417,13,430,pce,
2012,Alaska Village Electric Cooperative,Not regulated,1,Electric Co-op,221,Brevig Mission,PCE Eligible Active,0,AN,Arctic Northwest,,Brevig Mission,0,1185,,0,1185,51,1236,pce,
2012,Alaska Village Electric Cooperative,Not regulated,1,Electric Co-op,221,Chevak,PCE Eligible Active,0,YU,Yukon,6311,Chevak,0,1767,,822,2589,88,2677,pce,
2012,Alaska Village Electric Cooperative,Not regulated,1,Electric Co-op,221,Eek,PCE Eligible Active,0,SW,Southwest,,Eek,0,818,,0,818,12,830,pce,
2012,Alaska Village Electric Cooperative,Not regulated,1,Electric Co-op,221,Ekwok,PCE Eligible Active,0,SW,Southwest,,Ekwok,0,503,,0,503,50,553,pce,
2012,Alaska Village Electric Cooperative,Not regulated,1,Electric Co-op,221,Elim,PCE Eligible Active,0,AN,Arctic Northwest,57060,Elim,0,1182,,0,1182,16,1198,pce,
2012,Alaska Village Electric Cooperative,Not regulated,1,Electric Co-op,221,Emmonak,PCE Eligible Active,0,YU,Yukon,6314,Emmonak,0,2866,,504,3370,65,3435,pce,
2012,Alaska Village Electric Cooperative,Not regulated,1,Electric Co-op,221,Gambell,PCE Eligible Active,0,AN,Arctic Northwest,57062,Gambell,0,1465,,453,1918,85,2003,pce,
2012,Alaska Village Electric Cooperative,Not regulated,1,Electric Co-op,221,Goodnews Bay,PCE Eligible Active,0,SW,Southwest,,Goodnews Bay,0,830,,0,830,15,845,pce,
2012,Alaska Village Electric Cooperative,Not regulated,1,Electric Co-op,221,Grayling,PCE Eligible Active,0,YU,Yukon,,Grayling,0,563,,0,563,24,587,pce,
2012,Alaska Village Electric Cooperative,Not regulated,1,Electric Co-op,221,Holy Cross,PCE Eligible Active,0,YU,Yukon,,Holy Cross,0,617,,0,617,34,651,pce,
2012,Alaska Village Electric Cooperative,Not regulated,1,Electric Co-op,221,Hooper Bay,PCE Eligible Active,0,YU,Yukon,6319,Hooper Bay,0,2740,,637,3377,62,3439,pce,
2012,Alaska Village Electric Cooperative,Not regulated,1,Electric Co-op,221,Huslia,PCE Eligible Active,0,YU,Yukon,,Huslia,0,1033,,0,1033,21,1054,pce,
2012,Alaska Village Electric Cooperative,Not regulated,1,Electric Co-op,221,Kaltag,PCE Eligible Active,0,YU,Yukon,,Kaltag,0,753,,0,753,19,772,pce,
2012,Alaska Village Electric Cooperative,Not regulated,1,Electric Co-op,221,Kasigluk,PCE Eligible Active,1,SW,Southwest,57066,"Kasigluk, Nunapitchuk",0,2492,,517,3009,97,3106,pce,
2012,Alaska Village Electric Cooperative,Not regulated,1,Electric Co-op,221,Kiana,PCE Eligible Active,0,AN,Arctic Northwest,6323,Kiana,0,1500,,0,1500,36,1536,pce,
2012,Alaska Village Electric Cooperative,Not regulated,1,Electric Co-op,221,Kivalina,PCE Eligible Active,0,AN,Arctic Northwest,57065,Kivalina,0,1208,,0,1208,35,1243,pce,
2012,Alaska Village Electric Cooperative,Not regulated,1,Electric Co-op,221,Kotlik,PCE Eligible Active,0,YU,Yukon,57064,Kotlik,0,2034,,0,2034,54,2088,pce,
2012,Alaska Village Electric Cooperative,Not regulated,1,Electric Co-op,221,Koyuk,PCE Eligible Active,0,AN,Arctic Northwest,57059,Koyuk,0,1324,,0,1324,15,1339,pce,
2012,Alaska Village Electric Cooperative,Not regulated,1,Electric Co-op,221,Marshall,PCE Eligible Active,0,YU,Yukon,,Marshall,0,1627,,0,1627,35,1662,pce,
2012,Alaska Village Electric Cooperative,Not regulated,1,Electric Co-op,221,Mekoryuk,PCE Eligible Active,0,SW,Southwest,,Mekoryuk,0,775,,184,959,67,1026,pce,
2012,Alaska Village Electric Cooperative,Not regulated,1,Electric Co-op,221,Minto,PCE Eligible Active,0,YU,Yukon,,Minto,0,652,,0,652,14,666,pce,
2012,Alaska Village Electric Cooperative,Not regulated,1,Electric Co-op,221,Mountain Village,PCE Eligible Active,0,YU,Yukon,6329,Mountain Village,0,2853,,0,2853,45,2898,pce,
2012,Alaska Village Electric Cooperative,Not regulated,1,Electric Co-op,221,New Stuyahok,PCE Eligible Active,0,SW,Southwest,,New Stuyahok,0,1443,,0,1443,38,1481,pce,
2012,Alaska Village Electric Cooperative,Not regulated,1,Electric Co-op,221,Noatak,PCE Eligible Active,0,AN,Arctic Northwest,57051,Noatak,0,1864,,0,1864,42,1906,pce,
2012,Alaska Village Electric Cooperative,Not regulated,1,Electric Co-op,221,Noorvik,PCE Eligible Active,0,AN,Arctic Northwest,6330,Noorvik,0,2003,,0,2003,33,2036,pce,
2012,Alaska Village Electric Cooperative,Not regulated,1,Electric Co-op,221,Nulato,PCE Eligible Active,0,YU,Yukon,,Nulato,0,1064,,0,1064,20,1084,pce,
2012,Alaska Village Electric Cooperative,Not regulated,1,Electric Co-op,221,Old Harbor,PCE Eligible Active,0,SC,Southcentral,,Old Harbor,0,853,,0,853,29,882,pce,
2012,Alaska Village Electric Cooperative,Not regulated,1,Electric Co-op,221,Pilot Station,PCE Eligible Active,0,YU,Yukon,57058,Pilot Station,0,1814,,0,1814,19,1833,pce,
2012,Alaska Village Electric Cooperative,Not regulated,1,Electric Co-op,221,Quinhagak,PCE Eligible Active,0,SW,Southwest,57057,Quinhagak,0,1381,,536,1917,51,1968,pce,
2012,Alaska Village Electric Cooperative,Not regulated,1,Electric Co-op,221,Russian Mission,PCE Eligible Active,0,YU,Yukon,,Russian Mission,0,1034,,0,1034,20,1054,pce,
2012,Alaska Village Electric Cooperative,Not regulated,1,Electric Co-op,221,Saint Mary's,PCE Eligible Active,1,YU,Yukon,6338,"Saint Mary's, Andreafsky",0,3271,,0,3271,47,3318,pce,
2012,Alaska Village Electric Cooperative,Not regulated,1,Electric Co-op,221,Saint Michael,PCE Eligible Active,0,AN,Arctic Northwest,57061,Saint Michael,0,1798,,0,1798,45,1843,pce,
2012,Alaska Village Electric Cooperative,Not regulated,1,Electric Co-op,221,Savoonga,PCE Eligible Active,0,AN,Arctic Northwest,57052,Savoonga,0,1904,,242,2146,30,2176,pce,
2012,Alaska Village Electric Cooperative,Not regulated,1,Electric Co-op,221,Scammon Bay,PCE Eligible Active,0,YU,Yukon,57056,Scammon Bay,0,1649,,0,1649,32,1681,pce,
2012,Alaska Village Electric Cooperative,Not regulated,1,Electric Co-op,221,Selawik,PCE Eligible Active,0,AN,Arctic Northwest,6341,Selawik,0,3137,,95,3232,51,3283,pce,
2012,Alaska Village Electric Cooperative,Not regulated,1,Electric Co-op,221,Shageluk,PCE Eligible Active,0,YU,Yukon,,Shageluk,0,359,,0,359,9,368,pce,
2012,Alaska Village Electric Cooperative,Not regulated,1,Electric Co-op,221,Shaktoolik,PCE Eligible Active,0,AN,Arctic Northwest,,Shaktoolik,0,813,,148,961,66,1027,pce,
2012,Alaska Village Electric Cooperative,Not regulated,1,Electric Co-op,221,Shishmaref,PCE Eligible Active,0,AN,Arctic Northwest,6345,Shishmaref,0,1600,,0,1600,42,1642,pce,
2012,Alaska Village Electric Cooperative,Not regulated,1,Electric Co-op,221,Shungnak,PCE Eligible Active,1,AN,Arctic Northwest,57063,"Shungnak, Kobuk",0,1574,,0,1574,41,1615,pce,
2012,Alaska Village Electric Cooperative,Not regulated,1,Electric Co-op,221,Stebbins,PCE Eligible Active,0,AN,Arctic Northwest,57055,Stebbins,0,1414,,0,1414,30,1444,pce,
2012,Alaska Village Electric Cooperative,Not regulated,1,Electric Co-op,221,Teller,PCE Eligible Active,0,AN,Arctic Northwest,,Teller,0,819,,0,819,37,856,pce,
2012,Alaska Village Electric Cooperative,Not regulated,1,Electric Co-op,221,Togiak,PCE Eligible Active,0,SW,Southwest,6348,Togiak,0,3032,,0,3032,38,3070,pce,
2012,Alaska Village Electric Cooperative,Not regulated,1,Electric Co-op,221,Toksook Bay,PCE Eligible Active,1,SW,Southwest,57067,Toksook Bay,0,2546,,640,3186,178,3364,pce,
2012,Alaska Village Electric Cooperative,Not regulated,1,Electric Co-op,221,Upper Kalskag,PCE Eligible Active,1,SW,Southwest,57054,Kalskag,0,1411,,0,1411,35,1446,pce,Provides power to Lower Kalskag.
2012,Alaska Village Electric Cooperative,Not regulated,1,Electric Co-op,221,Wales,PCE Eligible Active,0,AN,Arctic Northwest,,Wales,0,585,,0,585,32,617,pce,
2012,Alutiiq Power Company,"Regulated, rate exemption",1,Private Electric Utility,,Karluk,PCE Eligible Active,0,SC,Southcentral,,Karluk,0,266,,0,266,2,268,pce,
2012,Anchorage Municipal Light & Power,Regulated,1,Public Electric Utility,599,Anchorage 1,PCE Ineligible,1,SC,Southcentral,75,Anchorage,54633,0,0,0,54633,,,eia,
2012,Anchorage Municipal Light & Power,Regulated,1,Public Electric Utility,599,Eklutna Lake,PCE Ineligible,1,SC,Southcentral,77,Anchorage,0,0,71126,0,71126,,,eia,Generation from Eklutna Lake is shared by three Railbelt utilities: AML&P (53.3%); CEA (30%) and MEA (16.7%).
2012,Anchorage Municipal Light & Power,Regulated,1,Public Electric Utility,599,George M Sullivan Generation Plant 2,PCE Ineligible,1,SC,Southcentral,6559,Anchorage,1007089,0,0,0,1007089,,,eia,
2012,Aniak Light & Power,Regulated,1,Private Electric Utility,4959,Aniak,PCE Eligible Active,0,SW,Southwest,7182,Aniak,0,2717,,0,2717,41,2758,pce,
2012,"Atka, City of",Not regulated,1,Public Electric Utility,56256,Atka,PCE Eligible Active,0,SW,Southwest,,Atka,0,404,6,0,410,32,442,pce,
2012,Atmautluak Tribal Utilities,Not regulated,1,Private Electric Utility,878,Atmautluak,PCE Eligible Active,0,SW,Southwest,,Atmautluak,0,741,,0,741,19,760,pce,
2012,Aurora Energy LLC Chena,Regulated,1,Independent Power Producer,986,Aurora Energy,PCE Ineligible,1,YU,Yukon,79,Fairbanks,201405,0,0,0,201405,,,eia,
2012,Barrow Utilities & Electric Cooperative Inc.,Not regulated,1,Electric Co-op,1276,Barrow,PCE Ineligible,0,AN,Arctic Northwest,7173,Barrow,49580,0,0,0,49580,,,eia,
2012,Beaver Joint Utilities,Not regulated,1,Private Electric Utility,,Beaver,PCE Eligible Active,0,YU,Yukon,,Beaver,0,328,,0,328,4,332,pce,
2012,Bethel Utilities Corporation,Regulated,1,Private Electric Utility,1651,Bethel,PCE Eligible Active,1,SW,Southwest,6566,"Bethel, Oscarville",0,44177,,0,44177,664,44841,pce,
2012,"Buckland, City of",Not regulated,1,Public Electric Utility,,Buckland,PCE Eligible Active,0,AN,Arctic Northwest,,Buckland,0,1562,,0,1562,40,1602,pce,
2012,Chalkyitsik Village Council,"Regulated, rate exemption",1,Private Electric Utility,,Chalkyitsik,PCE Eligible Active,0,YU,Yukon,,Chalkyitsik,0,290,,0,290,11,301,pce,
2012,Chenega Ira Council,"Regulated, rate exemption",1,Private Electric Utility,,Chenega Bay,PCE Eligible Active,0,SC,Southcentral,,Chenega Bay,0,298,,0,298,10,308,pce,
2012,"Chignik, City of",Not regulated,1,Private Electric Utility,3421,Chignik,PCE Eligible Active,0,SW,Southwest,,Chignik,0,965,,0,965,23,988,pce,
2012,Chignik Lagoon Power Utility,"Regulated, rate exemption",1,Private Electric Utility,,Chignik Lagoon,PCE Eligible Active,0,SW,Southwest,,Chignik Lagoon,0,446,,0,446,16,462,pce,
2012,Chignik Lake Electric Utility,Not regulated,1,Private Electric Utility,,Chignik Lake,PCE Eligible Active,0,SW,Southwest,,Chignik Lake,0,381,,0,381,13,394,pce,
2012,Chitina Electric Inc,Not regulated,1,Private Electric Utility,3465,Chitina,PCE Eligible Active,0,SC,Southcentral,,Chitina,0,529,,0,529,42,571,pce,
2012,Chugach Electric Assn Inc,Regulated,1,Electric Co-op,3522,Beluga,PCE Ineligible,1,SC,Southcentral,96,Anchorage,2009571,0,0,0,2009571,,,eia,"In addition to Anchorage, CEA serves eight communities."
2012,Chugach Electric Assn Inc,Regulated,1,Electric Co-op,3522,Cooper Lake,PCE Ineligible,1,SC,Southcentral,6291,Anchorage,0,0,77589,0,77589,,,eia,"In addition to Anchorage, CEA serves eight communities."
2012,Chugach Electric Assn Inc,Regulated,1,Electric Co-op,3522,International,PCE Ineligible,1,SC,Southcentral,6293,Anchorage,56163,0,0,0,56163,,,eia,"In addition to Anchorage, CEA serves eight communities."
2012,Circle Electric Utility,Not regulated,1,Private Electric Utility,,Circle,PCE Eligible Active,0,YU,Yukon,,Circle,0,394,,0,394,1,395,pce,
2012,Copper Valley Elec Assn Inc,Not regulated,1,Private Electric Utility,4329,Glennallen,PCE Ineligible,1,SC,Southcentral,6305,Glennallen,0,12204,0,0,12204,,,eia,"In addition to Glennallen, the CVEA service area includes 14 communities."
2012,Copper Valley Elec Assn Inc,Not regulated,1,Private Electric Utility,4329,Solomon Gulch,PCE Ineligible,1,SC,Southcentral,390,Valdez,0,0,44135,0,44135,,,eia,"In addition to Valdez, the CVEA service area includes 14 communities."
2012,Copper Valley Elec Assn Inc,Not regulated,1,Private Electric Utility,4329,Valdez,PCE Ineligible,1,SC,Southcentral,6306,Valdez,25,4401,0,0,4426,,,eia,"In addition to Valdez, the CVEA service area includes 14 communities."
2012,Copper Valley Elec Assn Inc,Not regulated,1,Private Electric Utility,4329,Valdez Cogen,PCE Ineligible,1,SC,Southcentral,7841,Valdez,29655,0,0,0,29655,,,eia,"In addition to Valdez, the CVEA service area includes 14 communities."
2012,Cordova Electric Cooperative,Not regulated,1,Electric Co-op,40215,Humpback Creek,PCE Eligible Active,1,SC,Southcentral,7042,"Cordova, Eyak",0,0,3477,0,3477,,,eia,
2012,Cordova Electric Cooperative,Not regulated,1,Electric Co-op,40215,Orca,PCE Eligible Active,1,SC,Southcentral,789,"Cordova, Eyak",0,10786,0,0,10786,,,eia,
2012,Cordova Electric Cooperative,Not regulated,1,Electric Co-op,40215,Power Creek,PCE Eligible Active,1,SC,Southcentral,7862,"Cordova, Eyak",0,0,13297,0,13297,,,eia,
2012,Diomede Joint Utilities,Not regulated,1,Public Electric Utility,,Diomede,PCE Eligible Active,0,AN,Arctic Northwest,,Diomede,0,520,,0,520,31,551,pce,
2012,Egegik Light & Power Co,Not regulated,1,Public Electric Utility,57351,Egegik,PCE Eligible Active,0,SW,Southwest,5553,Egegik,0,608,,0,608,2,610,pce,
2012,Elfin Cove Utility Commission,Not regulated,1,Electric Co-op,5721,Elfin Cove,PCE Eligible Active,0,SE,Southeast,,Elfin Cove,0,263,,0,263,32,295,pce,
2012,"False Pass, City of",Not regulated,1,Public Electric Utility,,False Pass,PCE Eligible Active,0,SW,Southwest,,False Pass,0,576,,0,576,43,619,pce,
2012,Fire Island Wind LLC,Regulated,1,Independent Power Producer,58422,Fire Island,PCE Ineligible,1,SC,Southcentral,58425,Anchorage,0,0,0,18039,18039,0,18039,AEA,Independent Power Producer sells power to Chugach Electric Association.
2012,"Galena, City of",Not regulated,1,Public Electric Utility,6915,Galena,PCE Eligible Active,0,YU,Yukon,7437,Galena,0,5737,,0,5737,165,5902,pce,
2012,G & K Inc,Regulated,1,Private Electric Utility,6866,Cold Bay,PCE Eligible Active,0,SW,Southwest,,Cold Bay,0,2844,,0,2844,164,3008,pce,
2012,Gold Country Energy,Regulated,1,Private Electric Utility,56739,Central,PCE Eligible Active,0,YU,Yukon,6111,Central,0,527,,0,527,15,542,pce,
2012,Golden Valley Elec Assn Inc,Regulated,1,Private Electric Utility,7353,Delta Power,PCE Ineligible,1,YU,Yukon,56325,Fairbanks,-32,0,0,0,-32,,,eia,
2012,Golden Valley Elec Assn Inc,Regulated,1,Private Electric Utility,7353,Eva Creek,PCE Ineligible,1,,,57935,Fairbanks,0,0,0,13359,13359,0,13359,AEA,
2012,Golden Valley Elec Assn Inc,Regulated,1,Private Electric Utility,7353,Fairbanks,PCE Ineligible,1,YU,Yukon,6286,Fairbanks,10729,-62,0,0,10667,,,eia,
2012,Golden Valley Elec Assn Inc,Regulated,1,Private Electric Utility,7353,Healy,PCE Ineligible,1,YU,Yukon,6288,Healy,215407,17,0,0,215424,,,eia,
2012,Golden Valley Elec Assn Inc,Regulated,1,Private Electric Utility,7353,North Pole,PCE Ineligible,1,YU,Yukon,6285,Fairbanks,590971,0,0,0,590971,,,eia,
2012,Golovin Power Utilities,Not regulated,1,Public Electric Utility,,Golovin,PCE Eligible Active,0,AN,Arctic Northwest,,Golovin,0,812,,0,812,27,839,pce,
2012,Gustavus Electric Co,Regulated,1,Private Electric Utility,7822,Gustavus,PCE Eligible Active,0,SE,Southeast,,Gustavus,0,184,1975,0,2159,40,2199,pce,
2012,Gwitchyaa Zhee Utilities Company,Regulated,1,Private Electric Utility,7833,Fort Yukon,PCE Eligible Active,0,YU,Yukon,7174,Fort Yukon,0,3446,,0,3446,43,3489,pce,
2012,Homer Electric Assn Inc,Regulated,1,Private Electric Utility,19558,Bernice Lake,PCE Ineligible,1,SC,Southcentral,6292,Homer,78818,0,0,0,78818,,,eia,
2012,Homer Electric Assn Inc,Regulated,1,Private Electric Utility,19558,Bradley Lake,PCE Ineligible,1,SC,Southcentral,7367,Anchorage,0,0,397373,0,397373,,,eia,Generation from Bradley Lake is shared by six Railbelt utilities: CEA (30.4%); AML&P (25.9%); HEA (12%); MEA (13.8%); Seaward (1%); GVEA (16.9%)
2012,Homer Electric Assn Inc,Regulated,1,Private Electric Utility,19558,Nikiski Co-Generation,PCE Ineligible,1,SC,Southcentral,55966,Homer,239080,0,0,0,239080,,,eia,
2012,Homer Electric Assn Inc,Regulated,1,Private Electric Utility,19558,Seldovia,PCE Ineligible,1,SC,Southcentral,6283,Homer,0,201,0,0,201,,,eia,
2012,Hughes Power & Light,Not regulated,1,Public Electric Utility,9000,Hughes,PCE Eligible Active,0,YU,Yukon,,Hughes,0,397,,0,397,37,434,pce,
2012,Igiugig Electric Company,"Regulated, rate exemption",1,Private Electric Utility,9192,Igiugig,PCE Eligible Active,0,SW,Southwest,,Igiugig,0,335,,0,335,16,351,pce,
2012,"I-N-N Electric Coop, Inc",Not regulated,1,Electric Co-op,9188,Newhalen,PCE Eligible Active,1,SW,Southwest,7183,"Iliamna, Newhalen, Nondalton",0,-337,4259,0,3922,412,4334,pce,
2012,Inside Passage Electric,Regulated,1,Electric Co-op,18963,Angoon,PCE Eligible Active,0,SE,Southeast,7462,Angoon,0,1814,,0,1814,65,1879,pce,
2012,Inside Passage Electric,Regulated,1,Electric Co-op,18963,Chilkat Valley,PCE Eligible Active,1,SE,Southeast,7467,Chilkat Valley,0,,1059,0,1059,63,1122,pce,
2012,Inside Passage Electric,Regulated,1,Electric Co-op,18963,Hoonah,PCE Eligible Active,0,SE,Southeast,7463,Hoonah,0,4668,,0,4668,76,4744,pce,
2012,Inside Passage Electric,Regulated,1,Electric Co-op,18963,Kake,PCE Eligible Active,0,SE,Southeast,7464,Kake,0,2970,,0,2970,49,3019,pce,
2012,Ipnatchiaq Electric Company,Not regulated,1,Private Electric Utility,9416,Deering,PCE Eligible Active,0,AN,Arctic Northwest,,Deering,0,734,,0,734,15,749,pce,
2012,Ketchikan Public Utilities,Not regulated,1,Public Electric Utility,10210,Beaver Falls,PCE Ineligible,1,SE,Southeast,6580,Ketchikan,0,0,47490,0,47490,,,eia,
2012,Ketchikan Public Utilities,Not regulated,1,Public Electric Utility,10210,Ketchikan,PCE Ineligible,1,SE,Southeast,84,Ketchikan,0,0,24125,0,24125,,,eia,
2012,Ketchikan Public Utilities,Not regulated,1,Public Electric Utility,10210,Silvis,PCE Ineligible,1,SE,Southeast,6581,Ketchikan,0,0,13745,0,13745,,,eia,
2012,Ketchikan Public Utilities,Not regulated,1,Public Electric Utility,10210,Swan Lake,PCE Ineligible,1,SE,Southeast,70,"Ketchikan, Petersburg, Wrangell",0,0,80974,0,80974,809,81783,"AEA, SEPA",
2012,Ketchikan Public Utilities,Not regulated,1,Public Electric Utility,10210,S W Bailey,PCE Ineligible,1,SE,Southeast,85,Ketchikan,0,456,0,0,456,,,eia,
2012,"King Cove, City of",Not regulated,1,Public Electric Utility,9897,King Cove,PCE Eligible Active,0,SW,Southwest,7493,King Cove,0,2603,2450,0,5053,73,5126,pce,
2012,Kipnuk Light Plant,Regulated,1,Private Electric Utility,,Kipnuk,PCE Eligible Active,0,SW,Southwest,,Kipnuk,0,1489,,0,1489,20,1509,pce,
2012,Kodiak Electric Assn Inc,Regulated,1,Electric Co-op,10433,Kodiak,PCE Ineligible,1,SC,Southcentral,6281,Kodiak,0,5486,0,0,5486,,,eia,"The KEA service area also includes: Port Lions, Chiniak, Womens Bay and Woody Island."
2012,Kodiak Electric Assn Inc,Regulated,1,Electric Co-op,10433,Nymans Plant,PCE Ineligible,1,SC,Southcentral,7723,Kodiak,0,141,0,0,141,,,eia,"The KEA service area also includes: Port Lions, Chiniak, Womens Bay and Woody Island."
2012,Kodiak Electric Assn Inc,Regulated,1,Electric Co-op,10433,Pillar Mountain,PCE Ineligible,1,SC,Southcentral,57187,Kodiak,0,0,0,16313,16313,,,eia,"The KEA service area also includes: Port Lions, Chiniak, Womens Bay and Woody Island."
2012,Kodiak Electric Assn Inc,Regulated,1,Electric Co-op,10433,Port Lions,PCE Ineligible,1,SC,Southcentral,6282,Kodiak,0,0,0,0,0,,,eia,"The KEA service area also includes: Port Lions, Chiniak, Womens Bay and Woody Island."
2012,Kodiak Electric Assn Inc,Regulated,1,Electric Co-op,10433,Terror Lake,PCE Ineligible,1,SC,Southcentral,71,Kodiak,0,0,131121,0,131121,,,eia,"The KEA service area also includes: Port Lions, Chiniak, Womens Bay and Woody Island."
2012,Kokhanok Village Council,"Regulated, rate exemption",1,Public Electric Utility,10455,Kokhanok,PCE Eligible Active,0,SW,Southwest,,Kokhanok,0,317,,158,475,30,505,pce,
2012,Kotzebue Electric Association,Not regulated,1,Electric Co-op,10451,Kotzebue,PCE Eligible Active,0,AN,Arctic Northwest,6304,Kotzebue,0,19650,,3025,22675,518,23193,pce,
2012,"Koyukuk, City of",Not regulated,1,Public Electric Utility,,Koyukuk,PCE Eligible Active,0,YU,Yukon,,Koyukuk,0,320,,0,320,,320,pce,
2012,Kwethluk Incorporated d/b/a Kuiggluum Kallugvia,Not regulated,1,Private Electric Utility,9832,Kwethluk,PCE Eligible Active,0,SW,Southwest,,Kwethluk,0,1437,,0,1437,41,1478,pce,
2012,Kwigillingok Power Company,Not regulated,1,Private Electric Utility,10491,Kwigillingok,PCE Eligible Active,0,SW,Southwest,,Kwigillingok,0,1097,,6,1103,48,1151,pce,
2012,Larsen Bay Utility Company,Not regulated,1,Public Electric Utility,10716,Larsen Bay,PCE Eligible Active,0,SC,Southcentral,,Larsen Bay,0,199,947,0,1146,19,1165,pce,
2012,Levelock Electrical Coop,Not regulated,1,Electric Co-op,,Levelock,PCE Eligible Active,0,SW,Southwest,,Levelock,0,455,,0,455,41,496,pce,
2012,Lime Village Electric Utility,Not regulated,1,Public Electric Utility,,Lime Village,PCE Eligible Active,0,SW,Southwest,,Lime Village,0,73,,0,73,2,75,pce,
2012,Manokotak Power Company,Not regulated,1,Private Electric Utility,26317,Manokotak,PCE Eligible Active,0,SW,Southwest,,Manokotak,0,1374,,0,1374,58,1432,pce,
2012,Mcgrath Light & Power,Regulated,1,Private Electric Utility,12119,McGrath,PCE Eligible Active,0,SW,Southwest,6555,McGrath,0,2754,,0,2754,63,2817,pce,
2012,Metlakatla Power & Light,Regulated,1,Private Electric Utility,12385,Centennial,PCE Ineligible,0,SE,Southeast,7112,Metlakatla,0,-188,0,0,-188,,,eia,
2012,Metlakatla Power & Light,Regulated,1,Private Electric Utility,12385,Chester Lake,PCE Ineligible,0,SE,Southeast,7168,Metlakatla,0,0,5452,0,5452,,,eia,
2012,Metlakatla Power & Light,Regulated,1,Private Electric Utility,12385,Purple Lake,PCE Ineligible,0,SE,Southeast,6302,Metlakatla,0,0,16157,0,16157,,,eia,
2012,Middle Kuskokwim Electric,Regulated,1,Electric Co-op,12485,Chuathbaluk,PCE Eligible Active,0,SW,Southwest,,Chuathbaluk,0,270,,0,270,0,270,pce,
2012,Middle Kuskokwim Electric,Regulated,1,Electric Co-op,12485,Crooked Creek,PCE Eligible Active,0,SW,Southwest,,Crooked Creek,0,298,,0,298,,298,pce,
2012,Middle Kuskokwim Electric,Regulated,1,Electric Co-op,12485,Red Devil,PCE Eligible Active,0,SW,Southwest,,Red Devil,0,116,,0,116,2,118,pce,
2012,Middle Kuskokwim Electric,Regulated,1,Electric Co-op,12485,Sleetmute,PCE Eligible Active,0,SW,Southwest,,Sleetmute,0,256,,0,256,14,270,pce,
2012,Middle Kuskokwim Electric,Regulated,1,Electric Co-op,12485,Stony River,PCE Eligible Active,0,SW,Southwest,,Stony River,0,138,,0,138,2,140,pce,
2012,Naknek Electric Association,Not regulated,1,Electric Co-op,13201,Naknek,PCE Eligible Active,1,SW,Southwest,6301,"Naknek, South Naknek, King Salmon",0,19344,,0,19344,589,19933,pce,
2012,Napaskiak Electric Utility,Not regulated,1,Private Electric Utility,,Napaskiak,PCE Eligible Active,0,SW,Southwest,,Napaskiak,0,776,,0,776,34,810,pce,
2012,Naterkaq Light Plant (City of Chefornak),Not regulated,1,Private Electric Utility,3422,Chefornak,PCE Eligible Active,0,SW,Southwest,,Chefornak,0,1846,,0,1846,45,1891,pce,
2012,Native Village of Perryville,"Regulated, rate exemption",1,Private Electric Utility,14832,Perryville,PCE Eligible Active,0,SW,Southwest,,Perryville,0,417,,36,453,7,460,pce,
2012,Nelson Lagoon Electrical Coop,Not regulated,1,Electric Co-op,13477,Nelson Lagoon,PCE Eligible Active,0,SW,Southwest,,Nelson Lagoon,0,389,,0,389,3,392,pce,
2012,New Koliganek Village Council,"Regulated, rate exemption",1,Private Electric Utility,,Koliganek,PCE Eligible Active,0,SW,Southwest,,Koliganek,0,656,,0,656,23,679,pce,
2012,"Nikolai, City of",Not regulated,1,Public Electric Utility,,Nikolai,PCE Eligible Active,0,SW,Southwest,,Nikolai,0,409,,0,409,23,432,pce,
2012,Nome Joint Utility Systems,Not regulated,1,Private Electric Utility,13642,Snake River,PCE Eligible Active,0,AN,Arctic Northwest,90,Nome,0,34531,,0,34531,1419,35950,pce,
2012,North Slope Borough Power & Light,Not regulated,1,Public Electric Utility,26616,Anaktuvuk Pass,PCE Eligible Active,0,AN,Arctic Northwest,7487,Anaktuvuk Pass,0,4045,,0,4045,205,4250,pce,
2012,North Slope Borough Power & Light,Not regulated,1,Public Electric Utility,26616,Atqasuk,PCE Eligible Active,0,AN,Arctic Northwest,7482,Atqasuk,0,3523,,0,3523,92,3615,pce,
2012,North Slope Borough Power & Light,Not regulated,1,Public Electric Utility,26616,Kaktovik,PCE Eligible Active,0,AN,Arctic Northwest,7483,Kaktovik,0,5728,,0,5728,172,5900,pce,
2012,North Slope Borough Power & Light,Not regulated,1,Public Electric Utility,26616,Nuiqsut,PCE Eligible Active,0,AN,Arctic Northwest,7484,Nuiqsut,0,3464,0,0,3464,,,eia,
2012,North Slope Borough Power & Light,Not regulated,1,Public Electric Utility,26616,Point Hope,PCE Eligible Active,0,AN,Arctic Northwest,7485,Point Hope,0,6336,,0,6336,343,6679,pce,
2012,North Slope Borough Power & Light,Not regulated,1,Public Electric Utility,26616,Point Lay,PCE Eligible Active,0,AN,Arctic Northwest,7486,Point Lay,0,3227,,0,3227,390,3617,pce,
2012,North Slope Borough Power & Light,Not regulated,1,Public Electric Utility,26616,Wainwright,PCE Eligible Active,0,AN,Arctic Northwest,7488,Wainwright,0,6376,,0,6376,427,6803,pce,
2012,Nunam Iqua Electric Company,Not regulated,1,Public Electric Utility,,Sheldon Point,PCE Eligible Active,0,YU,Yukon,,Nunam Iqua,0,878,,0,878,24,902,pce,
2012,Nushagak Electric Cooperative,Not regulated,1,Electric Co-op,13870,Dillingham,PCE Eligible Active,1,SW,Southwest,109,"Dillingham, Aleknagik",0,19164,,0,19164,187,19351,pce,
2012,"Ouzinkie, City of",Not regulated,1,Public Electric Utility,14234,Ouzinkie,PCE Eligible Active,0,SC,Southcentral,,Ouzinkie,0,538,28,0,566,19,585,pce,
2012,Pedro Bay Village Council,"Regulated, rate exemption",1,Private Electric Utility,14633,Pedro Bay,PCE Eligible Active,0,SW,Southwest,,Pedro Bay,0,192,,0,192,10,202,pce,
2012,Pelican Utility,Not regulated,1,Public Electric Utility,29297,Pelican,PCE Eligible Active,0,SE,Southeast,6702,Pelican,0,820,,0,820,27,847,pce,
2012,"Petersburg, City of",Not regulated,1,Public Electric Utility,14856,Blind Slough,PCE Ineligible,1,SE,Southeast,91,Petersburg,0,807,13259,0,14066,1103,15169,eia,
2012,Pilot Point Electric Utility,Not regulated,1,Public Electric Utility,,Pilot Point,PCE Eligible Active,0,SW,Southwest,,Pilot Point,0,459,,0,459,20,479,pce,
2012,Port Heiden Utilities,Not regulated,1,Public Electric Utility,,Port Heiden,PCE Eligible Active,0,SW,Southwest,,Port Heiden,0,657,,0,657,30,687,pce,
2012,Puvurnaq Power Company,"Regulated, rate exemption",1,Private Electric Utility,,Kongiganak,PCE Eligible Active,0,SW,Southwest,,Kongiganak,0,1009,,188,1197,38,1235,pce,
2012,"Ruby, City of",Not regulated,1,Public Electric Utility,,Ruby,PCE Eligible Active,0,YU,Yukon,,Ruby,0,676,,0,676,24,700,pce,
2012,"Saint George, City of",Not regulated,1,Public Electric Utility,,Saint George,PCE Eligible Active,0,SW,Southwest,,Saint George,0,734,,0,734,53,787,pce,
2012,Saint Paul Municipal Electric,Not regulated,1,Public Electric Utility,17898,Saint Paul,PCE Eligible Active,0,SW,Southwest,,Saint Paul,0,4533,,0,4533,167,4700,pce,
2012,"Seward, City of",Not regulated,1,Public Electric Utility,16955,Seward,PCE Ineligible,1,SC,Southcentral,92,Seward,0,100,0,0,100,,,eia,
2012,"Sitka, City & Borough of",Not regulated,1,Public Electric Utility,17271,Blue Lake,PCE Ineligible,0,SE,Southeast,93,Sitka,0,0,55672,0,55672,,,eia,
2012,"Sitka, City & Borough of",Not regulated,1,Public Electric Utility,17271,Green Lake,PCE Ineligible,0,SE,Southeast,313,Sitka,0,0,57966,0,57966,,,eia,
2012,"Sitka, City & Borough of",Not regulated,1,Public Electric Utility,17271,Jarvis Street,PCE Ineligible,0,SE,Southeast,6801,Sitka,0,1820,0,0,1820,,,eia,
2012,Southeast Alaska Power Agency,,,Independent Power Producer,,Tyee Lake,PCE Ineligible,1,SE,Southeast,,,0,0,100440,0,100440,1056,101496,"AEA, SEPA",
2012,Takotna Community Assoc Inc,Not regulated,1,Public Electric Utility,,Takotna,PCE Eligible Active,0,SW,Southwest,,Takotna,0,200,,0,200,24,224,pce,
2012,Tanalian Electric Cooperative,Not regulated,1,Public Electric Utility,,Port Alsworth,PCE Eligible Active,0,SW,Southwest,,Port Alsworth,0,758,,0,758,18,776,pce,
2012,Tanana Power Company Inc,Regulated,1,Private Electric Utility,18474,Tanana,PCE Eligible Active,0,YU,Yukon,,Tanana,0,1155,,0,1155,40,1195,pce,
2012,Tatitlek Village Ira Council,Regulated,1,Private Electric Utility,18480,Tatitlek,PCE Eligible Active,0,SC,Southcentral,,Tatitlek,0,480,,0,480,48,528,pce,
2012,TDX Adak Generating LLC,Regulated,1,Public Electric Utility,,Adak,PCE Eligible Active,0,SW,Southwest,,Adak,0,3656,,0,3656,,3656,pce,
2012,TDX Corporation,Regulated,1,Private Electric Utility,,Sand Point,PCE Eligible Active,0,SW,Southwest,,Sand Point,0,3898,,0,3898,127,4025,pce,
2012,TDX Manley Generating LLC,Regulated,1,Private Electric Utility,56503,Manley Hot Springs,PCE Eligible Active,0,YU,Yukon,11591,Manley Hot Springs,0,474,,0,474,11,485,pce,
2012,"Tenakee Springs, City of",Not regulated,1,Public Electric Utility,18541,Tenakee Springs,PCE Eligible Active,0,SE,Southeast,,Tenakee Springs,0,417,,0,417,3,420,pce,
2012,Tuluksak Traditional,"Regulated, rate exemption",1,Private Electric Utility,,Tuluksak,PCE Eligible Active,0,SW,Southwest,,Tuluksak,0,635,,0,635,56,691,pce,
2012,Tuntutuliak Community,"Regulated, rate exemption",1,Electric Co-op,19267,Tuntutuliak,PCE Eligible Active,0,SW,Southwest,,Tuntutuliak,0,955,,33,988,32,1020,pce,
2012,Twin Hills Village Council,Not regulated,1,Private Electric Utility,,Twin Hills,PCE Eligible Active,0,SW,Southwest,,Twin Hills,0,296,,0,296,22,318,pce,
2012,Umnak Power Company,Not regulated,1,Private Electric Utility,,Nikolski,PCE Eligible Active,0,SW,Southwest,,Nikolski,0,222,,0,222,22,244,pce,
2012,Unalakleet Valley Electric Cooperative,Regulated,1,Electric Co-op,40548,Unalakleet,PCE Eligible Active,0,AN,Arctic Northwest,6299,Unalakleet,0,3478,,938,4416,69,4485,pce,
2012,"Unalaska, City of",Not regulated,1,Public Electric Utility,19454,Unalaska Power Module,PCE Eligible Active,0,SW,Southwest,7503,Unalaska,0,44073,,0,44073,1196,45269,pce,
2012,Ungusraq Power Company,Not regulated,1,Private Electric Utility,,Newtok,PCE Eligible Active,0,SW,Southwest,,Newtok,0,503,,0,503,5,508,pce,
2012,"White Mountain, City of",Not regulated,1,Public Electric Utility,20535,White Mountain,PCE Eligible Active,0,AN,Arctic Northwest,,White Mountain,0,760,,0,760,28,788,pce,
2012,"Wrangell, City of",Not regulated,1,Public Electric Utility,21015,Wrangell,PCE Ineligible,1,SE,Southeast,95,Wrangell,0,434,0,0,434,604,1038,eia,
2012,Yakutat Power Inc,Not regulated,1,Public Electric Utility,30150,Yakutat,PCE Eligible Active,0,SE,Southeast,6637,Yakutat,0,6133,,0,6133,172,6305,pce,
