name,utility__name,utility__regulatory_status__name,utility__certificate,utility__utility_type__name,utility__eia_operator_id,pce_status__name,intertied,akeps_region__abbreviation,akeps_region__name,eia_plant_id
10 Mile,Inside Passage Electric,Regulated,1,Electric Co-op,18963,PCE Eligible Active,1,SE,Southeast,
Adak,TDX Adak Generating LLC,Regulated,1,Public Electric Utility,,PCE Eligible Active,0,SW,Southwest,
Agrium Kenai Nitrogen Operations,Agrium US Inc,Not regulated,,Industrial,179,PCE Ineligible,1,SC,Southcentral,54452
Akhiok,"Akhiok, City of",Not regulated,1,Public Electric Utility,,PCE Eligible Inactive,0,SC,Southcentral,
Akiachak,Akiachak Native Community,Not regulated,1,Private Electric Utility,192,PCE Eligible Active,0,SW,Southwest,
Akiak,Akiak City Council,Not regulated,1,Public Electric Utility,,PCE Eligible Active,0,SW,Southwest,
Akutan,"Akutan, City of",Not regulated,1,Public Electric Utility,24486,PCE Eligible Active,0,SW,Southwest,
Alakanuk,Alaska Village Electric Cooperative,Not regulated,1,Electric Co-op,221,PCE Eligible Active,0,YU,Yukon,57053
Alaska Environmental,Alaska Environmental Power LLC,Regulated,1,Independent Power Producer,58488,PCE Ineligible,1,YU,Yukon,
Allakaket,Alaska Power & Telephone Company,Regulated,1,Private Electric Utility,219,PCE Eligible Active,1,YU,Yukon,
Ambler,Alaska Village Electric Cooperative,Not regulated,1,Electric Co-op,221,PCE Eligible Active,0,AN,Arctic Northwest,
Anaktuvuk Pass,North Slope Borough Power & Light,Not regulated,1,Public Electric Utility,26616,PCE Eligible Active,0,AN,Arctic Northwest,7487
Anchorage 1,Anchorage Municipal Light & Power,Regulated,1,Public Electric Utility,599,PCE Ineligible,1,SC,Southcentral,75
Angoon,Inside Passage Electric,Regulated,1,Electric Co-op,18963,PCE Eligible Active,0,SE,Southeast,7462
Aniak,Aniak Light & Power,Regulated,1,Private Electric Utility,4959,PCE Eligible Active,0,SW,Southwest,7182
Annex Creek,Alaska Electric Light & Power Company,Regulated,1,Private Electric Utility,213,PCE Ineligible,0,SE,Southeast,62
Anvik,Alaska Village Electric Cooperative,Not regulated,1,Electric Co-op,221,PCE Eligible Active,0,YU,Yukon,
Arctic Village,Arctic Village Electric Company,,1,Electric Co-op,,PCE Eligible Inactive,0,YU,Yukon,
Atka,"Atka, City of",Not regulated,1,Public Electric Utility,56256,PCE Eligible Active,0,SW,Southwest,
Atmautluak,Atmautluak Tribal Utilities,Not regulated,1,Private Electric Utility,878,PCE Eligible Active,0,SW,Southwest,
Atqasuk,North Slope Borough Power & Light,Not regulated,1,Public Electric Utility,26616,PCE Eligible Active,0,AN,Arctic Northwest,7482
Auke Bay,Alaska Electric Light & Power Company,Regulated,1,Private Electric Utility,213,PCE Ineligible,0,SE,Southeast,7250
Aurora Energy,Aurora Energy LLC Chena,Regulated,1,Independent Power Producer,986,PCE Ineligible,1,YU,Yukon,79
AWWU Conduit,Anchorage Municipal Light & Power,Regulated,1,Public Electric Utility,599,PCE Ineligible,1,SC,Southcentral,
Banner Peak Wind Farm,"Banner Wind, LLC",,,Independent Power Producer,,PCE Eligible Active,0,AN,Arctic Northwest,
Barrow,Barrow Utilities & Electric Cooperative Inc.,Not regulated,1,Electric Co-op,1276,PCE Ineligible,0,AN,Arctic Northwest,7173
Battery Energy Storage System,Golden Valley Elec Assn Inc,Regulated,1,Private Electric Utility,7353,PCE Ineligible,1,,,57583
Beaver,Beaver Joint Utilities,Not regulated,1,Private Electric Utility,,PCE Eligible Active,0,YU,Yukon,
Beaver Falls,Ketchikan Public Utilities,Not regulated,1,Public Electric Utility,10210,PCE Ineligible,1,SE,Southeast,6580
Beluga,Chugach Electric Assn Inc,Regulated,1,Electric Co-op,3522,PCE Ineligible,1,SC,Southcentral,96
Bernice Lake,Chugach Electric Assn Inc,Regulated,1,Electric Co-op,3522,PCE Ineligible,1,SC,Southcentral,6292
Bethel,Bethel Utilities Corporation,Regulated,1,Private Electric Utility,1651,PCE Eligible Active,1,SW,Southwest,6566
Bettles,Alaska Power & Telephone Company,Regulated,1,Private Electric Utility,219,PCE Eligible Active,1,YU,Yukon,
Birch Creek,Birch Creek Village Electric,,,Private Electric Utility,1747,PCE Eligible Inactive,0,YU,Yukon,
Black Bear Lake,Alaska Power & Telephone Company,Regulated,1,Private Electric Utility,219,PCE Eligible Active,1,SE,Southeast,7752
Blind Slough,"Petersburg, City of",Not regulated,1,Public Electric Utility,14856,PCE Ineligible,1,SE,Southeast,91
Blue Lake,"Sitka, City & Borough of",Not regulated,1,Public Electric Utility,17271,PCE Ineligible,0,SE,Southeast,93
Bradley Lake,Homer Electric Assn Inc,Regulated,1,Private Electric Utility,19558,PCE Ineligible,1,SC,Southcentral,7367
Brevig Mission,Alaska Village Electric Cooperative,Not regulated,1,Electric Co-op,221,PCE Eligible Active,0,AN,Arctic Northwest,
Buckland,"Buckland, City of",Not regulated,1,Public Electric Utility,,PCE Eligible Active,0,AN,Arctic Northwest,
Centennial,Metlakatla Power & Light,Regulated,1,Private Electric Utility,12385,PCE Ineligible,0,SE,Southeast,7112
Central,Gold Country Energy,Regulated,1,Private Electric Utility,56739,PCE Eligible Active,0,YU,Yukon,6111
Chalkyitsik,Chalkyitsik Village Council,"Regulated, rate exemption",1,Private Electric Utility,,PCE Eligible Active,0,YU,Yukon,
Chefornak,Naterkaq Light Plant (City of Chefornak),Not regulated,1,Private Electric Utility,3422,PCE Eligible Active,0,SW,Southwest,
Chenega Bay,Chenega Ira Council,"Regulated, rate exemption",1,Private Electric Utility,,PCE Eligible Active,0,SC,Southcentral,
Chester Lake,Metlakatla Power & Light,Regulated,1,Private Electric Utility,12385,PCE Ineligible,0,SE,Southeast,7168
Chevak,Alaska Village Electric Cooperative,Not regulated,1,Electric Co-op,221,PCE Eligible Active,0,YU,Yukon,6311
Chignik,"Chignik, City of",Not regulated,1,Private Electric Utility,3421,PCE Eligible Active,0,SW,Southwest,
Chignik Lagoon,Chignik Lagoon Power Utility,"Regulated, rate exemption",1,Private Electric Utility,,PCE Eligible Active,0,SW,Southwest,
Chignik Lake,Chignik Lake Electric Utility,Not regulated,1,Private Electric Utility,,PCE Eligible Active,0,SW,Southwest,
Chilkat Valley,Inside Passage Electric,Regulated,1,Electric Co-op,18963,PCE Eligible Active,1,SE,Southeast,7467
Chistochina,Alaska Power & Telephone Company,Regulated,1,Private Electric Utility,219,PCE Eligible Active,1,YU,Yukon,
Chitina,Chitina Electric Inc,Not regulated,1,Private Electric Utility,3465,PCE Eligible Active,0,SC,Southcentral,
Chuathbaluk,Middle Kuskokwim Electric,Regulated,1,Electric Co-op,12485,PCE Eligible Active,0,SW,Southwest,
Circle,Circle Electric Utility,Not regulated,1,Private Electric Utility,,PCE Eligible Active,0,YU,Yukon,
Clark's Point,"Clark's Point, City of",Not regulated,1,Public Electric Utility,,PCE Eligible Inactive,0,YU,Yukon,
Coffman Cove,Alaska Power & Telephone Company,Regulated,1,Private Electric Utility,219,PCE Eligible Active,1,SE,Southeast,
Cold Bay,G & K Inc,Regulated,1,Private Electric Utility,6866,PCE Eligible Active,0,SW,Southwest,
Cooper Lake,Chugach Electric Assn Inc,Regulated,1,Electric Co-op,3522,PCE Ineligible,1,SC,Southcentral,6291
Craig,Alaska Power & Telephone Company,Regulated,1,Private Electric Utility,219,PCE Eligible Active,1,SE,Southeast,421
Crooked Creek,Middle Kuskokwim Electric,Regulated,1,Electric Co-op,12485,PCE Eligible Active,0,SW,Southwest,
Deadhorse,TDX North Slope Generating Company,Regulated,1,Public Electric Utility,19277,PCE Ineligible,0,SC,Southcentral,
Deering,Ipnatchiaq Electric Company,Not regulated,1,Private Electric Utility,9416,PCE Eligible Active,0,AN,Arctic Northwest,
Delta Power,Golden Valley Elec Assn Inc,Regulated,1,Private Electric Utility,7353,PCE Ineligible,1,YU,Yukon,56325
Delta Wind Farm,Alaska Environmental Power LLC,Regulated,1,Independent Power Producer,58488,PCE Ineligible,1,YU,Yukon,58511
Dillingham,Nushagak Electric Cooperative,Not regulated,1,Electric Co-op,13870,PCE Eligible Active,1,SW,Southwest,109
Diomede,Diomede Joint Utilities,Not regulated,1,Public Electric Utility,,PCE Eligible Active,0,AN,Arctic Northwest,
Dutch Harbor,"Unalaska, City of",Not regulated,1,Public Electric Utility,19454,PCE Ineligible,0,SW,Southwest,7502
Eagle,Alaska Power & Telephone Company,Regulated,1,Private Electric Utility,219,PCE Eligible Active,1,YU,Yukon,
Eek,Alaska Village Electric Cooperative,Not regulated,1,Electric Co-op,221,PCE Eligible Active,0,SW,Southwest,
Egegik,Egegik Light & Power Co,Not regulated,1,Public Electric Utility,57351,PCE Eligible Active,0,SW,Southwest,5553
Eielson AFB Central Heat & Power Plant,US Air Force Eilson AFB,Not regulated,0,Military,22199,PCE Ineligible,1,SC,Southcentral,50392
Eklutna Lake,Anchorage Municipal Light & Power,Regulated,1,Public Electric Utility,599,PCE Ineligible,1,SC,Southcentral,77
Ekwok,Alaska Village Electric Cooperative,Not regulated,1,Electric Co-op,221,PCE Eligible Active,0,SW,Southwest,
Elfin Cove,Elfin Cove Utility Commission,Not regulated,1,Electric Co-op,5721,PCE Eligible Active,0,SE,Southeast,
Elim,Alaska Village Electric Cooperative,Not regulated,1,Electric Co-op,221,PCE Eligible Active,0,AN,Arctic Northwest,57060
Emmonak,Alaska Village Electric Cooperative,Not regulated,1,Electric Co-op,221,PCE Eligible Active,0,YU,Yukon,6314
ESS Battery,Kodiak Electric Assn Inc,Regulated,1,Electric Co-op,10433,PCE Ineligible,0,,,58405
Eva Creek,Golden Valley Elec Assn Inc,Regulated,1,Private Electric Utility,7353,PCE Ineligible,1,,,57935
Fairbanks,Golden Valley Elec Assn Inc,Regulated,1,Private Electric Utility,7353,PCE Ineligible,1,YU,Yukon,6286
Falls Creek,Gustavus Electric Co,Regulated,1,Private Electric Utility,7822,PCE Eligible Active,0,SE,Southeast,
False Island,Alaska Power & Telephone Company,Regulated,1,Private Electric Utility,219,PCE Eligible Active,1,SE,Southeast,56146
False Pass,"False Pass, City of",Not regulated,1,Public Electric Utility,,PCE Eligible Active,0,SW,Southwest,
Fire Island,Fire Island Wind LLC,Regulated,1,Independent Power Producer,58422,PCE Ineligible,1,SC,Southcentral,58425
Fort Greely Power Plant,Doyon Utilities Fort Greely,Not regulated,0,Military,19272,PCE Ineligible,1,SC,Southcentral,54834
Fort Wainwright,Doyon Utilities Fort Wainwright,Not regulated,0,Military,56389,PCE Ineligible,1,SC,Southcentral,50308
Fort Yukon,Gwitchyaa Zhee Utilities Company,Regulated,1,Private Electric Utility,7833,PCE Eligible Active,0,YU,Yukon,7174
Galena,"Galena, City of",Not regulated,1,Public Electric Utility,6915,PCE Eligible Active,0,YU,Yukon,7437
Gambell,Alaska Village Electric Cooperative,Not regulated,1,Electric Co-op,221,PCE Eligible Active,0,AN,Arctic Northwest,57062
George M Sullivan Generation Plant 2,Anchorage Municipal Light & Power,Regulated,1,Public Electric Utility,599,PCE Ineligible,1,SC,Southcentral,6559
Glennallen,Copper Valley Elec Assn Inc,Not regulated,1,Private Electric Utility,4329,PCE Ineligible,1,SC,Southcentral,6305
Goat Lake,Alaska Power & Telephone Company,Regulated,1,Private Electric Utility,219,PCE Eligible Active,1,SE,Southeast,7751
Gold Creek,Alaska Electric Light & Power Company,Regulated,1,Private Electric Utility,213,PCE Ineligible,0,SE,Southeast,63
Golovin,Golovin Power Utilities,Not regulated,1,Public Electric Utility,,PCE Eligible Active,0,AN,Arctic Northwest,
Goodnews Bay,Alaska Village Electric Cooperative,Not regulated,1,Electric Co-op,221,PCE Eligible Active,0,SW,Southwest,
Grayling,Alaska Village Electric Cooperative,Not regulated,1,Electric Co-op,221,PCE Eligible Active,0,YU,Yukon,
Green Lake,"Sitka, City & Borough of",Not regulated,1,Public Electric Utility,17271,PCE Ineligible,0,SE,Southeast,313
Gustavus,Gustavus Electric Co,Regulated,1,Private Electric Utility,7822,PCE Eligible Active,0,SE,Southeast,
Haines,Alaska Power & Telephone Company,Regulated,1,Private Electric Utility,219,PCE Eligible Active,1,SE,Southeast,69
Healy,Golden Valley Elec Assn Inc,Regulated,1,Private Electric Utility,7353,PCE Ineligible,1,YU,Yukon,6288
Healy Lake,Alaska Power & Telephone Company,Regulated,1,Private Electric Utility,219,PCE Eligible Active,0,YU,Yukon,
Hollis,Alaska Power & Telephone Company,Regulated,1,Private Electric Utility,219,PCE Eligible Active,1,SE,Southeast,
Holy Cross,Alaska Village Electric Cooperative,Not regulated,1,Electric Co-op,221,PCE Eligible Active,0,YU,Yukon,
Homer,Homer Electric Assn Inc,Regulated,1,Private Electric Utility,19558,PCE Ineligible,1,SC,Southcentral,
Hoonah,Inside Passage Electric,Regulated,1,Electric Co-op,18963,PCE Eligible Active,0,SE,Southeast,7463
Hooper Bay,Alaska Village Electric Cooperative,Not regulated,1,Electric Co-op,221,PCE Eligible Active,0,YU,Yukon,6319
Hughes,Hughes Power & Light,Not regulated,1,Public Electric Utility,9000,PCE Eligible Active,0,YU,Yukon,
Humpback Creek,Cordova Electric Cooperative,Not regulated,1,Electric Co-op,40215,PCE Eligible Active,1,SC,Southcentral,7042
Huslia,Alaska Village Electric Cooperative,Not regulated,1,Electric Co-op,221,PCE Eligible Active,0,YU,Yukon,
Hydaburg,Alaska Power & Telephone Company,Regulated,1,Private Electric Utility,219,PCE Eligible Active,1,SE,Southeast,423
Igiugig,Igiugig Electric Company,"Regulated, rate exemption",1,Private Electric Utility,9192,PCE Eligible Active,0,SW,Southwest,
International,Chugach Electric Assn Inc,Regulated,1,Electric Co-op,3522,PCE Ineligible,1,SC,Southcentral,6293
Jarvis Street,"Sitka, City & Borough of",Not regulated,1,Public Electric Utility,17271,PCE Ineligible,0,SE,Southeast,6801
JBER Landfill Gas Power Plant,Doyon Utilities LLC,Regulated,1,Independent Power Producer,58368,PCE Ineligible,1,SC,Southcentral,58380
Kake,Inside Passage Electric,Regulated,1,Electric Co-op,18963,PCE Eligible Active,0,SE,Southeast,7464
Kaktovik,North Slope Borough Power & Light,Not regulated,1,Public Electric Utility,26616,PCE Eligible Active,0,AN,Arctic Northwest,7483
Kaltag,Alaska Village Electric Cooperative,Not regulated,1,Electric Co-op,221,PCE Eligible Active,0,YU,Yukon,
Karluk,Alutiiq Power Company,"Regulated, rate exemption",1,Private Electric Utility,,PCE Eligible Active,0,SC,Southcentral,
Kasidaya Creek,Alaska Power & Telephone Company,Regulated,1,Private Electric Utility,219,PCE Eligible Active,1,SE,Southeast,56542
Kasigluk,Alaska Village Electric Cooperative,Not regulated,1,Electric Co-op,221,PCE Eligible Active,1,SW,Southwest,57066
Ketchikan,Ketchikan Public Utilities,Not regulated,1,Public Electric Utility,10210,PCE Ineligible,1,SE,Southeast,84
Kiana,Alaska Village Electric Cooperative,Not regulated,1,Electric Co-op,221,PCE Eligible Active,0,AN,Arctic Northwest,6323
King Cove,"King Cove, City of",Not regulated,1,Public Electric Utility,9897,PCE Eligible Active,0,SW,Southwest,7493
Kipnuk,Kipnuk Light Plant,Regulated,1,Private Electric Utility,,PCE Eligible Active,0,SW,Southwest,
Kivalina,Alaska Village Electric Cooperative,Not regulated,1,Electric Co-op,221,PCE Eligible Active,0,AN,Arctic Northwest,57065
Klawock,Alaska Power & Telephone Company,Regulated,1,Private Electric Utility,219,PCE Eligible Active,1,,,7466
Klukwan,Inside Passage Electric,Regulated,1,Electric Co-op,18963,PCE Eligible Active,1,SE,Southeast,
Kobuk,Kobuk Valley Electric Company,,1,Electric Co-op,,PCE Eligible Active,1,AN,Arctic Northwest,
Kodiak,Kodiak Electric Assn Inc,Regulated,1,Electric Co-op,10433,PCE Ineligible,1,SC,Southcentral,6281
Kokhanok,Kokhanok Village Council,"Regulated, rate exemption",1,Public Electric Utility,10455,PCE Eligible Active,0,SW,Southwest,
Koliganek,New Koliganek Village Council,"Regulated, rate exemption",1,Private Electric Utility,,PCE Eligible Active,0,SW,Southwest,
Kongiganak,Puvurnaq Power Company,"Regulated, rate exemption",1,Private Electric Utility,,PCE Eligible Active,0,SW,Southwest,
Kotlik,Alaska Village Electric Cooperative,Not regulated,1,Electric Co-op,221,PCE Eligible Active,0,YU,Yukon,57064
Kotzebue,Kotzebue Electric Association,Not regulated,1,Electric Co-op,10451,PCE Eligible Active,0,AN,Arctic Northwest,6304
Koyuk,Alaska Village Electric Cooperative,Not regulated,1,Electric Co-op,221,PCE Eligible Active,0,AN,Arctic Northwest,57059
Koyukuk,"Koyukuk, City of",Not regulated,1,Public Electric Utility,,PCE Eligible Active,0,YU,Yukon,
Kwethluk,Kwethluk Incorporated d/b/a Kuiggluum Kallugvia,Not regulated,1,Private Electric Utility,9832,PCE Eligible Active,0,SW,Southwest,
Kwigillingok,Kwigillingok Power Company,Not regulated,1,Private Electric Utility,10491,PCE Eligible Active,0,SW,Southwest,
Lake Dorothy,Alaska Electric Light & Power Company,Regulated,1,Private Electric Utility,213,PCE Ineligible,0,SE,Southeast,57085
Lake Minchumina,Minchumina Power Company,Not regulated,,Private Electric Utility,,PCE Ineligible,0,SW,Southwest,
Larsen Bay,Larsen Bay Utility Company,Not regulated,1,Public Electric Utility,10716,PCE Eligible Active,0,SC,Southcentral,
Lemon Creek,Alaska Electric Light & Power Company,Regulated,1,Private Electric Utility,213,PCE Ineligible,0,SE,Southeast,64
Levelock,Levelock Electrical Coop,Not regulated,1,Electric Co-op,,PCE Eligible Active,0,SW,Southwest,
Lime Village,Lime Village Electric Utility,Not regulated,1,Public Electric Utility,,PCE Eligible Active,0,SW,Southwest,
Manley Hot Springs,TDX Manley Generating LLC,Regulated,1,Private Electric Utility,56503,PCE Eligible Active,0,YU,Yukon,11591
Manokotak,Manokotak Power Company,Not regulated,1,Private Electric Utility,26317,PCE Eligible Active,0,SW,Southwest,
Marshall,Alaska Village Electric Cooperative,Not regulated,1,Electric Co-op,221,PCE Eligible Active,0,YU,Yukon,
McGrath,Mcgrath Light & Power,Regulated,1,Private Electric Utility,12119,PCE Eligible Active,0,SW,Southwest,6555
McRoberts Creek,"Enerdyne, LLC",,,Independent Power Producer,,PCE Ineligible,1,SC,Southcentral,
Mekoryuk,Alaska Village Electric Cooperative,Not regulated,1,Electric Co-op,221,PCE Eligible Active,0,SW,Southwest,
Mentasta Lake,Alaska Power & Telephone Company,Regulated,1,Private Electric Utility,219,PCE Eligible Active,0,YU,Yukon,
Minto,Alaska Village Electric Cooperative,Not regulated,1,Electric Co-op,221,PCE Eligible Active,0,YU,Yukon,
Mountain Village,Alaska Village Electric Cooperative,Not regulated,1,Electric Co-op,221,PCE Eligible Active,0,YU,Yukon,6329
Naknek,Naknek Electric Association,Not regulated,1,Electric Co-op,13201,PCE Eligible Active,1,SW,Southwest,6301
Napakiak,Napakiak Ircinraq,Not regulated,1,Private Electric Utility,13211,PCE Eligible Active,1,SW,Southwest,
Napaskiak,Napaskiak Electric Utility,Not regulated,1,Private Electric Utility,,PCE Eligible Active,0,SW,Southwest,
Naukati Bay,Alaska Power & Telephone Company,Regulated,1,Private Electric Utility,219,PCE Eligible Active,0,SE,Southeast,
Nelson Lagoon,Nelson Lagoon Electrical Coop,Not regulated,1,Electric Co-op,13477,PCE Eligible Active,0,SW,Southwest,
Newhalen,"I-N-N Electric Coop, Inc",Not regulated,1,Electric Co-op,9188,PCE Eligible Active,1,SW,Southwest,7183
New Stuyahok,Alaska Village Electric Cooperative,Not regulated,1,Electric Co-op,221,PCE Eligible Active,0,SW,Southwest,
Newtok,Ungusraq Power Company,Not regulated,1,Private Electric Utility,,PCE Eligible Active,0,SW,Southwest,
Nightmute,Alaska Village Electric Cooperative,Not regulated,1,Electric Co-op,221,PCE Eligible Active,1,SW,Southwest,
Nikiski Co-Generation,Homer Electric Assn Inc,Regulated,1,Private Electric Utility,19558,PCE Ineligible,1,SC,Southcentral,55966
Nikolai,"Nikolai, City of",Not regulated,1,Public Electric Utility,,PCE Eligible Active,0,SW,Southwest,
Nikolski,Umnak Power Company,Not regulated,1,Private Electric Utility,,PCE Eligible Active,0,SW,Southwest,
Noatak,Alaska Village Electric Cooperative,Not regulated,1,Electric Co-op,221,PCE Eligible Active,0,AN,Arctic Northwest,57051
Noorvik,Alaska Village Electric Cooperative,Not regulated,1,Electric Co-op,221,PCE Eligible Active,0,AN,Arctic Northwest,6330
North Pole,Golden Valley Elec Assn Inc,Regulated,1,Private Electric Utility,7353,PCE Ineligible,1,YU,Yukon,6285
Northway,Alaska Power & Telephone Company,Regulated,1,Private Electric Utility,219,PCE Eligible Active,1,YU,Yukon,7169
Nuiqsut,North Slope Borough Power & Light,Not regulated,1,Public Electric Utility,26616,PCE Eligible Active,0,AN,Arctic Northwest,7484
Nulato,Alaska Village Electric Cooperative,Not regulated,1,Electric Co-op,221,PCE Eligible Active,0,YU,Yukon,
Nunapitchuk,Alaska Village Electric Cooperative,Not regulated,1,Electric Co-op,221,PCE Eligible Active,1,SW,Southwest,6333
Nymans Plant,Kodiak Electric Assn Inc,Regulated,1,Electric Co-op,10433,PCE Ineligible,1,SC,Southcentral,7723
Old Harbor,Alaska Village Electric Cooperative,Not regulated,1,Electric Co-op,221,PCE Eligible Active,0,SC,Southcentral,
Orca,Cordova Electric Cooperative,Not regulated,1,Electric Co-op,40215,PCE Eligible Active,1,SC,Southcentral,789
Ouzinkie,"Ouzinkie, City of",Not regulated,1,Public Electric Utility,14234,PCE Eligible Active,0,SC,Southcentral,
Palmer,Matanuska Electric Association,Regulated,1,Electric Co-op,11824,PCE Ineligible,1,SC,Southcentral,
Pedro Bay,Pedro Bay Village Council,"Regulated, rate exemption",1,Private Electric Utility,14633,PCE Eligible Active,0,SW,Southwest,
Pelican,Pelican Utility,Not regulated,1,Public Electric Utility,29297,PCE Eligible Active,0,SE,Southeast,6702
Perryville,Native Village of Perryville,"Regulated, rate exemption",1,Private Electric Utility,14832,PCE Eligible Active,0,SW,Southwest,
Pillar Mountain,Kodiak Electric Assn Inc,Regulated,1,Electric Co-op,10433,PCE Ineligible,1,SC,Southcentral,57187
Pilot Point,Pilot Point Electric Utility,Not regulated,1,Public Electric Utility,,PCE Eligible Active,0,SW,Southwest,
Pilot Station,Alaska Village Electric Cooperative,Not regulated,1,Electric Co-op,221,PCE Eligible Active,0,YU,Yukon,57058
Platinum,"Platinum, City of",Not regulated,1,Public Electric Utility,,PCE Eligible Inactive,0,SW,Southwest,
Point Hope,North Slope Borough Power & Light,Not regulated,1,Public Electric Utility,26616,PCE Eligible Active,0,AN,Arctic Northwest,7485
Point Lay,North Slope Borough Power & Light,Not regulated,1,Public Electric Utility,26616,PCE Eligible Active,0,AN,Arctic Northwest,7486
Port Alsworth,Tanalian Electric Cooperative,Not regulated,1,Public Electric Utility,,PCE Eligible Active,0,SW,Southwest,
Port Heiden,Port Heiden Utilities,Not regulated,1,Public Electric Utility,,PCE Eligible Active,0,SW,Southwest,
Port Lions,Kodiak Electric Assn Inc,Regulated,1,Electric Co-op,10433,PCE Ineligible,1,SC,Southcentral,6282
Power Creek,Cordova Electric Cooperative,Not regulated,1,Electric Co-op,40215,PCE Eligible Active,1,SC,Southcentral,7862
Purple Lake,Metlakatla Power & Light,Regulated,1,Private Electric Utility,12385,PCE Ineligible,0,SE,Southeast,6302
Quinhagak,Alaska Village Electric Cooperative,Not regulated,1,Electric Co-op,221,PCE Eligible Active,0,SW,Southwest,57057
Rampart,Rampart Village Council,Not regulated,,Public Electric Utility,,PCE Eligible Inactive,0,YU,Yukon,
Red Devil,Middle Kuskokwim Electric,Regulated,1,Electric Co-op,12485,PCE Eligible Active,0,SW,Southwest,
Ruby,"Ruby, City of",Not regulated,1,Public Electric Utility,,PCE Eligible Active,0,YU,Yukon,
Russian Mission,Alaska Village Electric Cooperative,Not regulated,1,Electric Co-op,221,PCE Eligible Active,0,YU,Yukon,
Saint George,"Saint George, City of",Not regulated,1,Public Electric Utility,,PCE Eligible Active,0,SW,Southwest,
Saint Mary's,Alaska Village Electric Cooperative,Not regulated,1,Electric Co-op,221,PCE Eligible Active,1,YU,Yukon,6338
Saint Michael,Alaska Village Electric Cooperative,Not regulated,1,Electric Co-op,221,PCE Eligible Active,0,AN,Arctic Northwest,57061
Saint Paul,Saint Paul Municipal Electric,Not regulated,1,Public Electric Utility,17898,PCE Eligible Active,0,SW,Southwest,
Salmon Creek 1,Alaska Electric Light & Power Company,Regulated,1,Private Electric Utility,213,PCE Ineligible,0,SE,Southeast,65
Sand Point,TDX Corporation,Regulated,1,Private Electric Utility,,PCE Eligible Active,0,SW,Southwest,
Savoonga,Alaska Village Electric Cooperative,Not regulated,1,Electric Co-op,221,PCE Eligible Active,0,AN,Arctic Northwest,57052
Scammon Bay,Alaska Village Electric Cooperative,Not regulated,1,Electric Co-op,221,PCE Eligible Active,0,YU,Yukon,57056
Selawik,Alaska Village Electric Cooperative,Not regulated,1,Electric Co-op,221,PCE Eligible Active,0,AN,Arctic Northwest,6341
Seldovia,Homer Electric Assn Inc,Regulated,1,Private Electric Utility,19558,PCE Ineligible,1,SC,Southcentral,6283
Seward,"Seward, City of",Not regulated,1,Public Electric Utility,16955,PCE Ineligible,1,SC,Southcentral,92
Shageluk,Alaska Village Electric Cooperative,Not regulated,1,Electric Co-op,221,PCE Eligible Active,0,YU,Yukon,
Shaktoolik,Alaska Village Electric Cooperative,Not regulated,1,Electric Co-op,221,PCE Eligible Active,0,AN,Arctic Northwest,
Sheldon Point,Nunam Iqua Electric Company,Not regulated,1,Public Electric Utility,,PCE Eligible Active,0,YU,Yukon,
Shishmaref,Alaska Village Electric Cooperative,Not regulated,1,Electric Co-op,221,PCE Eligible Active,0,AN,Arctic Northwest,6345
Shungnak,Alaska Village Electric Cooperative,Not regulated,1,Electric Co-op,221,PCE Eligible Active,1,AN,Arctic Northwest,57063
Silvis,Ketchikan Public Utilities,Not regulated,1,Public Electric Utility,10210,PCE Ineligible,1,SE,Southeast,6581
Skagway,Alaska Power & Telephone Company,Regulated,1,Private Electric Utility,219,PCE Eligible Active,1,SE,Southeast,66
Slana,Alaska Power & Telephone Company,Regulated,1,Private Electric Utility,219,PCE Eligible Active,1,YU,Yukon,
Sleetmute,Middle Kuskokwim Electric,Regulated,1,Electric Co-op,12485,PCE Eligible Active,0,SW,Southwest,
Snake River,Nome Joint Utility Systems,Not regulated,1,Private Electric Utility,13642,PCE Eligible Active,0,AN,Arctic Northwest,90
Snettisham,Alaska Electric Light & Power Company,Regulated,1,Private Electric Utility,213,PCE Ineligible,0,SE,Southeast,78
Solomon Gulch,Copper Valley Elec Assn Inc,Not regulated,1,Private Electric Utility,4329,PCE Ineligible,1,SC,Southcentral,390
Southcentral Power Project,Chugach Electric Assn Inc,Regulated,1,Electric Co-op,3522,PCE Ineligible,0,,,57036
South Fork,Alaska Power & Telephone Company,Regulated,1,Private Electric Utility,219,PCE Eligible Active,1,SE,Southeast,56265
Stebbins,Alaska Village Electric Cooperative,Not regulated,1,Electric Co-op,221,PCE Eligible Active,0,AN,Arctic Northwest,57055
Stevens Village,Stevens Village Ira Council,Not regulated,1,Public Electric Utility,,PCE Eligible Inactive,0,YU,Yukon,
Stony River,Middle Kuskokwim Electric,Regulated,1,Electric Co-op,12485,PCE Eligible Active,0,SW,Southwest,
Swan Lake,Ketchikan Public Utilities,Not regulated,1,Public Electric Utility,10210,PCE Ineligible,1,SE,Southeast,70
S W Bailey,Ketchikan Public Utilities,Not regulated,1,Public Electric Utility,10210,PCE Ineligible,1,SE,Southeast,85
Takotna,Takotna Community Assoc Inc,Not regulated,1,Public Electric Utility,,PCE Eligible Active,0,SW,Southwest,
Tanana,Tanana Power Company Inc,Regulated,1,Private Electric Utility,18474,PCE Eligible Active,0,YU,Yukon,
Tatitlek,Tatitlek Village Ira Council,Regulated,1,Private Electric Utility,18480,PCE Eligible Active,0,SC,Southcentral,
Tazimina,"I-N-N Electric Coop, Inc",Not regulated,1,Electric Co-op,9188,PCE Eligible Active,1,SW,Southwest,
Teller,Alaska Village Electric Cooperative,Not regulated,1,Electric Co-op,221,PCE Eligible Active,0,AN,Arctic Northwest,
Tenakee Springs,"Tenakee Springs, City of",Not regulated,1,Public Electric Utility,18541,PCE Eligible Active,0,SE,Southeast,
Terror Lake,Kodiak Electric Assn Inc,Regulated,1,Electric Co-op,10433,PCE Ineligible,1,SC,Southcentral,71
Tesoro Alaska Company,Tesoro Alaska Company,Not regulated,0,Industrial,18617,PCE Ineligible,0,,,52184
Thorne Bay Plant,Alaska Power & Telephone Company,Regulated,1,Private Electric Utility,219,PCE Eligible Active,1,SE,Southeast,7414
TNSG North Plant,TDX North Slope Generating Company,Regulated,1,Public Electric Utility,19277,PCE Ineligible,0,AN,Arctic Northwest,58278
TNSG South Plant,TDX North Slope Generating Company,Regulated,1,Public Electric Utility,19277,PCE Ineligible,0,AN,Arctic Northwest,58117
Togiak,Alaska Village Electric Cooperative,Not regulated,1,Electric Co-op,221,PCE Eligible Active,0,SW,Southwest,6348
Tok,Alaska Power & Telephone Company,Regulated,1,Private Electric Utility,219,PCE Eligible Active,1,YU,Yukon,406
Toksook Bay,Alaska Village Electric Cooperative,Not regulated,1,Electric Co-op,221,PCE Eligible Active,1,SW,Southwest,57067
Tuluksak,Tuluksak Traditional,"Regulated, rate exemption",1,Private Electric Utility,,PCE Eligible Active,0,SW,Southwest,
Tuntutuliak,Tuntutuliak Community,"Regulated, rate exemption",1,Electric Co-op,19267,PCE Eligible Active,0,SW,Southwest,
Tununak,Alaska Village Electric Cooperative,Not regulated,1,Electric Co-op,221,PCE Eligible Active,1,SW,Southwest,
Twin Hills,Twin Hills Village Council,Not regulated,1,Private Electric Utility,,PCE Eligible Active,0,SW,Southwest,
Tyee Lake,Southeast Alaska Power Agency,,,Independent Power Producer,,PCE Ineligible,1,SE,Southeast,
Unalakleet,Unalakleet Valley Electric Cooperative,Regulated,1,Electric Co-op,40548,PCE Eligible Active,0,AN,Arctic Northwest,6299
Unalaska Power Module,"Unalaska, City of",Not regulated,1,Public Electric Utility,19454,PCE Eligible Active,0,SW,Southwest,7503
Unisea G 2,Unisea Inc,Not regulated,0,Industrial,19553,PCE Ineligible,0,SW,Southwest,54422
University of Alaska Fairbanks,University of Alaska,Not regulated,0,Industrial,19511,PCE Ineligible,1,SC,Southcentral,50711
Upper Kalskag,Alaska Village Electric Cooperative,Not regulated,1,Electric Co-op,221,PCE Eligible Active,1,SW,Southwest,57054
Valdez,Copper Valley Elec Assn Inc,Not regulated,1,Private Electric Utility,4329,PCE Ineligible,1,SC,Southcentral,6306
Valdez Cogen,Copper Valley Elec Assn Inc,Not regulated,1,Private Electric Utility,4329,PCE Ineligible,1,SC,Southcentral,7841
Venetie,Venetie Village Electric,"Regulated, rate exemption",1,Private Electric Utility,,PCE Eligible Active,0,YU,Yukon,
Viking,Alaska Power & Telephone Company,Regulated,1,Private Electric Utility,219,PCE Eligible Active,1,SE,Southeast,56147
Wainwright,North Slope Borough Power & Light,Not regulated,1,Public Electric Utility,26616,PCE Eligible Active,0,AN,Arctic Northwest,7488
Wales,Alaska Village Electric Cooperative,Not regulated,1,Electric Co-op,221,PCE Eligible Active,0,AN,Arctic Northwest,
Westward Seafoods,Westward Seafoods Inc,Not regulated,0,Industrial,20523,PCE Ineligible,0,SW,Southwest,54305
Whale Pass,Alaska Power & Telephone Company,Regulated,1,Private Electric Utility,219,PCE Eligible Active,0,SE,Southeast,
White Mountain,"White Mountain, City of",Not regulated,1,Public Electric Utility,20535,PCE Eligible Active,0,AN,Arctic Northwest,
Wrangell,"Wrangell, City of",Not regulated,1,Public Electric Utility,21015,PCE Ineligible,1,SE,Southeast,95
Yakutat,Yakutat Power Inc,Not regulated,1,Public Electric Utility,30150,PCE Eligible Active,0,SE,Southeast,6637
