community,1991,1992,1993,1994,1995,1996,1997,1998,1999,2000,2001,2002,2003,2004,2005,2006,2007,2008,2009,2010,2011,2012,2013,2014,2015,2016,2017,2018,2019,2020,2021,2022,2023,2024,2025,2026,2027,2028,2029,2030,2031,2032,2033,2034,2035,2036,2037,2038,2039,2040,2041,2042,2043,2044,2045,2046,2047,2048,2049,2050,
Akutan,420,419,420,420,425,418,421,406,408,713,706,739,786,767,750,727,804,757,812,1027,1109,1106,1154,1052,1154,1153,1150,1146,1141,1134,1126,1117,1107,1096,1084,1071,1057,1043,1028,1012,996,980,963,947,930,913,897,880,864,848,832,817,802,788,774,761,748,736,725,714,
Cold Bay,128,128,124,102,93,91,83,77,71,88,77,124,103,99,101,101,87,109,110,108,93,97,85,89,111,112,112,112,112,113,113,112,112,112,112,111,111,110,110,110,109,109,108,107,107,106,106,105,105,104,104,103,103,102,102,102,101,101,101,100,
False Pass,62,68,62,66,73,70,63,58,48,64,69,79,70,64,64,54,46,40,43,35,27,26,40,34,35,35,35,36,36,36,36,36,36,36,36,36,36,36,36,36,36,36,37,37,37,37,37,38,38,39,39,39,40,40,41,41,42,42,43,43,
King Cove,710,723,736,743,707,706,686,692,691,792,699,798,747,748,749,772,801,791,824,938,938,962,934,905,945,950,954,957,960,963,965,966,967,968,968,969,968,968,968,967,966,965,964,963,962,961,960,958,957,956,955,954,953,952,951,950,950,950,949,950,
Nelson Lagoon,87,87,85,86,89,84,87,78,87,83,78,69,62,75,63,64,66,60,58,52,44,46,45,44,53,53,54,54,54,55,55,55,55,56,56,56,56,56,56,56,56,56,55,55,55,55,55,55,55,55,55,55,55,55,55,55,56,56,56,56,
Sand Point,858,870,870,870,829,818,855,817,842,952,921,920,957,918,945,892,1011,965,1051,976,1013,981,1018,946,993,1000,1006,1013,1018,1023,1028,1032,1036,1039,1042,1044,1047,1048,1050,1051,1052,1053,1054,1054,1055,1055,1056,1056,1056,1057,1057,1057,1058,1059,1059,1060,1061,1062,1064,1065,
Adak,4665,4583,4017,627,601,546,0,7,106,316,143,148,62,56,126,105,95,119,105,326,331,321,282,247,329.1964416504,332.3848876953,334.9086914063,336.8395385742,338.232421875,339.1315307617,339.5747070313,339.5966796875,339.2315673828,338.5142211914,337.4811706543,336.1706237793,334.6224365234,332.877746582,330.9782714844,328.9656677246,326.8809204102,324.7636108398,322.6516113281,320.5802612305,318.5823974609,316.6877746582,314.9231567383,313.3121032715,311.875,310.6290893555,309.5888061523,308.7655029297,308.1680908203,307.8029174805,307.6742248535,307.7840881348,308.1329040527,308.7194213867,309.541015625,310.5938110352,
Atka,103,100,100,89,102,107,109,115,105,92,90,99,89,86,82,66,67,66,63,61,56,59,67,70,61,61,61,61,62,62,62,62,63,63,63,63,63,63,64,64,64,64,64,64,64,64,65,65,65,65,65,65,66,66,66,66,67,67,67,67,
Attu Station,,,,,,,,,,20,25,25,26,19,19,19,19,19,19,21,0,0,0,0,21,21,21,20,20,20,20,20,20,20,19,19,19,19,19,19,18,18,18,18,18,17,17,17,17,16,16,16,16,15,15,15,14,14,14,14,
Nikolski,35,39,32,26,26,27,43,35,39,39,30,31,35,30,24,24,24,19,23,18,17,16,18,15,18,18,17,17,17,17,16,16,15,15,15,14,14,13,13,13,12,12,11,11,11,10,10,10,9,9,9,9,8,8,8,8,8,7,7,7,
St. George,135,144,148,154,149,155,154,143,143,152,143,142,139,127,117,107,102,99,97,102,94,84,97,92,104,105,106,107,108,108,109,109,110,110,110,111,111,111,111,111,111,111,111,112,112,112,112,112,112,112,112,113,113,113,114,114,115,115,116,116,
St. Paul,678,714,703,756,757,745,758,736,673,532,522,526,524,475,469,448,428,432,439,479,466,452,453,436,483,487,491,495,500,504,509,513,518,522,526,531,535,539,543,547,551,555,558,562,566,569,573,576,579,582,585,589,592,594,597,600,603,606,608,611,
Unalaska,3365,3686,3835,3939,3939,4089,4225,4270,4178,4283,4310,4144,4528,4552,4544,4310,3949,3889,4092,4376,4590,4763,4735,4689,4495,4510,4521,4530,4535,4537,4536,4532,4524,4514,4501,4486,4469,4449,4428,4406,4382,4357,4331,4305,4279,4252,4226,4199,4174,4149,4125,4102,4080,4059,4039,4021,4005,3989,3976,3964,
Akiachak,487,511,525,527,547,549,554,567,560,585,594,619,625,609,632,619,609,636,624,627,656,662,674,671,639,648,658,668,679,689,700,712,723,734,745,757,768,779,790,801,812,823,834,844,855,865,875,885,895,905,915,924,933,943,952,961,970,978,987,996,
Akiak,290,313,299,307,317,327,327,319,338,309,300,343,343,365,374,359,344,334,339,346,366,360,355,389,351,356,361,365,370,375,379,384,388,393,397,402,407,412,417,422,427,432,437,442,448,453,458,464,469,474,480,485,491,496,501,507,512,518,523,528,
Aniak,513,544,531,534,580,591,584,569,604,572,565,542,544,538,532,521,512,498,494,501,526,540,545,533,511,517,522,527,532,537,541,546,550,555,559,563,568,572,577,581,586,590,595,600,605,609,614,619,624,629,635,640,645,650,655,661,666,671,677,682,
Atmautluak,284,263,275,278,280,305,291,288,296,294,298,284,270,273,287,277,282,280,269,277,275,301,304,319,291,296,301,306,311,316,321,326,331,336,341,346,351,356,361,366,371,377,382,387,392,397,403,408,413,418,424,429,434,439,444,450,455,460,465,470,
Bethel,4753,4817,4957,5046,5071,5077,5297,5446,5471,5471,5482,5774,5934,5938,6046,5908,5747,5776,5966,6080,6182,6100,6271,6241,6544,6625,6703,6777,6848,6916,6982,7045,7106,7166,7225,7283,7340,7398,7456,7515,7574,7635,7696,7759,7823,7889,7956,8024,8094,8165,8237,8311,8386,8462,8538,8616,8694,8774,8853,8933,
Chefornak,325,341,327,352,369,387,404,421,416,394,392,410,417,420,432,429,413,429,430,418,436,433,436,420,417,426,434,442,451,459,466,474,481,489,496,502,509,516,522,528,535,541,547,553,560,566,573,579,586,592,599,606,613,620,627,634,641,649,656,663,
Chuathbaluk,128,101,116,121,124,122,114,113,105,119,109,100,105,109,100,105,96,94,107,118,135,138,127,134,118,120,123,125,128,130,133,135,138,140,143,145,147,149,151,153,155,157,159,161,163,165,167,169,170,172,174,176,177,179,181,183,184,186,188,189,
Crooked Creek,112,106,122,110,135,133,139,141,137,137,130,139,134,133,128,103,108,109,106,105,103,90,93,105,108,108,109,110,111,112,113,115,116,118,119,120,122,123,124,125,126,128,128,129,130,131,132,132,133,134,134,135,135,135,136,136,137,137,138,138,
Eek,282,270,266,271,283,285,276,307,281,280,271,290,290,292,292,287,285,272,283,296,324,338,356,349,299,301,303,306,309,311,314,317,320,324,327,330,333,337,340,343,347,350,353,356,360,363,366,369,372,375,378,380,383,386,388,391,393,396,398,401,
Goodnews Bay,235,244,239,262,250,252,263,256,256,230,229,236,248,241,243,251,242,233,247,243,243,257,267,259,245,248,250,253,256,259,261,264,266,268,270,272,275,277,279,280,282,284,286,288,290,292,294,297,299,301,303,305,307,310,312,314,316,319,321,323,
Kasigluk,457,457,479,487,505,506,513,521,528,543,539,523,521,521,524,527,528,558,548,569,569,593,598,600,578,584,590,597,603,610,617,624,632,639,647,654,662,670,678,687,695,703,712,721,729,738,746,755,763,772,780,788,796,804,812,820,827,834,842,849,
Kipnuk,469,509,498,522,543,550,557,555,573,644,617,638,637,647,669,645,637,664,640,639,644,639,655,643,637,643,650,656,664,671,679,687,695,704,713,721,730,739,748,757,766,775,784,793,801,810,818,826,834,841,849,856,863,869,876,882,889,895,901,906,
Kongiganak,318,313,309,323,336,326,344,346,359,359,369,367,396,402,412,400,415,422,440,439,462,463,456,501,449,453,458,462,467,472,477,482,487,492,498,503,509,515,521,527,533,539,545,551,557,563,569,575,581,587,592,598,603,609,614,619,624,629,634,638,
Kwethluk,555,593,581,613,644,630,664,669,698,713,687,687,697,683,678,675,694,708,692,721,741,750,782,800,732,742,752,763,773,784,794,805,815,826,836,847,857,868,878,889,899,910,920,931,941,951,962,972,982,993,1003,1013,1023,1033,1043,1053,1063,1073,1083,1092,
Kwigillingok,276,300,311,327,329,335,330,325,360,338,353,330,331,346,340,351,332,321,330,321,343,317,348,364,324,326,329,332,335,338,341,344,348,351,355,358,361,365,368,371,375,378,381,384,387,390,393,396,398,401,404,407,409,412,415,417,420,422,425,427,
Lime Village,48,46,49,54,59,45,46,57,62,47,50,43,46,38,32,30,30,18,24,29,22,27,25,29,27,28,28,29,30,30,30,31,31,32,32,32,33,33,33,33,33,33,34,34,34,34,34,35,35,35,35,36,36,37,37,37,38,38,39,39,
Lower Kalskag,305,316,300,310,305,301,280,286,310,267,259,268,274,272,263,281,266,272,271,282,294,305,301,281,286,290,294,298,302,306,310,315,319,323,327,331,335,339,344,348,352,356,360,364,368,373,377,381,385,389,393,397,401,405,408,412,416,420,424,427,
Mekoryuk,191,181,202,205,210,201,192,192,193,210,214,205,205,200,194,222,210,198,177,191,203,210,201,210,193,194,196,197,198,199,200,201,202,203,204,205,206,206,207,208,209,209,210,211,212,213,214,215,216,217,218,219,220,221,222,224,225,226,228,229,
Mertarvik,,,,,,,,,,,,,,,,,,,,0,0,0,0,0,,,,,,,,,,,,,,,,,,,,,,,,,,,,,,,,,,,,,
Napakiak,331,322,331,321,327,341,353,372,363,353,371,354,382,364,378,379,383,355,345,354,360,357,362,387,353,355,358,360,363,367,370,374,377,381,385,389,393,397,401,404,408,412,416,420,423,427,430,434,437,441,444,447,450,453,456,459,462,464,467,470,
Napaskiak,347,356,359,401,398,406,395,392,406,390,416,414,417,431,415,438,410,407,410,405,425,433,442,451,408,414,419,425,431,437,443,449,455,461,467,473,479,485,491,498,504,509,515,521,527,533,539,544,550,556,561,567,572,578,583,588,594,599,604,609,
Newtok,209,251,251,275,274,273,273,263,284,321,320,325,328,307,313,333,349,353,351,354,369,376,400,380,353,356,360,363,367,370,374,378,382,386,390,395,399,404,409,414,419,423,428,433,438,443,448,453,458,463,467,472,477,481,485,490,494,498,502,506,
Nightmute,146,166,183,181,188,199,205,222,230,208,215,227,233,239,241,247,253,260,279,280,293,293,281,274,295,301,307,312,318,324,329,334,340,345,350,355,361,366,371,377,382,388,393,399,404,410,416,421,427,433,439,445,451,457,462,468,474,480,486,491,
Nunapitchuk,383,403,425,433,449,469,484,480,471,466,482,498,478,502,484,507,497,488,483,496,516,548,550,563,500,507,514,521,528,535,542,549,556,562,569,576,583,589,596,603,609,616,623,630,636,643,650,657,664,670,677,684,691,698,704,711,718,724,731,738,
Oscarville,56,54,54,56,55,54,58,61,64,61,64,57,54,48,50,65,73,83,76,70,71,69,60,53,72,73,74,75,76,77,78,79,80,81,82,83,85,86,87,88,89,91,92,93,94,96,97,98,99,100,101,102,103,104,105,106,107,108,109,110,
Platinum,53,59,48,45,45,37,41,41,43,41,44,38,39,38,37,37,34,45,54,61,68,74,63,60,65,65,66,66,66,66,67,67,67,67,67,67,67,68,68,68,68,69,69,70,70,71,71,72,72,73,73,74,74,75,76,76,77,78,78,79,
Quinhagak,503,541,519,522,544,571,568,602,595,555,544,573,577,614,642,649,640,657,680,669,676,688,690,724,679,688,696,705,714,722,731,740,749,758,768,777,787,796,806,816,826,836,846,856,866,876,886,897,907,917,926,936,946,956,965,975,984,993,1002,1011,
Red Devil,49,71,69,76,61,63,49,39,44,48,30,30,37,30,30,24,27,37,33,23,17,19,18,19,23,23,23,23,23,23,22,22,22,22,22,22,22,21,21,21,21,21,21,21,21,20,20,20,20,20,20,20,20,20,20,20,20,20,20,21,
Sleetmute,100,103,117,115,112,110,102,105,103,100,98,95,74,82,96,91,80,75,77,86,94,84,102,99,87,88,88,89,89,90,90,91,91,91,92,92,92,93,93,93,94,94,94,95,95,96,96,97,97,98,98,99,99,100,100,101,102,102,103,104,
Stony River,48,46,49,48,42,43,42,36,35,61,55,57,48,54,42,52,41,50,47,54,46,42,40,34,55,56,57,57,58,59,60,60,61,62,62,63,63,64,65,65,66,67,67,68,69,70,70,71,72,73,74,75,75,76,77,78,79,80,81,82,
Toksook Bay,444,463,462,485,487,485,500,508,513,532,547,550,572,564,598,603,611,606,601,590,597,636,629,623,595,600,605,611,618,625,632,640,648,656,664,673,681,689,698,706,715,723,731,739,746,754,761,768,775,781,788,794,800,805,811,816,821,826,831,836,
Tuluksak,372,375,374,374,387,404,389,419,443,428,423,435,421,419,404,411,397,397,365,373,374,383,379,372,377,382,387,392,397,402,407,412,417,422,427,432,437,442,447,452,456,461,466,470,475,480,484,489,494,498,503,507,512,516,521,525,530,534,538,543,
Tuntutuliak,299,302,319,340,341,333,353,355,350,370,375,377,378,398,396,404,416,411,380,408,429,419,416,437,413,417,422,427,432,437,442,448,453,459,464,470,476,481,487,493,498,504,510,515,521,526,531,537,542,547,552,557,562,566,571,576,580,584,589,593,
Tununak,333,325,333,339,353,326,329,325,331,325,324,320,303,323,321,323,330,321,318,327,340,353,352,384,330,332,334,336,339,341,343,346,348,351,353,356,358,361,364,366,369,371,374,377,379,382,385,387,390,392,395,397,399,402,404,407,409,411,413,416,
Upper Kalskag,197,203,205,200,185,197,201,263,261,230,248,238,220,249,256,247,219,209,196,210,211,213,221,231,206,209,212,215,218,221,224,226,229,232,235,237,240,242,245,247,250,252,255,257,259,262,264,266,269,271,273,276,278,281,283,285,288,290,293,295,
King Salmon,739,808,820,512,426,451,470,479,499,442,383,388,373,380,497,378,399,381,354,374,377,356,337,335,377,379,380,381,382,383,384,384,385,385,385,385,385,385,384,383,383,382,381,380,378,377,376,374,373,371,370,368,366,365,363,362,360,359,357,356,
Naknek,579,606,609,616,612,621,629,662,624,678,660,648,621,626,603,604,567,576,545,544,572,549,521,523,547,548,549,551,552,553,554,555,555,556,556,556,556,556,555,555,554,553,551,550,548,546,544,542,540,537,535,532,530,527,525,522,519,517,514,512,
South Naknek,147,153,141,154,148,155,148,147,132,137,130,130,115,104,93,95,87,93,96,79,76,80,75,84,77,77,77,77,77,77,76,76,76,75,75,74,74,73,72,72,71,70,70,69,68,67,66,65,64,64,63,62,61,60,59,59,58,57,56,56,
Aleknagik,203,192,177,167,179,187,183,202,187,223,219,217,236,229,233,235,224,241,221,219,232,204,211,197,225,226,228,229,230,231,232,233,234,234,235,235,236,236,237,237,238,238,239,239,240,241,241,242,242,243,244,245,246,246,247,248,249,250,251,253,
Clark's Point,55,71,55,61,62,66,66,64,68,75,69,65,66,63,66,70,67,55,62,62,59,59,54,48,61,62,62,62,62,63,63,64,64,65,65,65,66,66,66,67,67,67,67,67,68,68,68,68,68,68,68,67,67,67,67,67,67,67,67,67,
Dillingham,2118,2130,2192,2156,2179,2223,2248,2318,2302,2466,2452,2457,2374,2396,2364,2389,2379,2309,2245,2329,2369,2401,2395,2431,2422,2436,2448,2460,2470,2479,2487,2495,2501,2507,2512,2516,2520,2524,2527,2531,2535,2538,2542,2546,2550,2555,2560,2566,2572,2578,2585,2592,2599,2608,2616,2625,2634,2644,2654,2664,
Ekwok,104,107,129,121,115,116,120,121,125,130,120,118,131,131,123,121,113,128,117,115,123,118,115,119,115,116,116,117,117,118,119,119,120,120,121,122,122,123,123,124,124,124,125,125,125,126,126,126,126,126,127,127,127,127,127,127,127,127,127,127,
Koliganek,190,193,196,206,210,208,193,201,205,182,177,188,200,189,170,167,194,176,185,209,223,222,229,231,216,218,220,222,224,227,229,232,235,237,240,242,245,248,250,252,255,257,259,261,263,265,267,268,270,272,273,274,276,277,278,279,281,282,283,284,
Manokotak,391,400,419,403,402,390,388,396,399,399,409,402,399,400,430,413,416,414,422,442,446,449,492,500,444,448,452,456,460,464,468,473,477,481,484,488,492,495,499,502,505,508,511,514,517,520,523,526,528,531,534,536,539,542,544,547,549,552,554,557,
New Stuyahok,387,408,413,418,423,442,451,457,475,471,487,480,487,468,458,462,438,481,510,510,496,506,499,499,513,516,520,523,526,530,534,537,541,544,548,552,555,559,562,566,570,573,577,580,584,587,590,594,597,600,603,606,609,612,615,618,620,623,626,628,
Portage Creek,5,5,6,6,6,6,14,14,18,36,42,39,45,33,23,11,5,3,3,2,2,2,2,1,2,2,2,2,2,2,2,2,2,2,2,2,2,2,2,2,2,2,2,1,1,1,1,1,1,1,1,1,1,1,1,1,1,1,1,1,
Togiak,610,641,670,657,703,736,760,799,841,809,784,804,815,797,774,775,774,788,808,817,844,870,877,876,825,831,837,843,850,857,865,872,880,887,895,902,910,917,924,932,939,945,952,958,965,971,976,982,987,993,998,1003,1007,1012,1016,1021,1025,1029,1033,1037,
Twin Hills,72,66,70,74,76,67,61,79,76,69,64,78,77,70,73,80,84,78,78,74,80,83,82,87,76,76,77,77,77,77,77,77,77,77,77,77,77,77,77,77,77,77,77,76,76,76,76,76,76,76,76,76,76,77,77,77,77,77,77,78,
Covenant Life,49,47,53,56,59,53,55,56,67,102,79,71,76,75,72,81,77,80,69,86,85,83,65,71,84,84,83,83,83,82,82,81,81,81,81,80,80,80,80,80,79,79,79,79,79,79,79,79,79,79,79,79,79,79,79,79,78,78,78,78,
Excursion Inlet,,,,,,,,,,10,15,10,13,11,11,10,15,15,13,12,15,12,8,9,12,12,13,13,13,13,13,13,14,14,14,14,14,14,15,15,15,15,15,15,16,16,16,16,16,16,17,17,17,17,17,17,17,18,18,18,
Haines,1305,1308,1349,1380,1338,1387,1417,1454,1775,1811,1774,1803,1745,1682,1676,1666,1672,1683,1673,1713,1804,1827,1807,1805,1720,1720,1720,1719,1718,1716,1713,1711,1708,1705,1701,1698,1694,1691,1688,1685,1682,1679,1677,1675,1674,1673,1672,1672,1673,1674,1675,1677,1679,1682,1686,1690,1694,1699,1704,1710,
Lutak,47,48,49,50,49,50,52,53,53,39,44,41,38,42,39,51,47,60,44,49,50,56,67,78,47,47,47,47,47,47,47,47,46,46,45,45,44,43,43,42,41,41,40,39,38,38,37,36,36,35,35,34,34,34,33,33,33,33,32,32,
Mosquito Lake,84,85,87,89,87,90,92,94,94,221,266,266,287,270,264,275,279,315,322,309,311,291,265,262,312,313,314,314,314,314,314,314,313,313,312,311,310,308,307,306,304,303,301,299,298,296,295,293,292,291,290,289,288,287,286,286,286,285,285,285,
Mud Bay,,,,,,,,,,137,160,151,154,162,157,158,165,167,189,212,208,210,198,183,211,212,213,214,215,215,215,215,215,215,214,213,212,212,210,209,208,207,205,204,202,201,199,198,196,195,194,192,191,190,189,188,187,186,186,185,
Juneau city and bor,27579,28253,28448,28454,28700,29230,29713,30021,30189,30711,30482,31047,31364,31213,31340,30943,30350,30554,30946,31275,32379,32806,33030,33026,32212,32359,32493,32615,32724,32821,32905,32977,33036,33084,33120,33146,33161,33166,33163,33152,33133,33108,33078,33042,33002,32959,32913,32864,32815,32764,32712,32661,32609,32559,32509,32460,32413,32367,32323,32281,
Ketchikan,8499,8681,8748,8698,8616,8666,8507,8402,8320,8345,8293,8289,8148,7882,7920,7947,7935,7865,7944,8050,8194,8265,8291,8314,8197,8218,8236,8252,8264,8272,8278,8281,8280,8278,8272,8265,8256,8245,8232,8219,8205,8190,8174,8159,8144,8129,8114,8100,8087,8074,8062,8051,8041,8032,8024,8017,8011,8006,8002,7999,
Loring,,,,,,,,,,,,,,,,,,,,4,4,3,3,3,4,4,4,4,4,4,4,4,4,4,3,3,3,3,3,3,3,3,3,3,3,3,3,3,3,2,2,2,2,2,2,2,2,2,2,2,
Saxman,379,387,390,389,385,387,379,376,371,431,422,412,421,385,401,416,423,410,420,411,436,432,411,419,418,417,417,417,417,417,416,416,416,416,416,415,415,415,414,414,413,413,412,411,410,409,408,407,406,405,403,402,400,399,397,395,394,392,390,388,
Akhiok,85,89,85,84,81,84,100,110,101,80,59,52,55,63,48,48,43,58,64,71,81,87,85,81,69,69,70,70,71,72,72,73,74,74,75,76,76,77,78,78,79,80,80,81,81,82,83,83,84,84,84,85,85,86,86,86,86,87,87,87,
Aleneva,,,,,,,,,,68,83,86,50,35,35,33,42,37,42,37,46,37,44,21,37,37,38,38,38,38,38,38,38,38,38,38,38,38,38,38,39,39,39,39,39,39,39,39,39,39,40,40,40,40,40,40,40,40,40,40,
Chiniak,72,77,78,79,77,74,74,74,75,50,53,56,49,51,53,42,45,45,49,47,44,44,48,48,49,49,49,50,50,50,49,49,49,49,49,49,48,48,48,47,47,46,46,46,45,45,44,44,44,43,43,43,42,42,42,41,41,41,41,40,
Karluk,72,66,64,65,56,57,49,47,41,27,29,27,28,32,35,34,40,38,38,37,36,42,43,43,36,36,36,36,36,37,37,37,37,36,36,36,36,36,36,36,36,36,36,36,36,36,36,35,35,35,35,35,35,34,34,34,34,34,33,33,
Kodiak,6600,7094,7143,7215,7098,6837,6739,6790,6893,6334,6040,6043,6027,6094,6001,5513,5619,6287,6401,6130,6262,6419,6331,6329,6210,6218,6225,6231,6235,6238,6240,6240,6238,6235,6231,6225,6217,6209,6199,6189,6177,6165,6151,6137,6123,6108,6092,6077,6061,6044,6028,6012,5996,5979,5963,5948,5932,5916,5901,5886,
Kodiak Station,1286,2096,1982,2325,2335,2063,1723,1686,1831,1840,1739,1902,2129,1700,1889,1786,1855,1148,1229,1301,1335,1295,1199,1305,1431,1454,1476,1495,1513,1530,1545,1561,1575,1590,1604,1618,1632,1647,1661,1676,1691,1706,1721,1736,1751,1767,1782,1797,1811,1826,1840,1854,1867,1880,1893,1905,1916,1927,1938,1948,
Larsen Bay,162,164,151,140,130,124,119,132,137,115,114,109,97,99,101,87,94,72,85,87,90,92,88,71,89,88,88,87,86,86,85,85,84,83,83,82,82,81,80,80,79,79,78,78,77,77,76,76,75,75,74,74,73,73,72,72,72,71,71,71,
Old Harbor,295,305,306,313,311,314,298,296,276,237,240,233,220,209,214,194,221,205,219,218,213,206,224,213,216,217,217,217,218,218,218,218,219,219,219,218,218,218,218,217,217,216,216,215,215,214,213,212,212,211,210,209,209,208,207,206,206,205,204,203,
Ouzinkie,211,221,228,249,248,260,249,245,256,225,204,188,171,186,188,170,164,165,169,161,179,178,184,171,162,162,163,163,164,164,164,165,165,166,166,166,166,166,166,166,166,166,165,165,165,164,164,163,163,162,162,161,161,160,159,159,158,158,157,157,
Port Lions,240,235,234,236,243,228,238,242,243,256,246,227,233,240,220,196,194,191,202,194,204,201,188,176,192,191,190,190,189,189,189,188,188,188,187,187,186,186,185,184,183,182,181,180,179,178,177,175,174,173,171,170,168,167,165,164,162,161,160,158,
Womens Bay,645,696,700,708,695,669,661,667,675,690,677,674,667,670,680,728,713,748,701,719,727,762,783,783,715,716,717,718,718,718,718,717,716,715,713,711,709,706,703,699,696,692,688,683,679,674,669,664,659,654,648,643,638,633,628,623,618,614,609,605,
Chignik,176,167,178,158,139,104,126,114,103,79,79,83,101,105,112,102,101,77,84,91,98,90,92,96,92,92,92,92,92,92,92,91,91,91,91,91,90,90,90,89,89,88,88,87,86,86,85,84,84,83,82,81,81,80,79,79,78,77,77,76,
Chignik Lagoon,55,58,61,61,68,74,76,72,68,103,106,90,96,86,92,77,73,79,82,78,79,82,78,72,76,76,76,76,76,76,76,75,75,75,75,75,75,75,75,75,75,75,75,75,75,75,74,74,74,74,73,73,73,73,72,72,72,72,71,71,
Chignik Lake,130,135,133,144,153,151,131,136,136,145,134,106,101,97,97,99,98,78,77,73,70,70,76,70,75,75,75,75,75,75,76,76,76,76,76,76,76,76,76,76,76,75,75,75,75,75,75,74,74,74,74,74,73,73,73,73,73,73,72,72,
Egegik,126,130,125,136,138,136,126,130,117,116,80,87,82,77,81,76,63,63,73,109,113,106,112,106,109,109,109,108,108,107,107,106,105,104,103,101,100,99,98,96,95,93,92,90,89,87,86,85,83,82,80,79,78,77,75,74,73,72,71,70,
Igiugig,31,44,43,40,48,47,47,54,62,53,53,41,46,50,44,46,27,33,39,50,44,52,44,53,51,52,52,53,54,54,55,56,56,57,58,58,59,59,60,60,61,61,61,62,62,62,63,63,63,64,64,64,64,65,65,65,65,65,66,66,
Iliamna,95,96,98,101,97,103,97,102,93,102,97,102,97,96,93,91,98,106,106,109,108,110,95,97,108,109,109,110,110,111,111,112,113,113,114,115,116,116,117,118,118,119,119,120,120,121,121,122,122,122,123,123,123,123,124,124,124,124,124,124,
Ivanof Bay,32,41,34,32,28,28,27,32,29,22,17,5,6,11,6,0,0,0,0,7,7,7,7,7,7,7,7,7,7,6,6,6,6,6,6,6,6,6,6,6,6,5,5,5,5,5,5,5,5,5,5,5,5,5,4,4,4,4,4,4,
Kokhanok,152,156,158,164,159,167,167,175,163,174,170,175,176,160,170,160,163,164,170,170,174,169,174,167,170,172,174,176,178,180,182,184,186,188,189,191,192,193,195,196,197,198,199,199,200,201,202,202,203,204,204,205,205,206,207,207,208,208,209,209,
Levelock,105,110,113,105,110,113,115,130,131,122,108,84,73,60,56,64,74,74,95,69,86,88,79,80,68,68,69,69,70,70,70,71,71,71,71,72,72,72,72,72,72,72,72,72,72,72,72,72,72,72,72,72,72,72,71,71,71,71,71,70,
Newhalen,160,164,167,173,168,176,183,191,178,160,157,169,175,190,187,177,196,182,175,190,188,180,218,207,192,195,198,201,204,207,210,213,215,218,221,223,225,228,230,232,234,236,237,239,241,242,244,245,246,248,249,250,251,252,253,254,255,256,257,258,
Nondalton,214,227,228,232,235,234,227,221,224,221,206,199,206,193,188,179,174,175,162,164,159,169,165,164,160,160,161,162,163,164,165,166,167,168,168,169,170,171,171,172,172,172,173,173,173,173,173,173,174,174,173,173,173,173,173,173,173,173,173,173,
Pedro Bay,53,51,49,41,47,40,40,41,36,50,52,49,49,52,71,64,46,55,62,42,47,42,42,47,43,43,42,42,42,43,43,43,43,43,43,44,44,44,44,44,44,44,44,44,44,44,44,44,44,44,44,44,44,44,44,44,43,43,43,43,
Perryville,118,100,106,108,102,101,106,108,102,112,115,113,108,113,118,125,123,139,130,113,124,112,120,101,114,114,115,115,115,115,115,115,115,115,115,115,115,115,115,115,114,114,114,114,114,114,114,114,114,114,114,114,114,114,115,115,115,115,115,115,
Pilot Point,65,76,72,75,74,83,78,87,77,100,87,77,73,80,78,72,66,80,74,68,91,68,70,78,67,68,68,68,68,68,68,68,68,68,68,68,68,68,68,67,67,67,66,66,66,65,65,64,64,63,63,63,62,62,62,61,61,61,60,60,
Pope-Vannoy Landing,,,,,,,,,,8,5,5,10,9,6,6,5,5,5,6,5,6,4,4,6,6,6,6,5,5,5,5,5,5,4,4,4,4,4,4,4,3,3,3,3,3,3,3,3,3,2,2,2,2,2,2,2,2,2,2,
Port Alsworth,54,55,52,56,64,61,68,69,88,104,106,111,107,118,111,119,123,134,129,159,153,166,168,179,165,167,169,171,173,175,176,178,179,181,182,183,185,186,187,189,190,191,193,194,195,196,198,199,200,201,202,203,205,206,207,208,209,210,210,211,
Port Heiden,130,134,132,123,129,142,116,125,125,119,121,113,90,97,98,89,98,105,99,102,99,123,118,114,105,106,106,107,107,108,108,109,110,110,111,111,112,112,113,113,114,114,115,115,116,116,117,117,118,118,118,119,119,119,119,119,120,120,120,120,
Ugashik,5,5,5,5,5,5,5,2,8,11,12,12,12,12,16,18,14,16,16,12,13,13,13,15,12,12,11,11,11,11,10,10,10,10,9,9,9,9,8,8,8,8,7,7,7,7,6,6,6,6,6,5,5,5,5,5,5,5,4,4,
Brevig Mission,220,229,243,258,264,263,259,273,279,276,285,308,313,319,328,325,327,349,358,388,410,416,445,411,393,400,406,413,419,426,433,439,446,454,461,468,476,484,492,501,509,518,526,535,544,553,562,571,580,589,597,606,615,624,632,641,649,658,666,674,
Diomede,175,182,178,170,154,170,173,175,136,146,139,128,137,142,133,112,144,130,118,115,114,121,119,111,114,116,118,120,122,125,127,130,132,135,137,140,142,145,148,151,153,156,159,162,164,167,170,173,175,178,181,183,186,188,191,193,195,198,200,202,
Elim,268,265,275,273,279,286,291,303,306,313,319,344,347,326,311,303,320,291,302,330,333,364,352,350,342,348,354,360,365,371,377,382,388,394,400,406,412,418,425,431,438,445,452,459,467,474,481,489,496,504,512,519,527,534,542,550,557,564,572,579,
Gambell,551,580,589,616,623,633,647,670,668,649,644,644,651,657,667,653,671,683,680,681,676,694,721,713,671,681,691,701,711,721,732,743,754,766,777,789,800,812,824,836,847,859,871,883,895,907,919,930,942,954,965,977,988,1000,1011,1022,1033,1044,1055,1066,
Golovin,145,149,154,157,148,160,150,143,141,144,155,149,156,161,150,154,166,160,154,156,170,173,180,171,157,159,161,163,165,168,170,173,176,178,181,184,187,190,193,196,199,201,204,207,210,212,215,217,220,222,225,227,229,232,234,236,238,240,242,244,
Koyuk,248,272,284,264,258,276,271,293,280,297,324,324,333,340,337,355,330,315,338,332,349,337,341,321,343,348,352,357,363,368,374,379,385,391,398,404,411,418,425,432,439,446,453,460,467,474,481,488,495,502,508,515,521,528,534,540,546,552,558,563,
Nome,3540,3674,3613,3544,3505,3514,3568,3649,3615,3505,3505,3516,3459,3543,3589,3634,3585,3681,3610,3598,3697,3753,3656,3721,3864,3911,3956,4000,4042,4083,4122,4160,4198,4234,4271,4308,4344,4381,4419,4457,4496,4536,4577,4619,4662,4707,4752,4799,4847,4896,4946,4997,5049,5102,5155,5210,5265,5320,5376,5433,
Port Clarence,23,28,28,23,24,24,22,23,22,21,22,22,26,26,25,23,23,23,23,24,0,0,0,0,25,25,26,27,27,28,29,29,30,30,31,31,31,32,32,32,33,33,33,34,34,35,35,35,36,36,37,37,38,38,39,39,40,40,41,41,
Savoonga,543,563,575,572,603,611,619,631,653,643,647,671,681,684,662,670,662,663,660,671,706,711,717,718,689,703,718,732,746,760,773,787,800,812,825,837,849,862,874,886,898,911,923,936,949,962,976,989,1003,1018,1032,1047,1062,1077,1093,1108,1124,1140,1156,1173,
Shaktoolik,188,195,196,208,204,226,224,224,218,230,211,221,228,216,231,222,223,234,245,251,257,275,272,282,260,264,268,271,275,278,282,285,289,292,296,300,304,308,312,316,321,325,330,335,340,344,349,354,359,365,370,375,380,385,390,395,400,405,410,415,
Shishmaref,465,498,525,532,537,535,539,538,556,562,580,578,577,573,556,584,569,543,559,563,572,578,597,607,577,584,591,599,606,614,623,631,640,649,659,669,679,689,699,710,721,731,742,753,764,775,786,797,808,818,829,839,849,859,869,879,889,898,908,917,
St. Michael,298,314,298,324,324,333,337,363,381,368,372,381,400,394,405,419,413,398,407,401,406,404,412,418,417,424,432,439,447,455,463,471,479,487,496,504,513,522,530,539,549,558,567,576,585,595,604,613,622,632,641,650,659,668,677,685,694,703,711,719,
Stebbins,434,455,460,462,477,503,512,550,524,547,595,580,559,575,579,591,572,549,574,556,581,565,592,608,568,579,591,602,613,625,637,649,661,673,686,698,711,724,737,750,764,777,791,804,818,832,845,859,872,886,900,913,926,940,953,966,979,991,1004,1017,
Teller,256,263,268,261,272,283,262,264,266,268,238,245,239,238,258,252,249,251,253,229,243,250,241,256,231,234,238,242,246,250,254,259,263,268,273,278,282,287,292,297,302,306,311,315,320,324,329,333,337,341,345,349,352,356,360,363,367,370,374,377,
Unalakleet,727,748,747,769,753,796,800,783,805,747,732,717,724,711,690,700,690,684,685,688,687,698,700,744,711,718,724,731,738,745,752,758,765,772,779,786,793,800,807,814,822,829,837,844,852,860,868,877,885,893,902,910,919,928,936,945,954,963,972,981,
Wales,158,153,157,163,174,165,163,174,170,152,159,160,160,154,154,142,138,143,153,145,155,151,150,146,144,145,147,149,151,153,156,158,160,162,165,167,170,172,174,177,179,181,184,186,188,191,193,195,197,200,202,204,206,208,210,212,215,217,219,221,
White Mountain,180,176,178,201,205,212,193,190,197,203,204,212,216,216,228,229,219,196,209,190,199,188,197,203,200,203,205,208,210,213,216,219,222,225,228,231,234,237,240,243,246,249,252,255,258,261,264,267,270,273,276,278,281,284,287,289,292,295,297,300,
Alpine,,,,,,,,,,,,,,,,,,,,,,,,,,,,,,,,,,,,,,,,,,,,,,,,,,,,,,,,,,,,,
Anaktuvuk Pass,270,271,295,286,278,306,299,309,314,282,302,308,326,311,321,314,293,303,309,324,324,343,358,324,332,338,343,348,353,358,362,366,370,373,376,380,383,385,388,391,394,397,400,403,406,409,413,416,419,423,427,430,434,438,442,446,451,455,459,463,
Atqasuk,212,217,232,224,230,225,238,259,274,228,236,234,232,224,233,245,231,229,212,233,243,234,248,229,239,241,243,245,246,248,250,251,253,254,256,258,259,261,262,264,266,267,269,271,272,274,276,278,279,281,283,285,286,288,290,291,293,294,296,297,
Barrow,3606,3799,3938,4084,4178,4253,4359,4374,4438,4581,4450,4449,4428,4388,4201,4095,4067,4082,4171,4212,4322,4436,4509,4469,4469,4515,4558,4600,4639,4677,4713,4748,4782,4814,4846,4878,4909,4939,4970,5000,5031,5062,5094,5126,5158,5191,5224,5258,5293,5328,5364,5400,5437,5474,5511,5549,5587,5626,5664,5703,
Kaktovik,218,217,211,209,212,220,230,247,259,293,273,295,280,265,252,259,252,237,245,239,247,245,261,251,239,241,242,244,246,248,250,252,254,255,257,259,260,262,263,264,266,267,268,269,270,271,272,273,274,275,276,277,278,279,280,281,282,283,284,285,
Nuiqsut,387,424,405,413,411,426,435,464,486,433,427,445,419,436,415,422,408,389,410,402,426,427,452,444,411,417,422,427,432,436,441,445,449,452,456,459,463,466,469,473,476,480,483,487,491,495,499,503,507,511,516,520,525,530,534,539,544,549,554,559,
Point Hope,668,689,681,711,717,756,746,781,794,757,708,699,706,706,694,703,666,646,660,674,667,667,683,651,672,679,685,692,698,704,711,717,723,729,735,741,747,754,760,766,772,778,784,790,797,803,809,816,822,828,835,841,847,854,860,867,873,879,886,892,
Point Lay,138,164,163,185,177,182,207,209,217,247,250,245,248,232,218,208,216,218,196,189,184,196,215,189,194,197,199,201,204,206,208,211,213,215,217,219,222,224,226,228,230,233,235,237,239,242,244,246,248,251,253,255,257,260,262,264,266,268,271,273,
Prudhoe Bay,47,47,47,47,47,47,47,47,47,5,2,1,0,0,0,0,0,0,0,2174,2174,2174,2174,2174,2082,2059,2034,2006,1977,1945,1912,1876,1839,1800,1760,1718,1675,1631,1587,1542,1498,1453,1408,1364,1321,1278,1237,1196,1157,1119,1082,1047,1014,981,951,922,894,869,844,821,
Wainwright,496,532,538,538,534,559,552,538,545,546,560,532,546,526,511,506,525,519,536,556,571,564,542,553,565,571,577,583,589,594,600,605,610,615,620,625,630,635,640,645,650,654,659,664,669,674,678,683,688,693,698,702,707,712,717,722,727,731,736,741,
Ambler,300,309,293,332,311,303,331,313,286,309,283,294,289,274,281,274,274,255,258,258,271,270,262,274,264,266,267,269,271,273,275,277,279,282,284,287,289,292,295,298,300,303,306,309,312,315,317,320,323,326,328,331,333,336,338,341,343,346,348,350,
Buckland,349,371,386,386,409,411,415,406,428,406,399,416,395,418,410,390,424,418,392,416,439,452,487,482,428,434,440,446,453,460,467,475,482,490,497,504,512,519,526,533,540,547,554,560,567,573,579,585,591,597,603,608,614,619,624,629,634,639,643,648,
Deering,154,163,159,156,151,142,159,154,148,136,138,131,134,149,144,143,139,140,126,122,124,143,138,152,124,125,126,128,129,130,131,132,133,134,135,136,137,138,139,140,141,142,143,144,145,146,147,148,149,151,152,153,154,155,156,157,159,160,161,162,
Kiana,401,402,395,413,415,397,413,403,398,388,401,395,401,387,370,385,374,366,356,361,368,383,406,403,366,368,371,375,378,382,385,389,393,398,402,406,410,414,419,423,427,431,435,439,443,447,451,455,459,462,466,470,473,477,480,484,487,490,494,497,
Kivalina,330,371,367,377,347,355,351,350,366,377,380,374,374,372,363,365,366,370,370,374,384,401,402,411,383,390,396,402,409,415,422,428,435,441,448,455,461,468,475,482,489,496,503,510,517,524,531,538,545,552,559,566,573,580,586,593,600,606,612,619,
Kobuk,77,67,69,61,81,79,88,102,94,109,96,108,129,131,138,143,127,118,133,151,141,141,159,152,151,153,154,156,158,160,163,165,167,169,171,173,175,178,180,182,184,187,189,191,193,196,198,200,202,205,207,209,211,213,215,217,219,221,223,225,
Kotzebue,2786,2927,2969,2904,2876,2827,2907,2942,2932,3082,3082,3116,3123,3218,3216,3212,3248,3272,3331,3201,3223,3230,3199,3153,3437,3480,3522,3562,3601,3639,3675,3710,3744,3778,3810,3843,3875,3908,3940,3973,4006,4040,4074,4110,4146,4182,4220,4258,4298,4337,4378,4419,4461,4503,4546,4590,4633,4677,4721,4765,
Noatak,343,380,359,385,413,411,399,410,423,428,438,456,469,451,475,471,490,515,490,514,546,567,562,556,525,531,537,543,549,556,562,569,576,582,589,596,603,610,617,624,631,638,645,652,659,667,674,681,688,695,701,708,715,721,728,734,741,747,753,759,
Noorvik,513,545,530,574,580,573,570,601,632,634,642,674,644,607,622,628,625,631,619,668,642,625,641,639,685,691,698,706,713,721,729,737,745,753,762,771,779,788,797,806,815,825,834,843,852,861,870,879,888,897,905,914,922,930,938,946,954,962,970,977,
Red Dog Mine,,,,,,,,,,32,32,32,32,32,32,32,32,32,32,309,309,309,309,309,307,305,302,300,297,294,290,287,283,279,275,271,266,261,257,252,246,241,236,231,225,220,215,210,205,200,195,190,185,181,176,172,168,164,160,157,
Selawik,593,640,651,654,638,670,697,742,767,772,773,774,810,821,816,824,808,823,825,829,860,854,872,876,844,857,869,882,895,907,920,933,947,960,974,988,1003,1017,1032,1047,1063,1078,1093,1109,1124,1139,1155,1170,1185,1200,1214,1229,1243,1257,1271,1284,1298,1311,1323,1336,
Shungnak,220,233,239,241,243,250,250,259,255,256,244,247,259,261,253,253,260,261,260,262,264,269,295,308,261,264,268,271,274,277,280,283,287,290,293,297,300,304,307,311,315,318,322,326,330,333,337,341,344,348,352,356,359,363,367,370,374,377,381,384,
Coffman Cove,194,226,226,243,251,238,251,236,228,199,180,170,179,203,185,200,185,183,207,176,175,180,162,174,181,181,181,180,180,179,179,178,177,176,175,174,173,172,171,170,169,168,167,166,165,164,163,162,161,160,159,158,157,157,156,156,155,155,154,154,
Craig,1415,1413,1695,1798,1900,2062,2041,2144,2136,1397,1250,1215,1192,1174,1146,1152,1120,1193,1194,1201,1250,1241,1194,1198,1272,1284,1296,1307,1317,1327,1336,1345,1354,1362,1370,1378,1385,1393,1400,1407,1414,1422,1429,1436,1444,1452,1460,1468,1476,1484,1493,1502,1511,1520,1530,1540,1550,1560,1570,1581,
Edna Bay,95,84,81,78,75,76,68,58,55,49,39,39,43,42,40,39,40,37,46,42,50,39,49,46,43,43,43,43,43,43,43,42,42,42,41,41,40,40,39,39,38,37,37,36,36,35,35,34,34,33,33,33,32,32,32,31,31,31,31,31,
Hollis,102,112,93,106,110,166,173,195,111,139,143,131,139,116,103,109,127,115,118,112,110,109,119,94,113,114,115,116,117,118,119,119,120,121,122,123,124,124,125,126,127,128,128,129,130,131,131,132,133,133,134,135,135,136,136,137,138,138,139,139,
Hydaburg,409,417,427,406,405,405,404,397,369,382,355,370,380,369,396,382,389,379,386,376,408,366,405,405,390,395,399,404,409,413,418,422,426,431,435,439,444,448,453,458,463,468,473,478,483,488,494,499,505,510,516,522,527,533,539,545,550,556,562,568,
Hyder,113,127,121,123,130,136,149,130,126,97,103,90,79,88,97,98,79,103,97,87,95,97,94,91,88,88,87,86,86,85,84,83,82,81,80,79,78,77,76,75,74,72,71,70,69,68,67,66,65,64,63,62,61,60,59,59,58,57,57,56,
Kasaan,52,64,43,41,41,41,42,41,48,39,48,62,64,72,75,75,83,75,82,49,80,80,75,75,49,49,49,50,50,50,51,51,51,52,52,52,52,52,52,52,52,52,52,52,51,51,51,51,51,50,50,50,50,50,50,50,50,49,49,49,
Klawock,775,779,726,739,739,720,699,656,673,854,851,835,810,801,742,741,697,723,723,755,808,798,785,802,759,764,768,773,777,782,787,791,796,801,806,811,816,821,826,831,836,841,846,851,856,861,866,871,876,881,886,891,896,902,907,912,918,923,929,935,
Metlakatla,1489,1531,1518,1520,1522,1563,1523,1502,1472,1375,1337,1336,1312,1308,1348,1332,1291,1319,1345,1405,1420,1460,1470,1480,1490,1504,1517,1531,1545,1559,1573,1587,1601,1616,1631,1646,1661,1676,1692,1708,1724,1740,1756,1772,1789,1806,1822,1839,1856,1873,1890,1907,1924,1941,1958,1976,1993,2010,2027,2044,
Naukati Bay,121,134,121,147,145,156,134,170,164,135,127,109,105,104,113,126,124,116,111,113,121,113,123,121,109,110,111,112,112,113,114,114,115,115,115,116,116,117,117,118,118,118,119,119,120,120,121,121,122,122,123,124,124,125,126,126,127,128,128,129,
Point Baker,38,48,57,55,58,53,56,52,51,35,34,35,33,25,21,17,16,16,12,15,14,16,15,13,15,15,15,15,15,15,15,15,15,15,15,15,15,15,15,14,14,14,14,14,14,14,14,14,14,14,14,14,13,13,13,13,13,13,13,13,
Port Protection,56,48,50,56,59,55,58,52,50,63,63,50,53,44,53,54,52,57,62,48,52,42,57,56,48,47,47,47,46,46,46,45,45,44,44,43,43,42,42,41,41,40,39,39,38,37,37,36,35,34,34,33,32,32,31,30,30,29,28,28,
Thorne Bay,564,604,623,622,622,627,628,588,582,557,520,499,481,507,496,495,480,452,442,471,492,508,518,530,472,474,477,479,481,482,483,484,485,486,486,486,486,486,486,485,485,484,484,483,482,482,481,480,480,480,479,479,479,479,479,480,480,481,482,483,
Whale Pass,91,92,96,103,88,79,80,92,62,58,49,56,56,65,58,44,39,31,37,31,32,39,39,39,31,30,30,30,29,29,29,29,28,28,28,27,27,27,26,26,26,25,25,25,25,24,24,24,24,23,23,23,23,23,22,22,22,22,22,22,
Sitka city and bor,8878,9059,9083,8941,8868,8650,8708,8722,8681,8835,8737,8812,8918,8860,8990,9043,8678,8698,8730,8881,9022,9055,9034,9061,,8890,8875,8855,8832,8806,8775,8742,8705,8664,8621,8576,8528,8478,8426,8372,8317,8262,8205,8148,8090,8033,7975,7918,7862,7806,7750,7696,7642,7590,7539,7489,7440,7392,7346,7301,7257
Skagway,726,758,786,798,775,778,815,811,825,811,796,808,813,851,818,847,840,850,881,920,915,909,926,967,981,987,992,996,999,1000,1001,1002,1002,1002,1002,1003,1004,1006,1008,1011,1015,1020,1025,1032,1040,1049,1058,1069,1080,1093,1106,1120,1135,1150,1166,1182,,,,,
Chenega,96,95,94,93,93,72,35,69,86,52,62,82,53,47,93,77,86,80,76,83,68,63,57,75,75,75,75,75,75,76,76,76,76,76,76,76,77,77,77,77,77,78,78,78,78,79,79,79,79,79,80,80,80,80,80,80,80,81,81,,
Chisana,,,,,,,,,0,4,2,1,0,0,0,0,0,0,0,0,0,0,0,,,,,,,,,,,,,,,,,,,,,,,,,,,,,,,,,,,,,,
Chistochina,63,62,59,57,57,55,55,52,93,95,88,86,109,106,105,99,99,93,93,104,94,95,94,95,95,95,95,94,94,94,93,93,93,92,92,92,91,91,91,91,90,90,90,90,90,90,90,89,89,89,89,89,89,89,89,89,89,89,89,,
Chitina,69,57,60,69,78,85,86,94,123,116,144,144,127,122,128,139,140,133,126,128,139,132,116,123,124,125,126,126,127,128,129,130,131,131,132,133,134,135,136,136,137,138,139,139,140,141,141,142,142,143,144,144,145,145,146,146,147,147,147,,
Copper Center,473,483,490,497,527,532,520,553,362,397,401,476,464,460,393,347,323,330,328,339,321,315,283,327,328,329,330,331,333,334,335,337,338,339,341,342,344,345,346,348,349,350,351,351,352,353,353,353,353,353,353,353,353,353,352,352,351,350,350,,
Copperville,,,,,,,,,,,,,,,,,,,,,,,,182,183,184,185,186,187,188,188,189,190,191,191,192,193,193,194,194,195,195,195,196,196,196,196,196,196,196,196,196,196,196,196,196,196,196,195,,
Cordova,2149,2573,2557,2508,2523,2492,2534,2435,2454,2478,2406,2400,2427,2417,2359,2314,2278,2266,2239,2290,2311,2299,2286,2241,2239,2236,2233,2228,2223,2217,2211,2204,2196,2188,2179,2169,2160,2149,2139,2128,2116,2105,2093,2082,2070,2059,2047,2036,2025,2014,2004,1994,1984,1975,1966,1958,1950,1943,1936,,
Gakona,26,26,25,26,25,23,23,22,215,226,250,231,238,227,249,240,223,210,218,224,213,217,205,219,219,218,217,217,216,215,214,213,212,212,211,210,209,209,208,207,207,206,205,205,204,204,203,202,202,201,200,200,199,199,198,197,197,196,196,,
Glennallen,486,478,475,487,494,507,485,494,554,564,544,603,567,602,530,515,461,481,483,486,491,512,473,486,489,492,495,498,501,504,506,508,510,512,514,515,517,518,519,520,521,522,522,523,523,524,524,524,524,525,525,525,525,525,525,525,525,526,526,,
Gulkana,108,106,102,98,99,95,94,90,88,102,85,99,107,97,85,113,108,119,119,134,122,117,114,123,124,125,125,126,127,128,129,130,131,132,133,134,135,136,137,139,140,141,142,143,145,146,147,148,149,150,151,152,153,154,155,156,157,158,159,,
Kenny Lake,441,449,473,472,491,489,487,507,410,417,360,361,376,388,374,392,370,352,355,350,357,340,307,355,354,353,352,352,351,351,351,351,350,350,349,349,348,348,347,346,345,343,342,341,339,338,336,334,332,331,329,327,325,323,322,320,318,316,315,,
McCarthy,25,34,38,30,32,28,35,37,42,43,46,46,54,53,42,37,32,29,28,31,30,36,34,29,29,29,29,29,29,29,28,28,28,28,27,27,27,26,26,26,25,25,25,24,24,24,24,23,23,23,23,23,23,22,22,22,22,22,22,,
Mendeltna,46,51,54,52,62,70,66,80,63,68,58,65,69,65,58,59,58,46,39,35,41,39,38,38,38,37,37,36,36,35,35,34,34,33,33,32,31,30,30,29,28,27,26,25,25,24,23,22,21,20,20,19,18,18,17,16,16,15,15,,
Mentasta Lake,90,106,113,117,109,122,101,125,142,138,149,148,143,130,116,118,112,122,112,126,125,129,125,118,117,117,117,116,116,115,114,114,113,113,112,112,111,111,110,110,109,109,109,109,108,108,108,108,108,108,108,108,108,107,107,107,107,107,107,,
Nabesna,,,,,,,,,,,,,,,,,,,5,6,7,7,2,5,5,5,5,4,4,4,4,4,4,3,3,3,3,3,3,3,2,2,2,2,2,2,2,2,1,1,1,1,1,1,1,1,1,1,1,,
Nelchina,,,,,,,,,71,70,77,72,67,73,56,59,63,58,59,60,74,71,64,58,57,56,56,55,55,54,54,53,52,52,51,50,49,49,48,47,46,45,44,43,42,41,41,40,39,38,37,36,36,35,34,34,33,32,32,,
Paxson,34,36,34,33,28,32,33,30,43,49,54,59,62,56,59,63,45,38,40,35,43,33,29,40,40,40,40,40,40,40,39,39,39,38,38,37,37,36,36,35,34,34,33,33,32,32,31,31,30,30,29,29,29,28,28,28,28,28,28,,
Silver Springs,,,,,,,,,130,131,103,96,87,81,110,119,130,118,114,109,115,114,117,115,115,115,115,115,116,116,116,116,116,116,115,115,115,115,115,114,114,113,113,112,112,111,110,110,109,108,107,107,106,105,104,104,103,102,101,,
Slana,66,65,62,60,60,58,57,55,124,112,124,138,131,127,111,130,145,141,147,148,155,138,149,145,144,143,142,141,140,139,137,136,134,132,131,129,127,125,123,121,119,117,115,113,111,109,107,105,103,101,99,98,96,95,93,92,91,90,89,,
Tatitlek,115,127,116,123,124,98,111,105,107,100,109,112,115,110,127,120,112,92,88,94,83,87,98,87,87,88,89,90,90,91,92,93,93,94,95,96,96,97,97,98,99,99,100,100,100,101,101,101,102,102,102,103,103,103,103,103,103,104,104,,
Tazlina,,,,,,,,,328,171,195,214,206,238,240,291,290,294,297,303,286,295,270,297,298,299,300,300,301,302,303,303,304,304,305,305,305,305,305,305,305,305,305,305,305,304,304,304,303,303,303,302,302,302,302,301,301,301,301,,
Tolsona,,,,,,,,,27,32,29,29,26,22,27,32,31,31,30,29,31,33,32,30,30,30,30,30,30,30,30,29,29,29,29,28,28,28,28,27,27,27,27,26,26,26,25,25,25,24,24,24,24,23,23,23,23,22,22,,
Tonsina,40,41,42,42,45,45,44,47,92,103,96,110,85,93,87,72,71,73,78,89,89,86,85,81,81,81,82,82,82,83,83,83,83,83,83,83,82,82,82,81,81,80,80,79,79,78,78,77,77,76,76,76,75,75,74,74,74,74,73,,
Valdez,4108,4253,4269,4305,4194,4138,4123,4164,4036,3995,4161,4126,3980,4028,3958,3892,3941,3819,3976,4040,4136,4097,4032,4083,4101,4117,4132,4145,4157,4167,4175,4183,4188,4193,4196,4197,4198,4197,4196,4193,4190,4186,4181,4176,4171,4165,4159,4153,4147,4140,4134,4128,4122,4117,4111,4106,4101,4097,4093,,
Whittier,303,272,277,274,293,290,298,280,182,183,179,197,204,229,236,224,211,218,220,226,233,229,234,219,219,219,219,218,218,217,216,215,214,213,211,210,208,207,205,203,201,200,198,196,194,192,190,188,186,185,183,181,180,178,177,176,174,173,172,,
Willow Creek,,,,,,,,,201,219,204,194,205,208,220,187,176,186,191,199,204,181,186,190,189,188,187,186,185,183,182,181,180,178,177,175,174,172,171,169,167,165,163,161,159,158,156,154,152,150,148,146,144,142,140,139,137,135,134,,
Alakanuk,568,581,593,608,601,633,648,666,658,652,653,660,664,672,681,669,685,676,695,677,686,705,703,730,692,702,714,727,740,755,769,784,799,815,830,846,862,878,894,910,926,942,957,973,989,1005,1021,1036,1052,1067,1082,1097,1112,1127,1142,1157,1171,1185,1199,1213,
Chevak,605,622,655,664,680,699,716,743,763,765,831,851,878,896,907,904,927,906,931,938,972,968,983,989,963,983,1004,1025,1046,1068,1090,1112,1135,1158,1181,1205,1229,1253,1277,1302,1327,1352,1378,1403,1429,1454,1480,1506,1532,1558,1584,1609,1635,1661,1686,1711,1737,1761,1786,1811,
Emmonak,686,722,741,770,758,780,798,837,818,767,763,742,754,759,734,751,767,782,766,762,781,753,810,841,785,797,809,821,833,845,857,869,882,894,907,920,933,946,960,973,987,1001,1015,1030,1045,1059,1074,1089,1104,1120,1135,1150,1166,1181,1197,1212,1227,1243,1258,1273,
Hooper Bay,879,906,920,949,982,993,1015,1032,1028,1014,1030,1050,1071,1080,1073,1084,1062,1062,1054,1093,1137,1112,1132,1178,1209,1231,1254,1277,1301,1326,1351,1376,1402,1428,1454,1480,1506,1533,1560,1586,1613,1640,1667,1694,1722,1749,1776,1803,1831,1858,1885,1912,1939,1966,1993,2020,2046,2072,2099,2124,
Kotlik,492,502,504,499,543,519,539,554,579,591,619,621,589,570,583,580,563,568,574,577,610,627,644,653,594,603,612,623,633,644,656,668,680,692,705,718,731,745,758,772,786,800,814,828,842,856,870,884,897,911,925,938,951,964,977,990,1003,1015,1027,1039,
Marshall,277,306,301,311,298,306,315,303,318,349,361,360,365,358,365,375,373,399,396,414,405,413,472,444,432,441,451,460,469,479,488,498,507,517,527,538,548,559,569,580,591,603,614,626,637,649,661,673,685,697,709,721,733,745,757,769,781,793,805,816,
Mountain Village,739,768,760,771,743,722,743,790,766,755,752,761,759,780,798,813,799,783,806,813,844,828,861,857,833,847,861,876,892,907,923,939,955,972,988,1005,1023,1040,1058,1076,1094,1113,1131,1150,1169,1188,1207,1226,1246,1265,1284,1304,1323,1342,1361,1380,1399,1418,1437,1456,
Pilot Station,101,122,128,131,133,141,148,154,149,164,162,163,176,178,166,173,170,179,183,187,190,183,211,181,573,584,595,607,620,632,645,658,671,685,698,712,725,739,753,767,780,794,808,822,836,850,864,878,892,906,920,934,947,961,975,988,1002,1015,1029,1042,
Pitkas Point,474,499,527,512,523,535,548,557,544,550,550,538,549,545,546,550,552,555,544,568,588,596,627,634,111,113,114,116,118,120,122,124,126,128,130,132,134,137,139,141,143,145,147,149,151,153,154,156,158,160,162,163,165,167,168,170,172,173,175,176,
Russian Mission,137,143,145,147,146,153,155,150,146,125,109,97,99,101,105,106,119,111,92,109,103,102,98,117,316,324,331,339,346,353,360,367,374,381,388,394,401,408,415,423,430,438,445,453,461,469,478,486,495,503,512,521,530,539,548,557,567,576,585,594,
Scammon Bay,263,260,283,289,296,284,292,297,311,296,309,317,311,313,304,298,296,319,314,312,301,313,312,325,488,494,501,508,516,524,534,543,553,564,575,586,598,609,621,633,645,657,669,681,692,704,715,726,737,748,759,769,779,789,798,808,817,825,834,842,
Sheldon Point (Nunam Iqua),446,468,474,480,475,500,505,489,475,500,511,544,578,534,558,535,513,529,548,507,538,523,542,550,189,192,195,199,203,206,210,213,217,221,224,228,232,235,239,243,247,251,255,259,263,267,271,276,280,284,289,293,297,302,306,311,315,320,324,328,
St. Mary's,379,377,415,433,436,423,455,452,484,465,467,479,449,464,477,483,473,483,474,474,502,535,517,528,514,520,527,534,541,549,556,563,571,579,587,594,602,611,619,627,636,644,653,662,671,680,689,698,707,717,726,735,745,754,764,773,783,792,802,811,
Meyers Chuck,,,,,,,,,,21,,,,,,,,,,,,,,,21,21,22,22,22,22,23,23,23,23,23,22,22,22,22,22,22,22,22,22,22,22,22,22,23,23,23,24,24,25,25,26,27,27,28,29,
Thoms Place,,,,,,,,,,22,,,,,,,,,,,,,,,22,21,21,21,20,20,20,19,19,18,18,17,17,16,16,15,14,14,13,13,12,11,11,10,10,9,9,8,8,7,7,6,6,5,5,5,
Wrangell city and bor,2590,2716,2691,2754,2698,2618,2541,2560,2549,2448,2384,2369,2349,2281,2258,2232,2316,2362,2352,2369,2412,2445,2453,2406,2424,2434,2443,2452,2460,2468,2476,2484,2492,2501,2511,2521,2532,2545,2558,2574,2591,2609,2630,2652,2677,2703,2732,2763,2795,2830,2866,2904,2944,2986,3029,3074,3120,3167,3215,3264,
Yakutat,722,680,707,727,770,799,822,775,729,680,657,693,674,672,706,710,675,684,742,662,646,621,622,631,657,656,654,653,651,649,647,645,643,640,637,634,630,627,623,619,615,610,606,602,597,592,588,583,579,574,570,565,561,557,552,548,545,541,537,534,
Alatna,,,,,,,,,,35,37,37,38,35,35,40,34,33,25,37,37,27,26,21,35,36,36,37,38,38,39,39,40,40,41,41,42,42,43,43,44,44,45,45,46,46,47,48,48,49,49,50,50,51,52,52,53,53,54,54,
Allakaket,171,172,170,170,146,176,182,175,187,97,100,92,97,94,96,95,96,100,105,105,105,107,112,111,112,113,113,113,113,114,114,114,114,114,114,114,115,115,115,115,115,116,116,116,117,117,117,118,118,119,119,120,120,121,121,122,122,123,123,124,
Anvik,81,85,90,98,87,90,84,99,93,104,102,106,104,99,97,86,99,81,72,85,79,85,80,79,85,85,86,87,88,89,89,90,90,91,91,92,92,92,93,93,93,94,94,94,95,95,96,96,96,97,97,98,98,99,99,100,101,101,102,102,
Arctic Village,106,99,106,122,133,121,123,117,138,152,161,172,167,152,156,154,165,169,150,152,167,178,175,192,157,158,159,161,162,163,164,165,166,167,168,169,170,171,172,173,174,175,176,177,178,179,180,181,182,183,184,185,186,187,187,188,189,190,191,192,
Beaver,102,100,125,114,101,109,117,126,126,84,83,80,68,75,73,84,77,79,73,84,77,87,77,58,83,84,86,87,88,89,90,91,92,93,94,94,95,96,96,97,97,98,98,99,99,99,100,100,101,101,101,102,102,103,103,104,104,105,106,106,
Bettles,28,26,26,29,31,27,23,26,26,43,39,28,28,25,24,19,21,16,13,12,14,14,13,13,12,12,11,11,11,11,11,10,10,10,10,9,9,9,8,8,8,7,7,7,6,6,6,5,5,5,4,4,4,4,3,3,3,3,2,2,
Birch Creek,39,40,37,38,36,40,39,35,35,28,37,40,35,48,38,35,33,28,39,33,29,29,24,22,32,33,33,34,34,34,35,35,35,35,36,36,36,36,36,36,36,36,36,36,36,36,36,36,36,36,36,36,36,36,36,36,36,36,37,37,
Central,49,48,43,49,58,53,57,61,62,134,136,120,111,102,98,88,93,95,96,96,101,91,91,86,95,94,93,92,91,90,88,87,86,85,84,82,81,80,79,77,76,75,74,72,71,70,68,67,66,65,64,62,61,60,59,58,57,56,55,54,
Chalkyitsik,82,94,90,83,84,90,90,97,102,83,82,89,87,91,87,73,82,83,71,69,74,68,72,77,68,68,68,68,68,69,69,70,70,71,71,72,72,73,73,74,74,75,75,76,76,77,77,77,78,78,78,78,78,78,78,78,78,78,78,78,
Circle,87,94,81,90,91,85,82,87,89,100,97,85,98,105,98,105,114,107,115,104,101,113,107,119,100,100,101,101,101,102,102,103,103,104,104,104,105,105,106,106,106,107,107,107,108,108,108,108,109,109,109,109,109,110,110,110,110,111,111,111,
Coldfoot,,,,,,,,,,13,14,11,16,11,12,14,12,13,14,10,12,14,11,9,10,10,10,10,10,10,10,10,10,10,10,10,10,10,10,10,10,10,10,10,10,10,10,10,10,10,10,10,10,10,10,10,10,10,10,10,
Evansville,26,23,23,27,29,25,21,24,24,28,28,22,23,22,24,21,21,17,16,15,10,10,8,8,15,15,15,15,15,15,15,14,14,14,14,14,14,13,13,13,13,13,13,12,12,12,12,12,12,11,11,11,11,11,11,11,11,11,11,11,
Flat,,,,,,,,,,4,1,0,0,0,0,0,0,0,0,0,,,,,,,,,,,,,,,,,,,,,,,,,,,,,,,,,,,,,,,,,
Fort Yukon,600,621,604,591,586,572,579,550,570,595,571,576,568,605,583,608,602,600,604,583,585,584,588,576,585,587,588,590,591,593,594,595,595,596,597,598,598,599,599,600,601,601,602,602,603,603,604,604,605,606,606,607,608,609,609,610,611,612,613,614,
Four Mile Road,,,,,,,,,,38,43,40,41,31,33,42,38,44,44,43,44,38,26,31,41,41,42,42,42,42,42,42,42,42,42,43,43,43,43,43,43,43,43,43,43,43,44,44,44,44,44,44,44,44,44,44,44,44,44,44,
Galena,849,840,714,521,528,526,539,544,563,675,674,693,708,680,640,616,584,556,539,470,487,483,483,449,467,469,471,473,474,475,476,477,478,479,479,480,480,480,481,481,481,481,480,480,480,480,480,479,479,479,479,479,478,478,478,478,479,479,479,479,
Grayling,197,202,189,186,210,203,189,190,184,194,204,190,164,185,175,176,167,155,182,194,191,178,188,191,194,195,197,199,201,203,205,207,209,212,214,216,219,221,223,226,228,230,232,234,236,238,240,242,244,246,247,249,250,252,253,254,256,257,258,259,
Holy Cross,266,277,276,268,285,261,262,272,247,227,228,226,203,206,206,203,198,192,186,178,177,181,167,177,180,182,183,185,186,188,190,191,193,194,196,197,199,200,201,202,204,205,206,207,208,209,209,210,211,212,213,214,214,215,216,217,217,218,219,220,
Hughes,51,60,58,60,61,54,53,53,61,78,74,66,62,69,65,63,71,72,71,77,78,87,88,86,77,77,78,78,78,79,79,80,80,80,80,80,81,81,81,81,81,81,81,81,82,82,82,82,82,83,83,83,84,84,85,85,85,86,86,87,
Huslia,198,207,219,240,245,239,232,247,272,293,282,283,285,271,262,259,254,278,267,275,301,315,322,338,281,283,285,288,290,292,295,297,300,302,305,308,311,314,317,320,323,326,329,332,335,338,341,344,347,349,352,355,357,360,362,365,367,369,372,374,
Kaltag,238,258,244,243,232,232,248,246,254,230,228,223,231,220,239,211,196,202,187,190,205,186,183,182,198,198,198,199,199,199,199,199,199,199,199,199,199,200,200,200,200,201,201,201,202,202,203,203,204,204,205,206,206,207,207,208,208,209,210,210,
Koyukuk,123,123,124,140,127,129,114,129,101,101,95,98,106,106,94,84,85,82,99,96,95,97,89,92,96,97,98,99,100,100,101,102,102,103,103,104,104,104,105,105,105,105,106,106,106,106,107,107,107,108,108,108,109,109,109,110,110,111,111,112,
Lake Minchumina,31,24,32,35,34,42,46,45,38,32,21,23,22,18,17,18,15,14,14,13,12,12,13,10,13,13,12,12,12,12,11,11,11,11,10,10,10,9,9,9,8,8,8,8,7,7,7,6,6,6,6,5,5,5,4,4,4,4,4,3,
Livengood,,,,,,,,,,29,29,25,16,20,18,15,11,11,11,13,13,12,14,12,13,13,13,13,12,12,12,12,12,11,11,11,11,10,10,10,10,9,9,9,8,8,8,8,7,7,7,7,6,6,6,6,5,5,5,5,
Manley Hot Springs,105,107,109,106,95,99,90,95,88,72,74,73,71,75,76,82,76,81,85,89,94,116,127,117,90,89,88,87,87,86,85,84,83,83,82,81,81,80,79,78,78,77,76,76,75,74,74,73,72,72,71,71,70,69,69,68,68,67,67,66,
McGrath,528,541,493,447,469,475,451,440,423,401,441,401,407,369,352,324,318,321,327,346,339,342,320,315,348,350,351,352,353,354,355,356,357,357,358,358,358,359,359,359,359,359,359,359,359,359,359,359,359,359,360,360,360,360,360,361,361,361,362,362,
Minto,209,217,220,251,235,251,246,250,248,258,228,228,233,214,211,194,189,200,203,210,217,222,214,205,218,218,219,220,220,221,222,223,224,225,227,228,229,230,231,232,234,235,236,237,238,239,241,242,243,244,245,246,246,247,248,249,250,250,251,252,
Nenana,384,390,400,385,351,353,354,366,348,402,400,413,386,390,376,380,396,386,390,378,388,407,399,396,381,380,379,378,376,375,373,371,370,368,366,365,363,361,359,358,356,355,353,351,350,348,347,346,344,343,342,341,340,339,339,338,338,337,337,337,
New Allakaket,,,,,,,,,,36,39,39,44,44,46,50,53,56,63,66,54,62,52,50,67,67,68,68,68,69,69,70,70,70,71,71,72,72,73,73,74,74,74,75,75,76,76,76,77,77,77,78,78,78,79,79,79,80,80,80,
Nikolai,102,88,112,120,119,110,109,101,105,100,102,117,123,121,109,97,87,89,86,94,99,93,108,83,96,96,95,95,95,95,94,94,94,94,93,93,92,92,92,91,91,90,90,90,89,89,88,88,88,87,87,87,87,86,86,86,86,86,85,85,
Nulato,364,359,369,336,346,355,357,365,381,336,358,342,339,326,318,297,281,282,249,264,273,271,261,246,267,267,268,268,269,269,270,270,271,271,272,272,272,273,273,273,274,274,274,274,274,274,274,275,275,275,275,275,276,276,276,277,277,278,278,279,
Rampart,61,67,61,68,76,65,56,63,66,45,27,26,28,29,26,36,32,33,27,24,29,29,32,21,25,24,24,24,24,24,24,23,23,23,23,23,23,23,23,23,23,23,23,22,22,22,22,22,22,22,22,22,22,22,22,22,22,22,22,22,
Ruby,158,178,180,186,187,187,194,199,184,188,190,195,171,199,195,184,178,172,162,166,176,185,202,186,168,168,168,168,168,168,168,169,169,169,170,170,170,170,171,171,171,171,171,171,171,170,170,170,170,169,169,169,168,168,167,167,167,166,166,165,
Shageluk,143,163,158,161,145,141,145,148,140,129,144,140,139,128,125,119,112,96,91,83,85,69,76,79,83,83,84,85,85,86,87,87,88,88,89,89,89,90,90,90,91,91,91,91,91,91,91,91,91,91,91,92,92,92,92,92,92,92,93,93,
Stevens Village,94,87,92,96,93,116,97,100,92,87,76,90,91,87,78,77,89,75,86,78,74,68,65,46,80,80,81,81,81,82,82,82,83,83,83,84,84,84,85,85,85,86,86,86,87,87,87,88,88,88,88,89,89,89,90,90,90,90,91,91,
Takotna,31,42,47,53,52,48,63,55,48,50,56,54,62,46,42,50,48,47,55,52,51,53,56,62,50,51,51,52,52,53,53,54,54,54,54,54,55,55,55,55,55,55,55,55,55,55,55,55,55,55,55,55,55,55,56,56,56,56,56,57,
Tanana,357,353,344,324,302,292,300,312,301,308,302,271,279,299,277,253,249,242,242,246,230,232,238,229,247,247,248,249,249,250,250,251,251,252,252,252,252,252,252,252,252,252,251,251,251,250,250,249,249,248,248,247,247,246,246,245,245,245,244,244,
Venetie,204,219,240,228,216,216,244,242,232,202,191,188,184,176,170,169,161,154,159,166,187,181,197,186,171,171,172,173,173,173,174,174,174,174,174,175,175,175,176,176,176,177,177,178,178,179,179,180,180,181,181,182,183,183,184,184,185,185,186,186,
Wiseman,,,,,,,,,,21,25,24,26,25,16,20,15,14,14,14,13,14,15,16,14,14,14,14,14,15,15,15,15,15,15,16,16,16,16,16,16,16,16,16,16,16,16,16,16,16,16,16,16,16,16,16,16,16,16,16,
