#,,,,BEES,,,,Pre-Retrofit (No BEES),,,Post-Retrofit,,,,,
#Community,Energy Region,,Total Occupied,Number,Avg Area (SF),Avg EUI (MMBtu/sf),Total Consumption (MMBtu),Number,Avg Area (SF),Avg EUI (MMBtu/sf),Number,Avg Area (SF),Avg. EUI Reduction,Avg EUI (MMBtu/sf),,Notes
Community,Energy Region,Year,Total Occupied,BEES Number,BEES Avg Area (SF),BEES Avg EUI (MMBtu/sf),BEES Total Consumption (MMBtu),Pre-Retrofit Number,Pre-Retrofit Avg Area (SF),Pre-Retrofit Avg EUI (MMBtu/sf),Post-Retrofit Number,Post-Retrofit Avg Area (SF),Post-Retrofit Avg. EUI Reduction,Post-Retrofit Avg EUI (MMBtu/sf),Total Consumption (MMBtu),Notes
Adak,Aleutians,2010,44,1,2400,0.027516667,66.04,9,2103.972222,0.120359464,0,2103.972222,0.320659103,0.080064498,0,0
Akhiok,Kodiak,2010,19,0,0,0,0,0,1817.021755,0.106045619,0,1817.021755,0.258583994,0.098665546,0,0
Akiachak,Lower Yukon-Kuskokwim,2010,150,0,0,0,0,55,770.8727273,0.176781678,55,714.516129,0.387282536,0.1154782,4538.107017,0
Akiak,Lower Yukon-Kuskokwim,2010,90,0,0,0,0,0,1045.957276,0.166638146,0,1045.957276,0.33369832,0.115472306,0,0
Akutan,Aleutians,2010,40,0,0,0,0,23,940.9891304,0.097554633,26,863.8214286,0.320659103,0.064743155,1454.089642,0
Alakanuk,Lower Yukon-Kuskokwim,2010,160,0,0,0,0,63,748.8730159,0.221033455,73,766.0208333,0.464961841,0.107717592,6023.516143,0
Alatna,Yukon-Koyukuk/Upper Tanana,2010,12,3,1285.333333,0.059006408,227.5287082,0,1121.814623,0.246540221,0,1121.814623,0.32640461,0.152397642,0,0
Alcan Border,Yukon-Koyukuk/Upper Tanana,2010,16,0,0,0,0,0,1121.814623,0.246540221,0,1121.814623,0.32640461,0.152397642,0,0
Aleknagik,Bristol Bay,2010,71,0,0,0,0,40,1036.68075,0.132889174,32,922.007931,0.23348266,0.096672829,2852.259679,0
Aleneva,Kodiak,2010,9,0,0,0,0,0,1817.021755,0.106045619,0,1817.021755,0.258583994,0.098665546,0,0
Allakaket,Yukon-Koyukuk/Upper Tanana,2010,44,5,1405.6,0.061968416,435.5140277,4,902,0.246540221,0,902,0.32640461,0.152397642,0,0
Ambler,Northwest Arctic,2010,75,1,1520,0.070296053,106.85,0,1150.504333,0.208108709,27,1150.504333,0.331439503,0.116576876,3621.299427,No data for post-retrofit available.  Uses regional averages
Anaktuvuk Pass,North Slope,2010,99,13,1470.769231,0.128349194,2454.036592,28,1211.185368,0.146373034,25,1213.06625,0.248341489,0.135488514,4108.913576,0
Angoon,Southeast,2010,167,0,0,0,0,98,1295.571429,0.114296893,91,1266.671429,0.280661724,0.09240842,10651.65056,0
Aniak,Lower Yukon-Kuskokwim,2010,166,5,1776.4,0.095113232,844.7957267,33,1247.148182,0.167396586,52,930.73625,0.277746957,0.116992986,5662.259867,0
Anvik,Yukon-Koyukuk/Upper Tanana,2010,33,2,1312,0.057519055,150.93,3,1121.814623,0.136796523,21,760.75,0.32640461,0.124072653,1982.153681,0
Arctic Village,Yukon-Koyukuk/Upper Tanana,2010,65,0,0,0,0,2,420,0.657301136,52,420,0.32640461,0.483106818,10551.05291,0
Atka,Aleutians,2010,24,3,982,0.070887579,208.8348082,28,976.2142857,0.084285793,18,976.3333333,0.320659103,0.061231584,1076.08385,0
Atmautluak,Lower Yukon-Kuskokwim,2010,63,0,0,0,0,1,1045.957276,0.166638146,8,768,0.33369832,0.067760417,416.32,0
Atqasuk,North Slope,2010,64,6,1115.083333,0.086915414,581.5075758,7,1339.055714,0.214190645,22,1339.055714,0.248341489,0.155272122,4574.196484,0
Barrow,North Slope,2010,1280,46,1392.30913,0.108050814,6920.246194,34,1357.229091,0.254901517,36,1462.421538,0.248341489,0.176228512,9277.9334,0
Beaver,Yukon-Koyukuk/Upper Tanana,2010,36,1,1233,0.075815085,93.48,24,646.1666667,0.246540221,28,646.1666667,0.32640461,0.146594321,2652.282187,0
Bethel,Lower Yukon-Kuskokwim,2010,1896,155,1575.216645,0.07994574,19519.43847,189,1367.287128,0.125103261,119,1317.626481,0.186432294,0.104345448,16361.11078,0
Bettles,Yukon-Koyukuk/Upper Tanana,2010,9,0,0,0,0,0,1121.814623,0.246540221,15,1121.814623,0.32640461,0.152397642,2564.428546,No data for post-retrofit available.  Uses regional averages
Birch Creek,Yukon-Koyukuk/Upper Tanana,2010,17,0,0,0,0,1,1121.814623,0.246540221,1,1155,0.32640461,0.10208658,117.91,0
Brevig Mission,Bering Straits,2010,93,0,0,0,0,0,1243.088743,0.150946996,5,1243.088743,0.326127715,0.116946092,726.8718525,0
Buckland,Northwest Arctic,2010,98,0,0,0,0,37,1021.162162,0.208108709,45,999.2727273,0.331439503,0.127345029,5726.358649,0
Central,Yukon-Koyukuk/Upper Tanana,2010,53,0,0,0,0,6,1121.814623,0.246540221,8,1205.8,0.32640461,0.181858708,1754.281845,0
Chalkyitsik,Yukon-Koyukuk/Upper Tanana,2010,24,0,0,0,0,18,1121.814623,0.246540221,20,671.3888889,0.32640461,0.207719968,2789.217577,0
Chefornak,Lower Yukon-Kuskokwim,2010,92,0,0,0,0,0,1045.957276,0.166638146,0,1045.957276,0.33369832,0.115472306,0,0
Chenega Bay,Copper River/Chugach,2010,31,0,0,0,0,0,1845.151618,0.154314146,0,1845.151618,0.299936852,0.117632349,0,0
Chevak,Lower Yukon-Kuskokwim,2010,209,0,0,0,0,2,1045.957276,0.105139583,133,380,0.33369832,0.070054681,3540.563576,0
Chicken,Yukon-Koyukuk/Upper Tanana,2010,5,0,0,0,0,0,1121.814623,0.246540221,0,1121.814623,0.32640461,0.152397642,0,0
Chignik,Bristol Bay,2010,41,4,1375.5,0.059214417,325.7977203,1,1253.745741,0.136496995,1,2200,0.23348266,0.083045455,182.7,0
Chignik Lagoon,Bristol Bay,2010,29,0,0,0,0,0,1253.745741,0.136496995,0,1253.745741,0.23348266,0.10358654,0,0
Chignik Lake,Bristol Bay,2010,27,0,0,0,0,3,1253.745741,0.067362657,15,2864,0.23348266,0.025974162,1115.85,0
Chiniak,Kodiak,2010,20,0,0,0,0,0,1817.021755,0.106045619,0,1817.021755,0.258583994,0.098665546,0,0
Chistochina,Copper River/Chugach,2010,36,2,1247,0.118865277,296.45,14,1845.151618,0.172757897,10,1350.0725,0.299936852,0.117500164,1586.337408,0
Chitina,Copper River/Chugach,2010,52,1,1664,0.071207933,118.49,1,1845.151618,0.154314146,18,530,0.299936852,0.148771311,1419.278304,0
Chuathbaluk,Lower Yukon-Kuskokwim,2010,36,0,0,0,0,1,1045.957276,0.166638146,9,1045.957276,0.33369832,0.115472306,1087.011884,0
Circle,Yukon-Koyukuk/Upper Tanana,2010,40,1,1312,0.069420732,91.08,7,1121.814623,0.246540221,21,819.5,0.32640461,0.120419477,2072.358983,0
Clark's Point,Bristol Bay,2010,24,0,0,0,0,0,1253.745741,0.136496995,0,1253.745741,0.23348266,0.10358654,0,0
Coffman Cove,Southeast,2010,89,2,2108.875,0.048209658,203.3362864,6,1711.790371,0.122774639,4,1648,0.280661724,0.078617371,518.2457122,0
Cold Bay,Aleutians,2010,46,0,0,0,0,0,1280.005262,0.120359464,0,1280.005262,0.320659103,0.080064498,0,0
Coldfoot,Yukon-Koyukuk/Upper Tanana,2010,6,0,0,0,0,3,1121.814623,0.246540221,0,1121.814623,0.32640461,0.152397642,0,0
Copper Center,Copper River/Chugach,2010,123,7,2188,0.088035314,1348.348865,78,1870.016711,0.228641795,87,1823.368947,0.356214911,0.144252271,22883.18466,0
Cordova,Copper River/Chugach,2010,922,30,1938,0.092098249,5354.592172,222,1874.326171,0.135897942,132,1794.805233,0.303517825,0.099823308,23649.56812,0
Covenant Life,Southeast,2010,35,0,0,0,0,0,1711.790371,0.122774639,0,1711.790371,0.280661724,0.091384485,0,0
Craig,Southeast,2010,470,34,2228.352941,0.053751132,4072.400729,135,1105.877778,0.179336436,145,1102.004032,0.299345246,0.10641497,17004.11024,0
Crooked Creek,Lower Yukon-Kuskokwim,2010,38,0,0,0,0,3,1045.957276,0.172184066,14,594.6666667,0.33369832,0.10362065,862.676453,0
Deering,Northwest Arctic,2010,44,0,0,0,0,27,948.0740741,0.181085548,30,948.0740741,0.440804719,0.096622274,2748.152183,0
Dillingham,Bristol Bay,2010,855,21,2616,0.082473378,4530.757511,240,1569.462542,0.132297849,151,1461.95,0.232544151,0.100914857,22277.40378,0
Diomede,Bering Straits,2010,38,0,0,0,0,0,1243.088743,0.150946996,0,1243.088743,0.326127715,0.116946092,0,0
Dot Lake,Yukon-Koyukuk/Upper Tanana,2010,7,0,0,0,0,1,1121.814623,0.246540221,5,1121.814623,0.32640461,0.152397642,854.8095152,Wx for Dot Lake split between Dot Lake and Dot Lake Village--No data for post-retrofit available.  Uses regional averages
Dot Lake Village,Yukon-Koyukuk/Upper Tanana,2010,19,0,0,0,0,0,1121.814623,0.246540221,6,1121.814623,0.32640461,0.152397642,1025.771418,Wx for Dot Lake split between Dot Lake and Dot Lake Village--No data for post-retrofit available.  Uses regional averages
Dry Creek,Yukon-Koyukuk/Upper Tanana,2010,29,0,0,0,0,0,1121.814623,0.246540221,0,1121.814623,0.32640461,0.152397642,0,0
Eagle,Yukon-Koyukuk/Upper Tanana,2010,41,1,712,0.152485955,108.57,1,1121.814623,0.246540221,2,576,0.32640461,0.161614583,186.18,0
Eagle Village,Yukon-Koyukuk/Upper Tanana,2010,31,0,0,0,0,0,1121.814623,0.246540221,0,1121.814623,0.32640461,0.152397642,0,0
Edna Bay,Southeast,2010,18,0,0,0,0,0,1711.790371,0.122774639,0,1711.790371,0.280661724,0.091384485,0,0
Eek,Lower Yukon-Kuskokwim,2010,91,0,0,0,0,37,787.6618919,0.144941838,74,755.5555556,0.33369832,0.088287976,4936.27886,0
Egegik,Bristol Bay,2010,29,1,975.2,0.073420837,71.6,7,1004.428571,0.104660399,15,1004.428571,0.23348266,0.10358654,1560.679212,No data for post-retrofit available.  Uses regional averages
Ekwok,Bristol Bay,2010,37,6,1356,0.067668387,550.55,0,1253.745741,0.136496995,0,1253.745741,0.23348266,0.10358654,0,0
Elfin Cove,Southeast,2010,13,0,0,0,0,0,1711.790371,0.122774639,0,1711.790371,0.280661724,0.091384485,0,0
Elim,Bering Straits,2010,89,4,1068.5,0.081255267,347.2850093,0,1243.088743,0.150946996,0,1243.088743,0.326127715,0.116946092,0,0
Emmonak,Lower Yukon-Kuskokwim,2010,185,1,1107,0.070939476,78.53,39,768.6410256,0.203256418,57,748,0.613863881,0.112802097,4809.430192,0
Evansville,Yukon-Koyukuk/Upper Tanana,2010,12,0,0,0,0,1,1121.814623,0.246540221,6,672,0.32640461,0.087113095,351.24,0
Excursion Inlet,Southeast,2010,6,0,0,0,0,0,1711.790371,0.122774639,0,1711.790371,0.280661724,0.091384485,0,0
False Pass,Aleutians,2010,15,0,0,0,0,4,1058,0.153868884,4,1058,0.320659103,0.12531448,530.330878,0
Fort Yukon,Yukon-Koyukuk/Upper Tanana,2010,246,1,1844,0.089126898,164.35,15,782.5833333,0.279731894,37,756.5833333,0.32640461,0.190955563,5345.530479,0
Gakona,Copper River/Chugach,2010,86,6,1881.333333,0.079045947,892.2706523,14,1541.515,0.154314146,45,1547.434167,0.299936852,0.110172868,7671.836674,0
Galena,Yukon-Koyukuk/Upper Tanana,2010,190,7,1104.285714,0.077593652,599.7989308,17,1425.058824,0.246540221,31,1507,0.32640461,0.105143441,4911.986139,0
Gambell,Bering Straits,2010,164,0,0,0,0,0,1243.088743,0.150946996,3,1243.088743,0.326127715,0.116946092,436.1231115,0
Game Creek,Southeast,2010,7,0,0,0,0,0,1711.790371,0.122774639,0,1711.790371,0.280661724,0.091384485,0,0
Glennallen,Copper River/Chugach,2010,203,13,2045.153846,0.10373183,2757.918157,70,1823.756,0.186397371,77,1507.560811,0.299936852,0.131630965,15280.00971,0
Golovin,Bering Straits,2010,49,4,1033,0.078774431,325.4959483,0,1243.088743,0.150946996,0,1243.088743,0.326127715,0.116946092,0,0
Goodnews Bay,Lower Yukon-Kuskokwim,2010,76,4,1267,0.069073402,350.0640005,47,762.9782609,0.190938602,63,743.75,0.423683517,0.111667791,5232.333954,0
Grayling,Yukon-Koyukuk/Upper Tanana,2010,55,3,1107.333333,0.077840623,258.5865496,0,1121.814623,0.246540221,40,1121.814623,0.32640461,0.152397642,6838.476121,0
Gulkana,Copper River/Chugach,2010,36,0,0,0,0,7,1845.151618,0.154314146,6,752.4166667,0.299936852,0.138272082,624.2293128,0
Gustavus,Southeast,2010,212,11,1794.636364,0.066079185,1304.469191,27,1234.75963,0.15659928,23,1151.584,0.280661724,0.08985194,2379.857308,0
Haines,Southeast,2010,782,30,2279.9,0.075812736,5185.363698,231,1731.223333,0.184103599,234,1616.377551,0.29333472,0.127101613,48073.94156,0
Healy Lake,Yukon-Koyukuk/Upper Tanana,2010,7,0,0,0,0,1,1121.814623,0.246540221,3,672,0.32640461,0.165181948,333.0068068,0
Hobart Bay,Southeast,2010,1,0,0,0,0,0,1711.790371,0.122774639,0,1711.790371,0.280661724,0.091384485,0,0
Hollis,Southeast,2010,44,4,1174.25,0.131593099,618.0927879,9,1711.790371,0.122774639,12,894.3333333,0.280661724,0.088316497,947.812646,0
Holy Cross,Yukon-Koyukuk/Upper Tanana,2010,64,2,1053,0.073632479,155.07,5,1121.814623,0.246540221,29,1121.814623,0.32640461,0.152397642,4957.895188,0
Hoonah,Southeast,2010,305,2,2421.5,0.055285253,267.7464779,76,1330.065789,0.170283118,83,1294.811321,0.341303579,0.108958193,11709.66503,0
Hooper Bay,Lower Yukon-Kuskokwim,2010,256,8,7177.6875,0.075118255,4313.402884,96,738.4583333,0.150448404,41,796,0.265237844,0.101863277,3324.409915,0
Hughes,Yukon-Koyukuk/Upper Tanana,2010,31,5,997.8,0.092117064,459.5720315,25,778.76,0.186464701,26,736.4736842,0.32640461,0.145994059,2795.540341,0
Huslia,Yukon-Koyukuk/Upper Tanana,2010,91,7,1389,0.073990816,719.4127085,22,886.6363636,0.165694416,76,887.4444444,0.32640461,0.123096945,8302.369202,0
Hydaburg,Southeast,2010,128,0,0,0,0,59,1170.542373,0.118929634,78,1174.425,0.280661724,0.076511463,7008.844045,0
Hyder,Southeast,2010,48,0,0,0,0,0,1711.790371,0.122774639,1,1711.790371,0.280661724,0.091384485,156.4310808,No data for post-retrofit available.  Uses regional averages
Igiugig,Bristol Bay,2010,16,3,1493.333333,0.089045305,398.9229673,18,1253.745741,0.09271879,10,1253.745741,0.23348266,0.07107056,891.0441243,No data for post-retrofit available.  Uses regional averages
Iliamna,Bristol Bay,2010,39,0,0,0,0,25,1253.745741,0.164330046,35,1130.388889,0.323495447,0.122933244,4863.683072,0
Ivanof Bay,Bristol Bay,2010,2,0,0,0,0,0,1253.745741,0.136496995,0,1253.745741,0.23348266,0.10358654,0,0
Juneau,Southeast,2010,12187,692,1949.901288,0.076215832,102840.4381,2858,1728.052154,0.130535052,1914,1698.830478,0.275549213,0.090704757,294932.0974,"includes Douglas, Auke Bay"
Kake,Southeast,2010,213,2,2315,0.069209173,320.4384725,67,1122.38806,0.198759771,98,1104.888889,0.386093964,0.09834236,10648.42329,0
Kaktovik,North Slope,2010,72,9,914.8888889,0.084727734,697.6481652,24,1211.185368,0.186555168,17,1277.933571,0.248341489,0.125872293,2734.559294,0
Kaltag,Yukon-Koyukuk/Upper Tanana,2010,70,6,1264,0.069368847,526.0933346,7,701.8571429,0.208771487,49,480,0.32640461,0.140627511,3307.55906,0
Karluk,Kodiak,2010,12,0,0,0,0,2,1817.021755,0.087996652,3,1120,0.258583994,0.075981856,255.2990365,0
Kasaan,Southeast,2010,23,0,0,0,0,7,1085.714286,0.062771666,1,1200,0.280661724,0.056625,67.95,0
Kasigluk,Lower Yukon-Kuskokwim,2010,113,0,0,0,0,0,1045.957276,0.166638146,0,1045.957276,0.33369832,0.115472306,0,0
Kenny Lake,Copper River/Chugach,2010,145,2,1830.28,0.06453275,236.2260033,29,1404.182069,0.154314146,23,1236.512727,0.299936852,0.151259373,4301.785224,0
Ketchikan,Southeast,2010,3259,264,2043.612167,0.0777011,41920.80122,1043,1719.193013,0.125981419,895,1615.777056,0.285812019,0.085933468,124270.1465,Includes Ward Cove
Kiana,Northwest Arctic,2010,101,6,1213.166667,0.074424088,541.732934,29,855.2068966,0.211858723,55,836.0416667,0.331439503,0.127326101,5854.745893,0
King Cove,Aleutians,2010,181,4,3221.5,0.060170941,775.362749,64,1311.088125,0.13258586,61,1220.34037,0.320659103,0.079309815,5903.883112,0
King Salmon,Bristol Bay,2010,157,4,2071.25,0.104257511,863.7734801,31,1563.254839,0.155841861,22,1447.445,0.23348266,0.119142433,3793.946625,0
Kipnuk,Lower Yukon-Kuskokwim,2010,153,0,0,0,0,21,998.8571429,0.102332197,91,991.0588235,0.33369832,0.065241342,5883.878679,0
Kivalina,Northwest Arctic,2010,85,0,0,0,0,50,752.16,0.198117531,58,732.9473684,0.331439503,0.109347991,4648.486702,0
Klawock,Southeast,2010,297,12,1918,0.052807906,1215.426775,101,1108.43297,0.145475502,98,1064.698046,0.261905981,0.100359425,10471.54345,0
Klukwan,Southeast,2010,41,0,0,0,0,0,1711.790371,0.122774639,0,1711.790371,0.280661724,0.091384485,0,0
Kobuk,Northwest Arctic,2010,36,0,0,0,0,20,963.125,0.208108709,21,920.5833333,0.331439503,0.129350028,2500.627086,0
Kodiak,Kodiak,2010,2039,435,1955.328944,0.074413324,63293.59866,610,1730.213536,0.1338726,357,1652.39408,0.25993468,0.099008848,58405.7836,0
Kodiak Station,Kodiak,2010,332,0,0,0,0,0,1817.021755,0.106045619,0,1817.021755,0.258583994,0.098665546,0,0
Kokhanok,Bristol Bay,2010,52,4,1315.25,0.103995516,547.1204108,29,848.1048276,0.15926066,43,817.9,0.23348266,0.102318122,3598.497642,0
Koliganek,Bristol Bay,2010,55,3,956.3333333,0.190758049,547.2848438,2,1253.745741,0.136496995,0,1253.745741,0.23348266,0.10358654,0,0
Kongiganak,Lower Yukon-Kuskokwim,2010,94,0,0,0,0,0,1045.957276,0.166638146,28,1045.957276,0.33369832,0.115472306,3381.814752,No data for post-retrofit available.  Uses regional averages
Kotlik,Lower Yukon-Kuskokwim,2010,128,0,0,0,0,39,890.4358974,0.167066364,37,861.6969697,0.33369832,0.126991399,4048.83985,0
Kotzebue,Northwest Arctic,2010,954,30,1335.066667,0.101221056,4054.105754,162,1405.925432,0.158329235,183,1301.990506,0.250176965,0.11774762,28055.04977,0
Koyuk,Bering Straits,2010,89,1,1040,0.062278846,64.77,0,1243.088743,0.150946996,0,1243.088743,0.326127715,0.116946092,0,0
Koyukuk,Yukon-Koyukuk/Upper Tanana,2010,42,0,0,0,0,3,1121.814623,0.246540221,12,1121.814623,0.32640461,0.152397642,2051.542836,0
Kupreanof,Southeast,2010,15,0,0,0,0,1,1711.790371,0.122774639,0,1711.790371,0.280661724,0.091384485,0,0
Kwethluk,Lower Yukon-Kuskokwim,2010,172,13,1240.615385,0.08367491,1349.508947,34,716,0.166638146,55,681.0769231,0.639313725,0.082175453,3078.229255,0
Kwigillingok,Lower Yukon-Kuskokwim,2010,82,0,0,0,0,30,1107.466667,0.129697231,30,1107.466667,0.33369832,0.111091243,3690.89546,0
Lake Minchumina,Yukon-Koyukuk/Upper Tanana,2010,6,0,0,0,0,0,1121.814623,0.246540221,0,1121.814623,0.32640461,0.152397642,0,0
Larsen Bay,Kodiak,2010,34,3,1114,0.065044883,217.38,0,1817.021755,0.106045619,0,1817.021755,0.258583994,0.098665546,0,0
Levelock,Bristol Bay,2010,27,0,0,0,0,22,1010.136364,0.173673772,27,963.7647059,0.23348266,0.117556502,3059.013811,0
Lime Village,Lower Yukon-Kuskokwim,2010,11,0,0,0,0,1,1045.957276,0.166638146,10,968,0.33369832,0.047386364,458.7,0
Livengood,Yukon-Koyukuk/Upper Tanana,2010,7,0,0,0,0,0,1121.814623,0.246540221,0,1121.814623,0.32640461,0.152397642,0,0
Lower Kalskag,Lower Yukon-Kuskokwim,2010,75,0,0,0,0,25,849.12,0.193575154,45,880.2,0.485861611,0.091387768,3619.778094,0
Lutak,Southeast,2010,25,0,0,0,0,0,1711.790371,0.122774639,0,1711.790371,0.280661724,0.091384485,0,0
Manley Hot Springs,Yukon-Koyukuk/Upper Tanana,2010,41,1,971,0.094119464,91.39,6,1121.814623,0.246540221,8,840,0.32640461,0.131709811,885.0899289,0
Manokotak,Bristol Bay,2010,121,5,4496.8,0.077648291,1745.84417,84,840.5946429,0.121269194,83,819.6307895,0.23348266,0.093752953,6377.952966,0
Marshall,Lower Yukon-Kuskokwim,2010,100,1,5610,0.049040998,275.12,17,822.0588235,0.275649394,17,883,0.33369832,0.183296613,2751.465453,0
McCarthy,Copper River/Chugach,2010,20,0,0,0,0,7,1845.151618,0.154314146,1,1438.75,0.299936852,0.12871213,185.1845767,0
McGrath,Yukon-Koyukuk/Upper Tanana,2010,147,1,1140,0.085149123,97.07,20,1121.814623,0.246540221,70,1152,0.32640461,0.135488043,10925.75583,0
Mekoryuk,Lower Yukon-Kuskokwim,2010,70,0,0,0,0,0,1045.957276,0.166638146,20,1045.957276,0.33369832,0.115472306,2415.581966,0
Mendeltna,Copper River/Chugach,2010,19,0,0,0,0,0,1845.151618,0.154314146,0,1845.151618,0.299936852,0.117632349,0,0
Mentasta Lake,Copper River/Chugach,2010,46,1,1247,0.139975942,174.55,12,1094.5,0.328365437,10,1109.3,0.299936852,0.151278948,1678.137375,0
Metlakatla,Southeast,2010,493,0,0,0,0,95,1084.910421,0.105612808,148,1054.954828,0.165166374,0.08676091,13546.26848,0
Minto,Yukon-Koyukuk/Upper Tanana,2010,65,1,1312,0.071501524,93.81,14,970.2857143,0.246540221,23,949,0.32640461,0.116201285,2536.325453,0
Mosquito Lake,Southeast,2010,138,0,0,0,0,0,1711.790371,0.122774639,0,1711.790371,0.280661724,0.091384485,0,0
Mountain Village,Lower Yukon-Kuskokwim,2010,184,0,0,0,0,23,853.3478261,0.229273798,10,760,0.33369832,0.152994998,1162.761987,0
Mud Bay,Southeast,2010,104,0,0,0,0,0,1711.790371,0.122774639,0,1711.790371,0.280661724,0.091384485,0,0
Naknek,Bristol Bay,2010,231,11,1704.181818,0.134463741,2520.657297,83,1481.234458,0.162113147,57,1293.456,0.28028872,0.118770755,8756.610474,0
Napakiak,Lower Yukon-Kuskokwim,2010,96,0,0,0,0,36,983.7777778,0.170374087,29,991.8181818,0.2647663,0.129725023,3731.245459,0
Napaskiak,Lower Yukon-Kuskokwim,2010,94,0,0,0,0,14,988,0.132794099,19,1015.5,0.33369832,0.091466977,1764.809597,0
Naukati Bay,Southeast,2010,49,1,1569,0.039668579,62.24,7,1711.790371,0.122774639,5,1122.4,0.280661724,0.099747511,559.7830307,0
Nelchina,Copper River/Chugach,2010,30,0,0,0,0,0,1845.151618,0.154314146,0,1845.151618,0.299936852,0.117632349,0,0
Nelson Lagoon,Aleutians,2010,22,0,0,0,0,8,1280.005262,0.090754281,8,1537.6425,0.320659103,0.062789905,772.3874128,0
New Allakaket,Yukon-Koyukuk/Upper Tanana,2010,18,0,0,0,0,0,1121.814623,0.246540221,0,1121.814623,0.32640461,0.152397642,0,0
New Stuyahok,Bristol Bay,2010,114,54,825.4444444,0.191661138,8543.103557,66,903.5125758,0.124881601,71,908.7973846,0.23348266,0.09862167,6363.525217,0
Newhalen,Bristol Bay,2010,50,4,1161,0.107314815,498.37,26,1019.076923,0.148457557,33,1003,0.23348266,0.118661013,3927.560885,0
Newtok,Lower Yukon-Kuskokwim,2010,70,0,0,0,0,0,1045.957276,0.166638146,0,1045.957276,0.33369832,0.115472306,0,0
Nightmute,Lower Yukon-Kuskokwim,2010,59,0,0,0,0,34,812.3529412,0.166638146,28,808.2857143,0.33369832,0.078311807,1772.35281,0
Nikolai,Yukon-Koyukuk/Upper Tanana,2010,37,1,1184,0.08625,102.12,1,1121.814623,0.246540221,29,1040,0.32640461,0.055125,1662.57,0
Nikolski,Aleutians,2010,13,0,0,0,0,2,920,0.092663761,13,920,0.212373215,0.073969338,884.6732872,0
Noatak,Northwest Arctic,2010,114,0,0,0,0,34,840.2941176,0.208108709,71,843.9393939,0.423185,0.113682364,6811.812808,0
Nome,Bering Straits,2010,1216,59,1486.830508,0.086594017,7596.286992,186,1251.073333,0.150563426,107,1090.328247,0.250896262,0.108197366,12622.85893,0
Nondalton,Bristol Bay,2010,57,1,1952,0.094313525,184.1,37,971.2432432,0.156832287,52,971.2432432,0.388975519,0.092904862,4692.127426,0
Noorvik,Northwest Arctic,2010,153,0,0,0,0,0,1150.504333,0.208108709,62,1150.504333,0.331439503,0.116576876,8315.576462,No data for post-retrofit available.  Uses regional averages
Northway,Yukon-Koyukuk/Upper Tanana,2010,27,6,1410.666667,0.078216079,662.0208936,20,1121.814623,0.246540221,17,1041.140625,0.32640461,0.157974941,2796.060195,"Wx for Northway evenly split between Northway, Northway Junction, Northway Village"
Northway Junction,Yukon-Koyukuk/Upper Tanana,2010,20,0,0,0,0,0,1121.814623,0.246540221,17,1121.814623,0.32640461,0.152397642,2906.352352,"Wx for Northway evenly split between Northway, Northway Junction, Northway Village"
Northway Village,Yukon-Koyukuk/Upper Tanana,2010,30,0,0,0,0,0,1121.814623,0.246540221,17,1121.814623,0.32640461,0.152397642,2906.352352,"Wx for Northway evenly split between Northway, Northway Junction, Northway Village"
Nuiqsut,North Slope,2010,114,14,1058.762857,0.076788827,1138.216214,8,1211.185368,0.154535119,17,1137,0.248341489,0.136265895,2633.883491,0
Nulato,Yukon-Koyukuk/Upper Tanana,2010,92,1,1184,0.073766892,87.34,0,1121.814623,0.246540221,51,1121.814623,0.32640461,0.152397642,8719.057055,No data for post-retrofit available.  Uses regional averages
Nunam Iqua,Lower Yukon-Kuskokwim,2010,43,1,5418,0.078508675,425.36,23,717.4782609,0.206599593,17,729.7058824,0.33369832,0.10535137,1306.883741,0
Nunapitchuk,Lower Yukon-Kuskokwim,2010,124,0,0,0,0,25,972.64,0.197605238,23,1043.368421,0.33369832,0.14729935,3534.81227,0
Old Harbor,Kodiak,2010,84,0,0,0,0,4,1817.021755,0.096337799,4,816,0.258583994,0.086516927,282.39125,0
Oscarville,Lower Yukon-Kuskokwim,2010,15,0,0,0,0,11,951.0909091,0.141095924,12,926.3,0.33369832,0.095488422,1061.411101,0
Ouzinkie,Kodiak,2010,56,6,1331.833333,0.065158725,520.6833701,0,1817.021755,0.106045619,1,1817.021755,0.258583994,0.098665546,179.2774436,No data for post-retrofit available.  Uses regional averages
Paxson,Copper River/Chugach,2010,22,0,0,0,0,1,1845.151618,0.154314146,1,3060,0.299936852,0.059735294,182.79,0
Pedro Bay,Bristol Bay,2010,19,0,0,0,0,10,1253.745741,0.136496995,13,1077.9,0.23348266,0.109833707,1539.066788,0
Pelican,Southeast,2010,41,0,0,0,0,3,2169.333333,0.122774639,1,1920,0.280661724,0.08634375,165.78,0
Perryville,Bristol Bay,2010,38,0,0,0,0,8,1087.5625,0.136496995,33,1087.5625,0.23348266,0.10358654,3717.675617,No data for post-retrofit available.  Uses regional averages
Petersburg,Southeast,2010,1252,102,2079.019608,0.060688095,12869.5175,353,1724.576923,0.125884486,305,1653.922379,0.344692347,0.077285457,38986.36464,0
Pilot Point,Bristol Bay,2010,27,0,0,0,0,6,1253.745741,0.136496995,7,1253.745741,0.23348266,0.10358654,909.0982868,No data for post-retrofit available.  Uses regional averages
Pilot Station,Lower Yukon-Kuskokwim,2010,121,0,0,0,0,74,861.3963514,0.212311396,72,874.619,0.27482236,0.140314505,8835.964734,0
Pitkas Point,Lower Yukon-Kuskokwim,2010,31,0,0,0,0,0,1045.957276,0.166638146,7,1045.957276,0.33369832,0.115472306,845.4536879,No data for post-retrofit available.  Uses regional averages
Platinum,Lower Yukon-Kuskokwim,2010,19,0,0,0,0,7,1045.957276,0.126025199,13,868.6666667,0.33369832,0.10229921,1155.230873,0
Point Baker,Southeast,2010,8,0,0,0,0,3,1711.790371,0.309810209,3,967,0.280661724,0.159864366,463.7665254,0
Point Hope,North Slope,2010,186,10,1129.6,0.092829475,1048.601752,32,1155.117188,0.151546291,28,1092.1875,0.248341489,0.107251165,3279.874682,0
Point Lay,North Slope,2010,60,6,917.5416667,0.093132912,512.7199643,15,977.1,0.190531661,16,977.1,0.248341489,0.134175735,2097.649769,0
Pope-Vannoy Landing,Bristol Bay,2010,3,0,0,0,0,0,1253.745741,0.136496995,0,1253.745741,0.23348266,0.10358654,0,0
Port Alexander,Southeast,2010,22,0,0,0,0,7,1078.857143,0.175894739,4,1015.5,0.280661724,0.116952079,475.0593461,0
Port Alsworth,Bristol Bay,2010,44,2,1799,0.098514361,354.4546699,0,1253.745741,0.136496995,0,1253.745741,0.23348266,0.10358654,0,0
Port Heiden,Bristol Bay,2010,35,0,0,0,0,44,1176.052955,0.102751267,19,1122.235294,0.23348266,0.082344769,1755.793922,0
Port Lions,Kodiak,2010,77,6,1237,0.05930154,440.1360271,1,1817.021755,0.106045619,31,1817.021755,0.258583994,0.098665546,5557.600752,No data for post-retrofit available.  Uses regional averages
Port Protection,Southeast,2010,26,0,0,0,0,4,1711.790371,0.122774639,5,719.75,0.280661724,0.088316497,317.8289936,0
Portage Creek,Bristol Bay,2010,1,0,0,0,0,0,1253.745741,0.136496995,0,1253.745741,0.23348266,0.10358654,0,0
Quinhagak,Lower Yukon-Kuskokwim,2010,165,11,1116.340909,0.066107807,811.7873419,10,929.6,0.095256006,36,915,0.33369832,0.063469237,2090.676669,0
Rampart,Yukon-Koyukuk/Upper Tanana,2010,10,0,0,0,0,1,1121.814623,0.246540221,5,1280,0.32640461,0.165181948,1057.164466,0
Red Devil,Lower Yukon-Kuskokwim,2010,12,0,0,0,0,4,1045.957276,0.166638146,4,563.5,0.33369832,0.143075503,322.4921849,0
Ruby,Yukon-Koyukuk/Upper Tanana,2010,62,5,1312,0.06973628,457.47,1,1121.814623,0.246540221,47,1216,0.32640461,0.165181948,9440.478682,0
Russian Mission,Lower Yukon-Kuskokwim,2010,73,0,0,0,0,30,861,0.214231159,49,809.5172414,0.336151448,0.135730488,5383.932338,0
Saint George,Aleutians,2010,42,0,0,0,0,17,1052.867647,0.134510982,17,1052.867647,0.305527287,0.09157119,1639.009837,0
Saint Mary's,Lower Yukon-Kuskokwim,2010,151,3,1196.666667,0.078006254,280.0424514,24,877.7083333,0.225428207,40,869.9565217,0.381092592,0.130447224,4539.336518,0
Saint Michael,Bering Straits,2010,96,7,1240,0.064290573,558.0421769,14,761,0.150946996,14,706.8333333,0.326127715,0.101134487,1000.793172,0
Saint Paul,Aleutians,2010,162,9,1104.666667,0.102629916,1020.346626,45,1280.005262,0.154050605,38,1023.608857,0.370210598,0.10056773,3911.796744,0
Sand Point,Aleutians,2010,246,3,1101.333333,0.077016301,254.4618581,64,1291.407344,0.12062934,58,1194.5518,0.333763289,0.081718935,5661.815033,0
Savoonga,Bering Straits,2010,166,10,1155.2,0.091145939,1052.917887,0,1243.088743,0.150946996,7,1243.088743,0.326127715,0.116946092,1017.620593,No data for post-retrofit available.  Uses regional averages
Saxman,Southeast,2010,120,0,0,0,0,11,1711.790371,0.09277651,40,1991.4,0.280661724,0.066912625,5329.992027,0
Scammon Bay,Lower Yukon-Kuskokwim,2010,96,0,0,0,0,51,760.0784314,0.166638146,82,764.8,0.490621738,0.127262795,7981.10803,0
Selawik,Northwest Arctic,2010,186,0,0,0,0,5,1150.504333,0.208108709,123,4362.6,0.331439503,0.113251829,60770.90884,0
Shageluk,Yukon-Koyukuk/Upper Tanana,2010,36,6,1073.333333,0.067251933,433.1024464,5,1121.814623,0.246540221,7,713,0.32640461,0.088513324,441.77,0
Shaktoolik,Bering Straits,2010,64,2,1232,0.063539448,156.5612008,7,1243.088743,0.150946996,48,892,0.326127715,0.100988394,4323.919075,0
Shishmaref,Bering Straits,2010,141,0,0,0,0,0,1243.088743,0.150946996,2,1243.088743,0.326127715,0.116946092,290.748741,0
Shungnak,Northwest Arctic,2010,62,0,0,0,0,56,959.5367857,0.208108709,35,1064,0.331439503,0.121447368,4522.7,0
Silver Springs,Copper River/Chugach,2010,44,0,0,0,0,0,1845.151618,0.154314146,0,1845.151618,0.299936852,0.117632349,0,0
Sitka,Southeast,2010,3545,84,1657.185476,0.058971739,8209.077135,731,1640.689904,0.115783853,686,1513.415329,0.245047491,0.084936438,88181.25735,0
Skagway,Southeast,2010,436,23,1754.913043,0.068136328,2750.18662,43,1674.998837,0.146205593,29,1517.508462,0.280661724,0.121746311,5357.780655,0
Slana,Copper River/Chugach,2010,77,0,0,0,0,9,1845.151618,0.154314146,5,1283.333333,0.299936852,0.14290814,916.9938981,0
Sleetmute,Lower Yukon-Kuskokwim,2010,36,0,0,0,0,17,804,0.166638146,18,909.6,0.33369832,0.111031276,1817.892882,0
South Naknek,Bristol Bay,2010,35,4,1290.25,0.097701712,504.2385336,20,1253.745741,0.136496995,20,1104.5635,0.23348266,0.121491549,2683.902606,0
Stebbins,Bering Straits,2010,134,2,2224.5,0.070337154,312.93,16,1243.088743,0.327438793,98,562.0625,0.60070727,0.132411192,7293.489841,0
Stevens Village,Yukon-Koyukuk/Upper Tanana,2010,26,0,0,0,0,1,1121.814623,0.246540221,24,400,0.32640461,0.166068356,1594.256219,0
Stony River,Lower Yukon-Kuskokwim,2010,20,0,0,0,0,2,963.5,0.166638146,8,963.5,0.33369832,0.165542424,1276.001007,0
Takotna,Yukon-Koyukuk/Upper Tanana,2010,22,1,1344,0.073058036,98.19,16,1121.814623,0.246540221,15,704.5714286,0.32640461,0.183771819,1942.205597,0
Tanacross,Yukon-Koyukuk/Upper Tanana,2010,53,20,1259.7,0.113014274,2847.281615,23,1121.814623,0.246540221,30,1097.75,0.32640461,0.176775898,5821.672246,0
Tanana,Yukon-Koyukuk/Upper Tanana,2010,100,4,1767,0.215867537,1525.751755,54,808.6666667,0.270144618,57,814.8679245,0.36527031,0.133254248,6189.322932,0
Tatitlek,Copper River/Chugach,2010,36,5,1579.4,0.118179969,933.2672181,0,1845.151618,0.154314146,0,1845.151618,0.299936852,0.117632349,0,0
Tazlina,Copper River/Chugach,2010,111,0,0,0,0,13,1845.151618,0.154314146,10,1332.865,0.299936852,0.143206966,1908.755533,0
Telida,Yukon-Koyukuk/Upper Tanana,2010,0,0,0,0,0,2,1121.814623,0.246540221,2,597.625,0.32640461,0.114971715,137.4199424,0
Teller,Bering Straits,2010,72,0,0,0,0,0,1243.088743,0.150946996,1,1243.088743,0.326127715,0.116946092,145.3743705,No data for post-retrofit available.  Uses regional averages
Tenakee Springs,Southeast,2010,72,0,0,0,0,8,1711.790371,0.122774639,4,1170,0.280661724,0.105385603,493.2046238,0
Tetlin,Yukon-Koyukuk/Upper Tanana,2010,43,2,768,0.067597656,103.83,9,817.4166667,0.246540221,13,789.09375,0.32640461,0.184182625,1889.385653,0
Thorne Bay,Southeast,2010,214,9,2196.111111,0.049824033,984.7720201,15,1711.790371,0.122774639,14,1251.166667,0.280661724,0.096047702,1682.403557,0
Togiak,Bristol Bay,2010,231,8,1615.25,0.103916539,1342.809521,96,931.0898958,0.127322682,103,996.9516129,0.23348266,0.106319937,10917.57075,0
Tok,Yukon-Koyukuk/Upper Tanana,2010,532,8,1776.75,0.096680293,1374.213682,102,1567.561569,0.24754044,92,1372.978906,0.263022279,0.166169738,20989.57416,0
Toksook Bay,Lower Yukon-Kuskokwim,2010,125,5,989.4,0.085791965,424.412852,5,1045.957276,0.166638146,95,740,0.618895936,0.099522348,6996.421098,0
Tolsona,Copper River/Chugach,2010,18,0,0,0,0,0,1845.151618,0.154314146,0,1845.151618,0.299936852,0.117632349,0,0
Tonsina,Copper River/Chugach,2010,39,0,0,0,0,2,1845.151618,0.154314146,1,638.5,0.299936852,0.108029647,68.9769296,0
Tuluksak,Lower Yukon-Kuskokwim,2010,92,0,0,0,0,9,934,0.171256009,8,1003,0.33369832,0.145855801,1170.346945,0
Tuntutuliak,Lower Yukon-Kuskokwim,2010,96,4,884,0.075743778,267.83,0,1045.957276,0.166638146,30,1045.957276,0.33369832,0.115472306,3623.372948,0
Tununak,Lower Yukon-Kuskokwim,2010,84,0,0,0,0,48,761.9583333,0.193356253,58,757.7446809,0.545921201,0.078520722,3450.922243,0
Twin Hills,Bristol Bay,2010,29,0,0,0,0,0,1253.745741,0.136496995,0,1253.745741,0.23348266,0.10358654,0,0
Ugashik,Bristol Bay,2010,7,0,0,0,0,0,1253.745741,0.136496995,0,1253.745741,0.23348266,0.10358654,0,0
Unalakleet,Bering Straits,2010,225,1,1662,0.083598075,138.94,12,1243.088743,0.150946996,77,400,0.326127715,0.101134487,3114.9422,0
Unalaska,Aleutians,2010,927,13,1656.692308,0.085505021,1841.521632,66,1325.689394,0.117011117,46,1309.333333,0.330746838,0.072051872,4339.636221,0
Upper Kalskag,Lower Yukon-Kuskokwim,2010,60,0,0,0,0,44,1048.863636,0.188433502,42,1049.878049,0.220423395,0.136659829,6025.998478,0
Valdez,Copper River/Chugach,2010,1573,114,1859.008772,0.074479637,15784.24605,337,1950.55632,0.145259365,192,1803.168916,0.277257228,0.106983777,37038.68555,0
Venetie,Yukon-Koyukuk/Upper Tanana,2010,61,1,3240,0.057447531,186.13,42,786.6190476,0.246540221,42,813.8285714,0.540678066,0.148642399,5080.716097,0
Wainwright,North Slope,2010,147,4,1196,0.092140468,440.8,30,1211.185368,0.185190568,19,967.02,0.248341489,0.162504839,2985.763155,0
Wales,Bering Straits,2010,43,4,1168,0.059421068,277.61523,0,1243.088743,0.150946996,2,1243.088743,0.326127715,0.116946092,290.748741,0
Whale Pass,Southeast,2010,20,0,0,0,0,2,1711.790371,0.122774639,2,1536,0.280661724,0.053802083,165.28,0
White Mountain,Bering Straits,2010,65,5,1171.8,0.074066606,433.9562472,0,1243.088743,0.150946996,0,1243.088743,0.326127715,0.116946092,0,0
Wiseman,Yukon-Koyukuk/Upper Tanana,2010,5,0,0,0,0,0,1121.814623,0.246540221,0,1121.814623,0.32640461,0.152397642,0,0
Womens Bay,Kodiak,2010,283,0,0,0,0,0,1817.021755,0.106045619,0,1817.021755,0.258583994,0.098665546,0,0
Wrangell,Southeast,2010,1053,25,1957.36,0.07947657,3889.106467,254,1862.601969,0.149857039,228,1790.03494,0.327049204,0.099105878,40447.88049,0
Yakutat,Southeast,2010,270,3,833.3333333,0.089344061,223.3601527,38,1711.790371,0.12930739,36,1330.980714,0.243949033,0.097240744,4659.319985,0