year,utility__name,utility__regulatory_status__name,utility__certificate,utility__utility_type__name,utility__eia_operator_id,plant__name,plant__pce_status__name,plant__intertied,plant__akeps_region__abbreviation,plant__akeps_region__name,plant__eia_plant_id,community_names,total_capacity,nameplate_capacity_fossil_fuel_turbines,nameplate_capacity_internal_combustion,nameplate_capacity_hydroelectric,nameplate_capacity_wind_turbine,source,notes
2011,"Akhiok, City of",Not regulated,1,Public Electric Utility,,Akhiok,PCE Eligible Inactive,0,SC,Southcentral,,Akhiok,360,0,360,0,0,AEA Village Assessment,
2011,Akiachak Native Community,Not regulated,1,Private Electric Utility,192,Akiachak,PCE Eligible Active,0,SW,Southwest,,Akiachak,1500,0,1500,0,0,AEA Village Assessment,
2011,Akiak City Council,Not regulated,1,Public Electric Utility,,Akiak,PCE Eligible Active,0,SW,Southwest,,Akiak,920,0,920,0,0,AEA Village Assessment,
2011,"Akutan, City of",Not regulated,1,Public Electric Utility,24486,Akutan,PCE Eligible Active,0,SW,Southwest,,Akutan,407,0,407,0,0,AEA Village Assessment,
2011,Alaska Electric Light & Power Company,Regulated,1,Private Electric Utility,213,Annex Creek,PCE Ineligible,0,SE,Southeast,62,Juneau,4000,0,0,4000,0,EIA-F860,
2011,Alaska Electric Light & Power Company,Regulated,1,Private Electric Utility,213,Auke Bay,PCE Ineligible,0,SE,Southeast,7250,Juneau,36200,33700,2500,0,0,EIA-F860,
2011,Alaska Electric Light & Power Company,Regulated,1,Private Electric Utility,213,Gold Creek,PCE Ineligible,0,SE,Southeast,63,Juneau,9700,0,8100,1600,0,EIA-F860,
2011,Alaska Electric Light & Power Company,Regulated,1,Private Electric Utility,213,Lake Dorothy,PCE Ineligible,0,SE,Southeast,57085,Juneau,14300,0,0,14300,0,EIA-F860,
2011,Alaska Electric Light & Power Company,Regulated,1,Private Electric Utility,213,Lemon Creek,PCE Ineligible,0,SE,Southeast,64,Juneau,61700,37200,24500,0,0,EIA-F860,
2011,Alaska Electric Light & Power Company,Regulated,1,Private Electric Utility,213,Salmon Creek 1,PCE Ineligible,0,SE,Southeast,65,Juneau,8500,0,0,8500,0,EIA-F860,
2011,Alaska Electric Light & Power Company,Regulated,1,Private Electric Utility,213,Snettisham,PCE Ineligible,0,SE,Southeast,78,Juneau,78200,0,0,78200,0,EIA-F860,
2011,Alaska Environmental Power LLC,Regulated,1,Independent Power Producer,58488,Delta Wind Farm,PCE Ineligible,1,YU,Yukon,58511,,1000,0,0,0,1000,AEA Wind Program Manager,Plant is also know as Delta Wind. Alaska Environmental LLC is an independent power producer that sells all its power to GVEA.
2011,Alaska Power & Telephone Company,Regulated,1,Private Electric Utility,219,Allakaket,PCE Eligible Active,1,YU,Yukon,,"Allakaket, Alatna",525,0,525,0,0,AEA Village Assessment,Provides power to Alatna via intertie. Data includes Alatna's information.
2011,Alaska Power & Telephone Company,Regulated,1,Private Electric Utility,219,Bettles,PCE Eligible Active,1,YU,Yukon,,"Bettles, Evansville",600,0,600,0,0,AEA Village Assessment,Provides power to Evansville via intertie. Data includes Evansville's information.
2011,Alaska Power & Telephone Company,Regulated,1,Private Electric Utility,219,Black Bear Lake,PCE Eligible Active,1,SE,Southeast,7752,"Craig, Klawock, Hollis, Hydaburg, Thorne Bay, Kasaan, Coffman Cove",4500,0,0,4500,0,EIA-F860,"Provides power to Hollis, Klawock, Thorne Bay/Kasaan and Hydaburg via intertie."
2011,Alaska Power & Telephone Company,Regulated,1,Private Electric Utility,219,Chistochina,PCE Eligible Active,1,YU,Yukon,,Chistochina,200,0,200,0,0,AEA Village Assessment,Receives power from Slana via intertie.
2011,Alaska Power & Telephone Company,Regulated,1,Private Electric Utility,219,Coffman Cove,PCE Eligible Active,1,SE,Southeast,,Coffman Cove,660,0,660,0,0,AEA Village Assessment,Part of the Alaska Power Company's grid on Prince of Wales Island.
2011,Alaska Power & Telephone Company,Regulated,1,Private Electric Utility,219,Craig,PCE Eligible Active,1,SE,Southeast,421,"Craig, Klawock",4400,0,4400,0,0,EIA-F860,"Part of the Alaska Power Company's grid on Prince of Wales Island. Provides to Hollis, Hydaburg, Klawock, Thorne Bay and Kaasan."
2011,Alaska Power & Telephone Company,Regulated,1,Private Electric Utility,219,Eagle,PCE Eligible Active,1,YU,Yukon,,"Eagle, Eagle Village",450,0,450,0,0,AEA Village Assessment,Provides power to Eagle Village via intertie. Data includes Eagle Village's information.
2011,Alaska Power & Telephone Company,Regulated,1,Private Electric Utility,219,False Island,PCE Eligible Active,1,SE,Southeast,56146,"Thorne Bay, Kasaan",2300,0,2300,0,0,EIA-F860,Part of the Alaska Power Company's grid on Prince of Wales Island. Receives power from Craig. Refer to Craig for fuel use and cost. Includes data for Kaasan.
2011,Alaska Power & Telephone Company,Regulated,1,Private Electric Utility,219,Goat Lake,PCE Eligible Active,1,SE,Southeast,7751,"Haines, Covenant Life, Skagway",4000,0,0,4000,0,EIA-F860,Part of the Alaska Power Company's grid in the Upper Lynn Canal service area.
2011,Alaska Power & Telephone Company,Regulated,1,Private Electric Utility,219,Haines,PCE Eligible Active,1,SE,Southeast,69,"Haines, Skagway",6485,0,6200,285,0,AEA Hydro Program Manager,Plant is also referred to as Lutak. Part of the Alaska Power Company's grid in the Upper Lynn Canal service area.
2011,Alaska Power & Telephone Company,Regulated,1,Private Electric Utility,219,Healy Lake,PCE Eligible Active,0,YU,Yukon,,Healy Lake,83,0,83,0,0,AEA Village Assessment,
2011,Alaska Power & Telephone Company,Regulated,1,Private Electric Utility,219,Hollis,PCE Eligible Active,1,SE,Southeast,,Hollis,450,0,450,0,0,AEA Village Assessment,Part of the Alaska Power Company's grid on Prince of Wales Island. Receives power from Craig. Refer to Craig for fuel use and cost.
2011,Alaska Power & Telephone Company,Regulated,1,Private Electric Utility,219,Hydaburg,PCE Eligible Active,1,SE,Southeast,423,Hydaburg,1000,0,1000,0,0,EIA-F860,Part of the Alaska Power Company's grid on Prince of Wales Island. Receives power from Craig. Refer to Craig for fuel use and cost.
2011,Alaska Power & Telephone Company,Regulated,1,Private Electric Utility,219,Kasidaya Creek,PCE Eligible Active,1,SE,Southeast,56542,Skagway,3000,0,0,3000,0,EIA-F860,Part of the Alaska Power Company's grid in the Upper Lynn Canal service area.
2011,Alaska Power & Telephone Company,Regulated,1,Private Electric Utility,219,Naukati Bay,PCE Eligible Active,0,SE,Southeast,,Naukati Bay,488,0,488,0,0,AEA Village Assessment,
2011,Alaska Power & Telephone Company,Regulated,1,Private Electric Utility,219,Northway,PCE Eligible Active,1,YU,Yukon,7169,"Northway, Northway Village",1100,0,1100,0,0,EIA-F860,Provides power to Northway Village via intertie. Data includes Northway Village's information.
2011,Alaska Power & Telephone Company,Regulated,1,Private Electric Utility,219,Skagway,PCE Eligible Active,1,SE,Southeast,66,"Haines, Skagway",4400,0,3400,1000,0,EIA-F860,Plant is also referred to as Dewey Lake. Part of the Alaska Power Company's grid in the Upper Lynn Canal service area.
2011,Alaska Power & Telephone Company,Regulated,1,Private Electric Utility,219,Slana,PCE Eligible Active,1,YU,Yukon,,"Slana, Chistochina",730,0,730,0,0,AEA Village Assessment,Provides power to Chistochina via intertie. Includes Chistochina's fuel use and fuel cost.
2011,Alaska Power & Telephone Company,Regulated,1,Private Electric Utility,219,South Fork,PCE Eligible Active,1,SE,Southeast,56265,"Craig, Klawock, Hollis, Hydaburg, Thorne Bay, Kasaan, Coffman Cove",2000,0,0,2000,0,EIA-F860,Receives power from Craig via intertie.
2011,Alaska Power & Telephone Company,Regulated,1,Private Electric Utility,219,Thorne Bay Plant,PCE Eligible Active,1,SE,Southeast,7414,"Thorne Bay, Kasaan",345,0,345,0,0,AEA Village Assessment,Part of the Alaska Power Company's grid on Prince of Wales Island. Receives power from Craig. Refer to Craig for fuel use and cost. Includes data for Kaasan.
2011,Alaska Power & Telephone Company,Regulated,1,Private Electric Utility,219,Tok,PCE Eligible Active,1,YU,Yukon,406,"Tok, Tanacross",7600,0,7600,0,0,EIA-F860,"Provides power to Tanacross, Tetlin and Dot Lake via intertie. Includes Tanacross' information. Fuel use and cost also includes Tetlin's and Dot Lake's information."
2011,Alaska Power & Telephone Company,Regulated,1,Private Electric Utility,219,Viking,PCE Eligible Active,1,SE,Southeast,56147,Craig,1000,0,1000,0,0,EIA-F860,"Provides power to Hollis, Klawock, Thorne Bay/Kasaan and Hydaburg via intertie."
2011,Alaska Power & Telephone Company,Regulated,1,Private Electric Utility,219,Whale Pass,PCE Eligible Active,0,SE,Southeast,,Whale Pass,250,0,250,0,0,AEA Village Assessment,
2011,Alaska Village Electric Cooperative,Not regulated,1,Electric Co-op,221,Alakanuk,PCE Eligible Active,0,YU,Yukon,57053,Alakanuk,1300,0,1300,0,0,EIA-F860,
2011,Alaska Village Electric Cooperative,Not regulated,1,Electric Co-op,221,Ambler,PCE Eligible Active,0,AN,Arctic Northwest,,Ambler,1115,0,1115,0,0,AEA Village Assessment,
2011,Alaska Village Electric Cooperative,Not regulated,1,Electric Co-op,221,Anvik,PCE Eligible Active,0,YU,Yukon,,Anvik,375,0,375,0,0,AEA Village Assessment,
2011,Alaska Village Electric Cooperative,Not regulated,1,Electric Co-op,221,Brevig Mission,PCE Eligible Active,0,AN,Arctic Northwest,,Brevig Mission,1025,0,1025,0,0,AEA Village Assessment,
2011,Alaska Village Electric Cooperative,Not regulated,1,Electric Co-op,221,Chevak,PCE Eligible Active,0,YU,Yukon,6311,Chevak,2015,0,1615,0,400,"AEA Wind Program Manager, AEA Village Assessment", 
2011,Alaska Village Electric Cooperative,Not regulated,1,Electric Co-op,221,Eek,PCE Eligible Active,0,SW,Southwest,,Eek,595,0,595,0,0,AEA Village Assessment,
2011,Alaska Village Electric Cooperative,Not regulated,1,Electric Co-op,221,Ekwok,PCE Eligible Active,0,SW,Southwest,,Ekwok,370,0,370,0,0,AEA Village Assessment,
2011,Alaska Village Electric Cooperative,Not regulated,1,Electric Co-op,221,Elim,PCE Eligible Active,0,AN,Arctic Northwest,57060,Elim,1600,0,1600,0,0,EIA-F860,
2011,Alaska Village Electric Cooperative,Not regulated,1,Electric Co-op,221,Emmonak,PCE Eligible Active,0,YU,Yukon,6314,Emmonak,2300,0,1900,0,400,EIA-F860,
2011,Alaska Village Electric Cooperative,Not regulated,1,Electric Co-op,221,Gambell,PCE Eligible Active,0,AN,Arctic Northwest,57062,Gambell,1900,0,1600,0,300,EIA-F860,
2011,Alaska Village Electric Cooperative,Not regulated,1,Electric Co-op,221,Goodnews Bay,PCE Eligible Active,0,SW,Southwest,,Goodnews Bay,480,0,480,0,0,AEA Village Assessment,
2011,Alaska Village Electric Cooperative,Not regulated,1,Electric Co-op,221,Grayling,PCE Eligible Active,0,YU,Yukon,,Grayling,260,0,260,0,0,AEA Village Assessment,
2011,Alaska Village Electric Cooperative,Not regulated,1,Electric Co-op,221,Holy Cross,PCE Eligible Active,0,YU,Yukon,,Holy Cross,455,0,455,0,0,AEA Village Assessment,
2011,Alaska Village Electric Cooperative,Not regulated,1,Electric Co-op,221,Hooper Bay,PCE Eligible Active,0,YU,Yukon,6319,Hooper Bay,1900,0,1600,0,300,EIA-F860,
2011,Alaska Village Electric Cooperative,Not regulated,1,Electric Co-op,221,Huslia,PCE Eligible Active,0,YU,Yukon,,Huslia,796,0,796,0,0,AEA Village Assessment,
2011,Alaska Village Electric Cooperative,Not regulated,1,Electric Co-op,221,Kaltag,PCE Eligible Active,0,YU,Yukon,,Kaltag,549,0,549,0,0,AEA Village Assessment,
2011,Alaska Village Electric Cooperative,Not regulated,1,Electric Co-op,221,Kasigluk,PCE Eligible Active,1,SW,Southwest,57066,"Kasigluk, Nunapitchuk",1900,0,1600,0,300,EIA-F860,Provides power to Nunapitchuk via intertie.  Fuel use and cost includes Nunapitchuk's information.
2011,Alaska Village Electric Cooperative,Not regulated,1,Electric Co-op,221,Kiana,PCE Eligible Active,0,AN,Arctic Northwest,6323,Kiana,1100,0,1100,0,0,EIA-F860,
2011,Alaska Village Electric Cooperative,Not regulated,1,Electric Co-op,221,Kivalina,PCE Eligible Active,0,AN,Arctic Northwest,57065,Kivalina,1100,0,1100,0,0,EIA-F860,
2011,Alaska Village Electric Cooperative,Not regulated,1,Electric Co-op,221,Kotlik,PCE Eligible Active,0,YU,Yukon,57064,Kotlik,1400,0,1400,0,0,EIA-F860,
2011,Alaska Village Electric Cooperative,Not regulated,1,Electric Co-op,221,Koyuk,PCE Eligible Active,0,AN,Arctic Northwest,57059,Koyuk,1100,0,1100,0,0,EIA-F860,
2011,Alaska Village Electric Cooperative,Not regulated,1,Electric Co-op,221,Marshall,PCE Eligible Active,0,YU,Yukon,,Marshall,1085,0,1085,0,0,AEA Village Assessment,
2011,Alaska Village Electric Cooperative,Not regulated,1,Electric Co-op,221,Mekoryuk,PCE Eligible Active,0,SW,Southwest,,Mekoryuk,904,0,704,0,200,AEA Village Assessment,
2011,Alaska Village Electric Cooperative,Not regulated,1,Electric Co-op,221,Minto,PCE Eligible Active,0,YU,Yukon,,Minto,708,0,708,0,0,AEA Village Assessment,
2011,Alaska Village Electric Cooperative,Not regulated,1,Electric Co-op,221,Mountain Village,PCE Eligible Active,0,YU,Yukon,6329,Mountain Village,1700,0,1700,0,0,EIA-F860,
2011,Alaska Village Electric Cooperative,Not regulated,1,Electric Co-op,221,New Stuyahok,PCE Eligible Active,0,SW,Southwest,,New Stuyahok,1331,0,1331,0,0,AEA Village Assessment,
2011,Alaska Village Electric Cooperative,Not regulated,1,Electric Co-op,221,Nightmute,PCE Eligible Active,1,SW,Southwest,,Nightmute,325,0,325,0,0,AEA Village Assessment,"Receives power from Toksook Bay via intertie. For fuel use and cost, please refer to Toksook Bay."
2011,Alaska Village Electric Cooperative,Not regulated,1,Electric Co-op,221,Noatak,PCE Eligible Active,0,AN,Arctic Northwest,57051,Noatak,1200,0,1200,0,0,EIA-F860,
2011,Alaska Village Electric Cooperative,Not regulated,1,Electric Co-op,221,Noorvik,PCE Eligible Active,0,AN,Arctic Northwest,6330,Noorvik,1000,0,1000,0,0,EIA-F860,
2011,Alaska Village Electric Cooperative,Not regulated,1,Electric Co-op,221,Nulato,PCE Eligible Active,0,YU,Yukon,,Nulato,1002,0,1002,0,0,AEA Village Assessment,
2011,Alaska Village Electric Cooperative,Not regulated,1,Electric Co-op,221,Nunapitchuk,PCE Eligible Active,1,SW,Southwest,6333,Nunapitchuk,500,0,500,0,0,AEA Village Assessment,Receives power from Kasigluk. Please refer to Kasigluk for fuel use and cost.
2011,Alaska Village Electric Cooperative,Not regulated,1,Electric Co-op,221,Old Harbor,PCE Eligible Active,0,SC,Southcentral,,Old Harbor,703,0,703,0,0,AEA Village Assessment,
2011,Alaska Village Electric Cooperative,Not regulated,1,Electric Co-op,221,Pilot Station,PCE Eligible Active,0,YU,Yukon,57058,Pilot Station,1200,0,1200,0,0,EIA-F860,
2011,Alaska Village Electric Cooperative,Not regulated,1,Electric Co-op,221,Quinhagak,PCE Eligible Active,0,SW,Southwest,57057,Quinhagak,1400,0,1100,0,300,EIA-F860,
2011,Alaska Village Electric Cooperative,Not regulated,1,Electric Co-op,221,Russian Mission,PCE Eligible Active,0,YU,Yukon,,Russian Mission,904,0,904,0,0,AEA Village Assessment,
2011,Alaska Village Electric Cooperative,Not regulated,1,Electric Co-op,221,Saint Mary's,PCE Eligible Active,1,YU,Yukon,6338,"Saint Mary's, Andreafsky, Pitkas Point",6500,0,6500,0,0,EIA-F860,Provides power to Andreafsky and Pitkas Point via intertie. Includes Andreafsky's information. Fuel use and cost also includes Pitkas Point.
2011,Alaska Village Electric Cooperative,Not regulated,1,Electric Co-op,221,Saint Michael,PCE Eligible Active,0,AN,Arctic Northwest,57061,Saint Michael,1000,0,1000,0,0,EIA-F860,
2011,Alaska Village Electric Cooperative,Not regulated,1,Electric Co-op,221,Savoonga,PCE Eligible Active,0,AN,Arctic Northwest,57052,Savoonga,1900,0,1700,0,200,EIA-F860,
2011,Alaska Village Electric Cooperative,Not regulated,1,Electric Co-op,221,Scammon Bay,PCE Eligible Active,0,YU,Yukon,57056,Scammon Bay,1300,0,1300,0,0,EIA-F860,
2011,Alaska Village Electric Cooperative,Not regulated,1,Electric Co-op,221,Selawik,PCE Eligible Active,0,AN,Arctic Northwest,6341,Selawik,1860,0,1600,0,260,EIA-F860,
2011,Alaska Village Electric Cooperative,Not regulated,1,Electric Co-op,221,Shageluk,PCE Eligible Active,0,YU,Yukon,,Shageluk,408,0,408,0,0,AEA Village Assessment,
2011,Alaska Village Electric Cooperative,Not regulated,1,Electric Co-op,221,Shaktoolik,PCE Eligible Active,0,AN,Arctic Northwest,,Shaktoolik,998,0,998,0,0,AEA Village Assessment,
2011,Alaska Village Electric Cooperative,Not regulated,1,Electric Co-op,221,Shishmaref,PCE Eligible Active,0,AN,Arctic Northwest,6345,Shishmaref,1400,0,1400,0,0,EIA-F860,
2011,Alaska Village Electric Cooperative,Not regulated,1,Electric Co-op,221,Shungnak,PCE Eligible Active,1,AN,Arctic Northwest,57063,"Shungnak, Kobuk",1200,0,1200,0,0,EIA-F860,Provides power to Kobuk via intertie. Fuel use and cost includes Kobuk's information.
2011,Alaska Village Electric Cooperative,Not regulated,1,Electric Co-op,221,Stebbins,PCE Eligible Active,0,AN,Arctic Northwest,57055,Stebbins,1200,0,1200,0,0,EIA-F860,
2011,Alaska Village Electric Cooperative,Not regulated,1,Electric Co-op,221,Teller,PCE Eligible Active,0,AN,Arctic Northwest,,Teller,1050,0,1050,0,0,AEA Village Assessment,
2011,Alaska Village Electric Cooperative,Not regulated,1,Electric Co-op,221,Togiak,PCE Eligible Active,0,SW,Southwest,6348,Togiak,1300,0,1300,0,0,EIA-F860,
2011,Alaska Village Electric Cooperative,Not regulated,1,Electric Co-op,221,Toksook Bay,PCE Eligible Active,1,SW,Southwest,57067,"Toksook Bay, Nightmute, Tununak",2100,0,1700,0,400,EIA-F860,Provides power to Nightmute and Tununak via intertie. Fuel use and cost includes Nightmute's and Tununak's information.
2011,Alaska Village Electric Cooperative,Not regulated,1,Electric Co-op,221,Tununak,PCE Eligible Active,1,SW,Southwest,,Tununak,325,0,325,0,0,AEA Village Assessment,"Receives power from Toksook Bay via intertie. For fuel use and cost, please refer to Toksook Bay."
2011,Alaska Village Electric Cooperative,Not regulated,1,Electric Co-op,221,Upper Kalskag,PCE Eligible Active,1,SW,Southwest,57054,"Kalskag, Lower Kalskag",1100,0,1100,0,0,EIA-F860,Provides power to Lower Kalskag via intertie. Fuel use and cost data includes information for Lower Kalskag.
2011,Alaska Village Electric Cooperative,Not regulated,1,Electric Co-op,221,Wales,PCE Eligible Active,0,AN,Arctic Northwest,,Wales,625,0,495,0,130,"AEA Village Assessment, AEA Wind Program Manager", 
2011,Alutiiq Power Company,"Regulated, rate exemption",1,Private Electric Utility,,Karluk,PCE Eligible Active,0,SC,Southcentral,,Karluk,140,0,140,0,0,AEA Village Assessment,
2011,Anchorage Municipal Light & Power,Regulated,1,Public Electric Utility,599,Anchorage 1,PCE Ineligible,1,SC,Southcentral,75,Anchorage,100900,100900,0,0,0,EIA-F860,
2011,Anchorage Municipal Light & Power,Regulated,1,Public Electric Utility,599,AWWU Conduit,PCE Ineligible,1,SC,Southcentral,,Anchorage,750,0,0,750,0,AEA Hydro Program Manager,
2011,Anchorage Municipal Light & Power,Regulated,1,Public Electric Utility,599,Eklutna Lake,PCE Ineligible,1,SC,Southcentral,77,Anchorage,44400,0,0,44400,0,EIA-F860,
2011,Anchorage Municipal Light & Power,Regulated,1,Public Electric Utility,599,George M Sullivan Generation Plant 2,PCE Ineligible,1,SC,Southcentral,6559,Anchorage,266300,266300,0,0,0,EIA-F860,
2011,Aniak Light & Power,Regulated,1,Private Electric Utility,4959,Aniak,PCE Eligible Active,0,SW,Southwest,7182,Aniak,1100,0,1100,0,0,EIA-F860,
2011,Arctic Village Electric Company,,1,Electric Co-op,,Arctic Village,PCE Eligible Inactive,0,YU,Yukon,,Arctic Village,395,0,395,0,0,AEA Village Assessment,
2011,"Atka, City of",Not regulated,1,Public Electric Utility,56256,Atka,PCE Eligible Active,0,SW,Southwest,,Atka,257,0,257,0,0,AEA Village Assessment,
2011,Atmautluak Tribal Utilities,Not regulated,1,Private Electric Utility,878,Atmautluak,PCE Eligible Active,0,SW,Southwest,,Atmautluak,547,0,547,0,0,AEA Village Assessment,
2011,Aurora Energy LLC Chena,Regulated,1,Independent Power Producer,986,Aurora Energy,PCE Ineligible,1,YU,Yukon,79,Fairbanks,27500,27500,0,0,0,EIA-F860, Aurora Energy LLC is an independent power producer that sells all its power to GVEA.
2011,"Banner Wind, LLC",,,Independent Power Producer,,Banner Peak Wind Farm,PCE Eligible Active,0,AN,Arctic Northwest,,Nome,1170,0,0,0,1170,AEA Wind Program Manager,"Banner Wind, LLC. is an independent power proucer, who sells all its power to Nome Joint Utility Systems."
2011,Barrow Utilities & Electric Cooperative Inc.,Not regulated,1,Electric Co-op,1276,Barrow,PCE Ineligible,0,AN,Arctic Northwest,7173,Barrow,20300,17300,3000,0,0,EIA-F860,
2011,Beaver Joint Utilities,Not regulated,1,Private Electric Utility,,Beaver,PCE Eligible Active,0,YU,Yukon,,Beaver,244,0,244,0,0,AEA Village Assessment,
2011,Bethel Utilities Corporation,Regulated,1,Private Electric Utility,1651,Bethel,PCE Eligible Active,1,SW,Southwest,6566,"Bethel, Oscarville",12600,0,12600,0,0,EIA-F860,Provides power to Oscarville and sells power to Napakiak Ircinraq via intertie. Data includes Oscarville's information.
2011,Birch Creek Village Electric,,,Private Electric Utility,1747,Birch Creek,PCE Eligible Inactive,0,YU,Yukon,,Birch Creek,28,0,28,0,0,AEA Village Assessment,
2011,"Buckland, City of",Not regulated,1,Public Electric Utility,,Buckland,PCE Eligible Active,0,AN,Arctic Northwest,,Buckland,1152,0,1152,0,0,AEA Village Assessment,
2011,Chalkyitsik Village Council,"Regulated, rate exemption",1,Private Electric Utility,,Chalkyitsik,PCE Eligible Active,0,YU,Yukon,,Chalkyitsik,307,0,307,0,0,AEA Village Assessment,
2011,Chenega Ira Council,"Regulated, rate exemption",1,Private Electric Utility,,Chenega Bay,PCE Eligible Active,0,SC,Southcentral,,Chenega Bay,198,0,198,0,0,AEA Village Assessment,
2011,"Chignik, City of",Not regulated,1,Private Electric Utility,3421,Chignik,PCE Eligible Active,0,SW,Southwest,,Chignik,575,0,575,0,0,AEA Village Assessment,
2011,Chignik Lagoon Power Utility,"Regulated, rate exemption",1,Private Electric Utility,,Chignik Lagoon,PCE Eligible Active,0,SW,Southwest,,Chignik Lagoon,453,0,453,0,0,AEA Village Assessment,
2011,Chignik Lake Electric Utility,Not regulated,1,Private Electric Utility,,Chignik Lake,PCE Eligible Active,0,SW,Southwest,,Chignik Lake,442,0,442,0,0,AEA Village Assessment,
2011,Chitina Electric Inc,Not regulated,1,Private Electric Utility,3465,Chitina,PCE Eligible Active,0,SC,Southcentral,,Chitina,301,0,301,0,0,AEA Village Assessment,
2011,Chugach Electric Assn Inc,Regulated,1,Electric Co-op,3522,Beluga,PCE Ineligible,1,SC,Southcentral,96,,374400,374400,0,0,0,EIA-F860,
2011,Chugach Electric Assn Inc,Regulated,1,Electric Co-op,3522,Bernice Lake,PCE Ineligible,1,SC,Southcentral,6292,,76700,76700,0,0,0,EIA-F860,
2011,Chugach Electric Assn Inc,Regulated,1,Electric Co-op,3522,Cooper Lake,PCE Ineligible,1,SC,Southcentral,6291,,19400,0,0,19400,0,EIA-F860,
2011,Chugach Electric Assn Inc,Regulated,1,Electric Co-op,3522,International,PCE Ineligible,1,SC,Southcentral,6293,,46300,46300,0,0,0,EIA-F860,
2011,Circle Electric Utility,Not regulated,1,Private Electric Utility,,Circle,PCE Eligible Active,0,YU,Yukon,,Circle,188,0,188,0,0,AEA Village Assessment,
2011,"Clark's Point, City of",Not regulated,1,Public Electric Utility,,Clark's Point,PCE Eligible Inactive,0,YU,Yukon,,Clark's Point,446,0,446,0,0,AEA Village Assessment,
2011,Copper Valley Elec Assn Inc,Not regulated,1,Private Electric Utility,4329,Glennallen,PCE Ineligible,1,SC,Southcentral,6305,Glennallen,10700,0,10700,0,0,EIA-F860,
2011,Copper Valley Elec Assn Inc,Not regulated,1,Private Electric Utility,4329,Solomon Gulch,PCE Ineligible,1,SC,Southcentral,390,"Glennallen, Valdez",12000,0,0,12000,0,EIA-F860,
2011,Copper Valley Elec Assn Inc,Not regulated,1,Private Electric Utility,4329,Valdez,PCE Ineligible,1,SC,Southcentral,6306,Valdez,9700,2800,6900,0,0,EIA-F860,
2011,Copper Valley Elec Assn Inc,Not regulated,1,Private Electric Utility,4329,Valdez Cogen,PCE Ineligible,1,SC,Southcentral,7841,Valdez,5300,5300,0,0,0,EIA-F860,
2011,Cordova Electric Cooperative,Not regulated,1,Electric Co-op,40215,Humpback Creek,PCE Eligible Active,1,SC,Southcentral,7042,"Cordova, Eyak",1200,0,0,1200,0,EIA-F860,New plant
2011,Cordova Electric Cooperative,Not regulated,1,Electric Co-op,40215,Orca,PCE Eligible Active,1,SC,Southcentral,789,"Cordova, Eyak",10700,0,10700,0,0,EIA-F860,
2011,Cordova Electric Cooperative,Not regulated,1,Electric Co-op,40215,Power Creek,PCE Eligible Active,1,SC,Southcentral,7862,"Cordova, Eyak",6000,0,0,6000,0,AEA Hydro Program Manager,
2011,Egegik Light & Power Co,Not regulated,1,Public Electric Utility,57351,Egegik,PCE Eligible Active,0,SW,Southwest,5553,Egegik,380,0,380,0,0,AEA Village Assessment,
2011,Elfin Cove Utility Commission,Not regulated,1,Electric Co-op,5721,Elfin Cove,PCE Eligible Active,0,SE,Southeast,,Elfin Cove,347,0,347,0,0,AEA Village Assessment,
2011,"Enerdyne, LLC",,,Independent Power Producer,,McRoberts Creek,PCE Ineligible,1,SC,Southcentral,,,125,,,125,,AEA Hydro Program Manager,Sells all its power to Matanuska Electric Association
2011,"False Pass, City of",Not regulated,1,Public Electric Utility,,False Pass,PCE Eligible Active,0,SW,Southwest,,False Pass,375,0,375,0,0,AEA Village Assessment,
2011,"Galena, City of",Not regulated,1,Public Electric Utility,6915,Galena,PCE Eligible Active,0,YU,Yukon,7437,Galena,4200,0,4200,0,0,EIA-F860,
2011,G & K Inc,Regulated,1,Private Electric Utility,6866,Cold Bay,PCE Eligible Active,0,SW,Southwest,,Cold Bay,2495,0,2495,0,0,AEA Village Assessment,
2011,Gold Country Energy,Regulated,1,Private Electric Utility,56739,Central,PCE Eligible Active,0,YU,Yukon,6111,Central,575,0,575,0,0,AEA Village Assessment,
2011,Golden Valley Elec Assn Inc,Regulated,1,Private Electric Utility,7353,Delta Power,PCE Ineligible,1,YU,Yukon,56325,,23100,23100,0,0,0,EIA-F860,
2011,Golden Valley Elec Assn Inc,Regulated,1,Private Electric Utility,7353,Fairbanks,PCE Ineligible,1,YU,Yukon,6286,,42200,36800,5400,0,0,EIA-F860,
2011,Golden Valley Elec Assn Inc,Regulated,1,Private Electric Utility,7353,Healy,PCE Ineligible,1,YU,Yukon,6288,,30800,28000,2800,0,0,EIA-F860,
2011,Golden Valley Elec Assn Inc,Regulated,1,Private Electric Utility,7353,North Pole,PCE Ineligible,1,YU,Yukon,6285,,181000,181000,0,0,0,EIA-F860,
2011,Golovin Power Utilities,Not regulated,1,Public Electric Utility,,Golovin,PCE Eligible Active,0,AN,Arctic Northwest,,Golovin,580,0,580,0,0,AEA Village Assessment,
2011,Gustavus Electric Co,Regulated,1,Private Electric Utility,7822,Falls Creek,PCE Eligible Active,0,SE,Southeast,,Gustavus,800,0,0,800,0,AEA Hydro Program Manager,
2011,Gustavus Electric Co,Regulated,1,Private Electric Utility,7822,Gustavus,PCE Eligible Active,0,SE,Southeast,,Gustavus,842,0,842,0,0,AEA Village Assessment,
2011,Gwitchyaa Zhee Utilities Company,Regulated,1,Private Electric Utility,7833,Fort Yukon,PCE Eligible Active,0,YU,Yukon,7174,Fort Yukon,1700,0,1700,0,0,EIA-F860,
2011,Homer Electric Assn Inc,Regulated,1,Private Electric Utility,19558,Bradley Lake,PCE Ineligible,1,SC,Southcentral,7367,,126000,0,0,119700,0,EIA-F860,"Generation from Bradley Lake is shared among Chugach, AML&P, HEA, MEA, Seward Electric and GVEA"
2011,Homer Electric Assn Inc,Regulated,1,Private Electric Utility,19558,Nikiski Co-Generation,PCE Ineligible,1,SC,Southcentral,55966,,37900,37900,0,0,0,EIA-F860,
2011,Homer Electric Assn Inc,Regulated,1,Private Electric Utility,19558,Seldovia,PCE Ineligible,1,SC,Southcentral,6283,,2400,0,2400,0,0,EIA-F860,
2011,Hughes Power & Light,Not regulated,1,Public Electric Utility,9000,Hughes,PCE Eligible Active,0,YU,Yukon,,Hughes,230,0,230,0,0,AEA Village Assessment,
2011,Igiugig Electric Company,"Regulated, rate exemption",1,Private Electric Utility,9192,Igiugig,PCE Eligible Active,0,SW,Southwest,,Igiugig,201,0,201,0,0,AEA Village Assessment,
2011,"I-N-N Electric Coop, Inc",Not regulated,1,Electric Co-op,9188,Newhalen,PCE Eligible Active,1,SW,Southwest,7183,"Iliamna, Newhalen, Nondalton",1500,0,1500,0,0,EIA-F860,"Power produced at the Tazimina hydroelectric project and the Newhalen plant is shared by Iliamna, Newhalen and Nondalton. Newhalen's information is included in Nondalton's data."
2011,"I-N-N Electric Coop, Inc",Not regulated,1,Electric Co-op,9188,Tazimina,PCE Eligible Active,1,SW,Southwest,,"Iliamna, Newhalen, Nondalton",800,0,0,800,0,EIA-F860,"Power produced at the Tazimina hydroelectric project and the Newhalen plant is shared by Iliamna, Newhalen and Nondalton. Iliamna's information is included in Nondalton's data."
2011,Inside Passage Electric,Regulated,1,Electric Co-op,18963,10 Mile,PCE Eligible Active,1,SE,Southeast,,"Haines, Skagway",600,0,0,600,0,AEA Hydro Program Manager,"Southern Energy Inc (SEI) owned this facility for most of 2011. IPEC bought the 10 Mile plant in October, 2011. Prior to t he purchase SEI wholesale all power to IPEC. All IPEC comminities have a postage stamp rate. Part of the Alaska Power Company's grid in the Upper Lynn Canal service area."
2011,Inside Passage Electric,Regulated,1,Electric Co-op,18963,Angoon,PCE Eligible Active,0,SE,Southeast,7462,Angoon,1500,0,1500,0,0,EIA-F860,
2011,Inside Passage Electric,Regulated,1,Electric Co-op,18963,Chilkat Valley,PCE Eligible Active,1,SE,Southeast,7467,Chilkat Valley,1100,0,1100,0,0,EIA-F860,Provides power to Klukwan via intertie. Power is purchased from AP&T.
2011,Inside Passage Electric,Regulated,1,Electric Co-op,18963,Hoonah,PCE Eligible Active,0,SE,Southeast,7463,Hoonah,2400,0,2400,0,0,EIA-F860,
2011,Inside Passage Electric,Regulated,1,Electric Co-op,18963,Kake,PCE Eligible Active,0,SE,Southeast,7464,Kake,2500,0,2500,0,0,EIA-F860,
2011,Ipnatchiaq Electric Company,Not regulated,1,Private Electric Utility,9416,Deering,PCE Eligible Active,0,AN,Arctic Northwest,,Deering,577,0,577,0,0,AEA Village Assessment,
2011,Ketchikan Public Utilities,Not regulated,1,Public Electric Utility,10210,Beaver Falls,PCE Ineligible,1,SE,Southeast,6580,Ketchikan,5400,0,0,5400,0,EIA-F860,
2011,Ketchikan Public Utilities,Not regulated,1,Public Electric Utility,10210,Ketchikan,PCE Ineligible,1,SE,Southeast,84,Ketchikan,4200,0,0,4200,0,EIA-F860,
2011,Ketchikan Public Utilities,Not regulated,1,Public Electric Utility,10210,Silvis,PCE Ineligible,1,SE,Southeast,6581,Ketchikan,2100,0,0,2100,0,EIA-F860,
2011,Ketchikan Public Utilities,Not regulated,1,Public Electric Utility,10210,Swan Lake,PCE Ineligible,1,SE,Southeast,70,"Wrangell, Petersburg, Ketchikan",22400,0,0,22400,0,EIA-F860,
2011,Ketchikan Public Utilities,Not regulated,1,Public Electric Utility,10210,S W Bailey,PCE Ineligible,1,SE,Southeast,85,Ketchikan,25900,0,25900,0,0,EIA-F860,
2011,"King Cove, City of",Not regulated,1,Public Electric Utility,9897,King Cove,PCE Eligible Active,0,SW,Southwest,7493,King Cove,2600,0,1800,800,0,EIA-F860, 
2011,Kobuk Valley Electric Company,,1,Electric Co-op,,Kobuk,PCE Eligible Active,1,AN,Arctic Northwest,,Kobuk,215,0,215,0,0,AEA Village Assessment,"Receives power from Shungnak via intertie. For fuel use and cost, please refer to Shungnak. On July 1, 2012, AVEC took over operations in Kobuk."
2011,Kodiak Electric Assn Inc,Regulated,1,Electric Co-op,10433,Kodiak,PCE Ineligible,1,SC,Southcentral,6281,Kodiak,22300,0,22300,0,0,EIA-F860,
2011,Kodiak Electric Assn Inc,Regulated,1,Electric Co-op,10433,Nymans Plant,PCE Ineligible,1,SC,Southcentral,7723,Kodiak,10000,0,10000,0,0,EIA-F860,
2011,Kodiak Electric Assn Inc,Regulated,1,Electric Co-op,10433,Pillar Mountain,PCE Ineligible,1,SC,Southcentral,57187,Kodiak,4500,0,0,0,4500,EIA-F860,
2011,Kodiak Electric Assn Inc,Regulated,1,Electric Co-op,10433,Port Lions,PCE Ineligible,1,SC,Southcentral,6282,Kodiak,1000,0,1000,0,0,EIA-F860,
2011,Kodiak Electric Assn Inc,Regulated,1,Electric Co-op,10433,Terror Lake,PCE Ineligible,1,SC,Southcentral,71,Kodiak,22400,0,0,22400,0,EIA-F860,
2011,Kokhanok Village Council,"Regulated, rate exemption",1,Public Electric Utility,10455,Kokhanok,PCE Eligible Active,0,SW,Southwest,,Kokhanok,612,0,612,0,0,AEA Village Assessment,
2011,Kotzebue Electric Association,Not regulated,1,Electric Co-op,10451,Kotzebue,PCE Eligible Active,0,AN,Arctic Northwest,6304,Kotzebue,14600,0,11700,0,1140,AEA Wind Program Manager,
2011,"Koyukuk, City of",Not regulated,1,Public Electric Utility,,Koyukuk,PCE Eligible Active,0,YU,Yukon,,Koyukuk,202,0,202,0,0,AEA Village Assessment,
2011,Kwethluk Incorporated d/b/a Kuiggluum Kallugvia,Not regulated,1,Private Electric Utility,9832,Kwethluk,PCE Eligible Active,0,SW,Southwest,,Kwethluk,1300,0,1300,0,0,AEA Village Assessment,
2011,Kwigillingok Power Company,Not regulated,1,Private Electric Utility,10491,Kwigillingok,PCE Eligible Active,0,SW,Southwest,,Kwigillingok,723,0,723,0,0,AEA Village Assessment,
2011,Larsen Bay Utility Company,Not regulated,1,Public Electric Utility,10716,Larsen Bay,PCE Eligible Active,0,SC,Southcentral,,Larsen Bay,868,0,393,475,0,"AEA Hydro Program Manager, AEA Village Assessment", 
2011,Levelock Electrical Coop,Not regulated,1,Electric Co-op,,Levelock,PCE Eligible Active,0,SW,Southwest,,Levelock,234,0,234,0,0,AEA Village Assessment,
2011,Manokotak Power Company,Not regulated,1,Private Electric Utility,26317,Manokotak,PCE Eligible Active,0,SW,Southwest,,Manokotak,730,0,730,0,0,AEA Village Assessment,
2011,Mcgrath Light & Power,Regulated,1,Private Electric Utility,12119,McGrath,PCE Eligible Active,0,SW,Southwest,6555,McGrath,2200,0,2200,0,0,EIA-F860,
2011,Metlakatla Power & Light,Regulated,1,Private Electric Utility,12385,Centennial,PCE Ineligible,0,SE,Southeast,7112,Metlakatla,3300,0,3300,0,0,EIA-F860,
2011,Metlakatla Power & Light,Regulated,1,Private Electric Utility,12385,Chester Lake,PCE Ineligible,0,SE,Southeast,7168,Metlakatla,1000,0,0,1000,0,EIA-F860,
2011,Metlakatla Power & Light,Regulated,1,Private Electric Utility,12385,Purple Lake,PCE Ineligible,0,SE,Southeast,6302,Metlakatla,3900,0,0,3900,0,EIA-F860,
2011,Middle Kuskokwim Electric,Regulated,1,Electric Co-op,12485,Chuathbaluk,PCE Eligible Active,0,SW,Southwest,,Chuathbaluk,179,0,179,0,0,AEA Village Assessment,
2011,Middle Kuskokwim Electric,Regulated,1,Electric Co-op,12485,Crooked Creek,PCE Eligible Active,0,SW,Southwest,,Crooked Creek,223,0,223,0,0,AEA Village Assessment,
2011,Middle Kuskokwim Electric,Regulated,1,Electric Co-op,12485,Red Devil,PCE Eligible Active,0,SW,Southwest,,Red Devil,130,0,130,0,0,AEA Village Assessment,
2011,Middle Kuskokwim Electric,Regulated,1,Electric Co-op,12485,Sleetmute,PCE Eligible Active,0,SW,Southwest,,Sleetmute,323,0,323,0,0,AEA Village Assessment,
2011,Middle Kuskokwim Electric,Regulated,1,Electric Co-op,12485,Stony River,PCE Eligible Active,0,SW,Southwest,,Stony River,138,0,138,0,0,AEA Village Assessment,
2011,Naknek Electric Association,Not regulated,1,Electric Co-op,13201,Naknek,PCE Eligible Active,1,SW,Southwest,6301,"Naknek, King Salmon, South Naknek",9900,0,9900,0,0,EIA-F860,Provides power to South Naknek and King Salmon via intertie. Data includes South Naknek's and King Salmon's information.
2011,Napakiak Ircinraq,Not regulated,1,Private Electric Utility,13211,Napakiak,PCE Eligible Active,1,SW,Southwest,,Napakiak,250,0,250,0,0,AEA Village Assessment,Purchases power from Bethel Utilities Corporation
2011,Naterkaq Light Plant (City of Chefornak),Not regulated,1,Private Electric Utility,3422,Chefornak,PCE Eligible Active,0,SW,Southwest,,Chefornak,921,0,921,0,0,AEA Village Assessment,
2011,Native Village of Perryville,"Regulated, rate exemption",1,Private Electric Utility,14832,Perryville,PCE Eligible Active,0,SW,Southwest,,Perryville,497,0,473,0,24,"AEA Wind Program Manager, AEA Village Assessment", 
2011,Nelson Lagoon Electrical Coop,Not regulated,1,Electric Co-op,13477,Nelson Lagoon,PCE Eligible Active,0,SW,Southwest,,Nelson Lagoon,300,0,300,0,0,AEA Village Assessment,
2011,New Koliganek Village Council,"Regulated, rate exemption",1,Private Electric Utility,,Koliganek,PCE Eligible Active,0,SW,Southwest,,Koliganek,420,0,420,0,0,AEA Village Assessment,
2011,"Nikolai, City of",Not regulated,1,Public Electric Utility,,Nikolai,PCE Eligible Active,0,SW,Southwest,,Nikolai,300,0,300,0,0,AEA Village Assessment,
2011,Nome Joint Utility Systems,Not regulated,1,Private Electric Utility,13642,Snake River,PCE Eligible Active,0,AN,Arctic Northwest,90,Nome,20500,0,20500,0,0,EIA-F860,
2011,North Slope Borough Power & Light,Not regulated,1,Public Electric Utility,26616,Anaktuvuk Pass,PCE Eligible Active,0,AN,Arctic Northwest,7487,Anaktuvuk Pass,2800,0,2800,0,0,EIA-F860,
2011,North Slope Borough Power & Light,Not regulated,1,Public Electric Utility,26616,Atqasuk,PCE Eligible Active,0,AN,Arctic Northwest,7482,Atqasuk,3200,0,3200,0,0,EIA-F860,
2011,North Slope Borough Power & Light,Not regulated,1,Public Electric Utility,26616,Kaktovik,PCE Eligible Active,0,AN,Arctic Northwest,7483,Kaktovik,2600,0,2600,0,0,EIA-F860,
2011,North Slope Borough Power & Light,Not regulated,1,Public Electric Utility,26616,Nuiqsut,PCE Eligible Active,0,AN,Arctic Northwest,7484,Nuiqsut,4200,0,4200,0,0,EIA-F860,
2011,North Slope Borough Power & Light,Not regulated,1,Public Electric Utility,26616,Point Hope,PCE Eligible Active,0,AN,Arctic Northwest,7485,Point Hope,2700,0,2700,0,0,EIA-F860,
2011,North Slope Borough Power & Light,Not regulated,1,Public Electric Utility,26616,Point Lay,PCE Eligible Active,0,AN,Arctic Northwest,7486,Point Lay,1800,0,1800,0,0,EIA-F860,
2011,North Slope Borough Power & Light,Not regulated,1,Public Electric Utility,26616,Wainwright,PCE Eligible Active,0,AN,Arctic Northwest,7488,Wainwright,3000,0,3000,0,0,EIA-F860,
2011,Nunam Iqua Electric Company,Not regulated,1,Public Electric Utility,,Sheldon Point,PCE Eligible Active,0,YU,Yukon,,Nunam Iqua,708,0,708,0,0,AEA Village Assessment,
2011,Nushagak Electric Cooperative,Not regulated,1,Electric Co-op,13870,Dillingham,PCE Eligible Active,1,SW,Southwest,109,"Dillingham, Aleknagik",6600,0,6600,0,0,EIA-F860,Provides power to Aleknagik via intertie. Data includes Aleknagik's information.
2011,"Ouzinkie, City of",Not regulated,1,Public Electric Utility,14234,Ouzinkie,PCE Eligible Active,0,SC,Southcentral,,Ouzinkie,336,0,336,0,0,AEA Village Assessment,
2011,Pedro Bay Village Council,"Regulated, rate exemption",1,Private Electric Utility,14633,Pedro Bay,PCE Eligible Active,0,SW,Southwest,,Pedro Bay,211,0,211,0,0,AEA Village Assessment,
2011,Pelican Utility,Not regulated,1,Public Electric Utility,29297,Pelican,PCE Eligible Active,0,SE,Southeast,6702,Pelican,2850,0,2200,700,0,EIA-F860,
2011,"Petersburg, City of",Not regulated,1,Public Electric Utility,14856,Blind Slough,PCE Ineligible,1,SE,Southeast,91,Petersburg,12700,0,10700,2000,0,EIA-F860,
2011,Pilot Point Electric Utility,Not regulated,1,Public Electric Utility,,Pilot Point,PCE Eligible Active,0,SW,Southwest,,Pilot Point,246,0,246,0,0,AEA Village Assessment,
2011,"Platinum, City of",Not regulated,1,Public Electric Utility,,Platinum,PCE Eligible Inactive,0,SW,Southwest,,Platinum,129,0,129,0,0,AEA Village Assessment,
2011,Port Heiden Utilities,Not regulated,1,Public Electric Utility,,Port Heiden,PCE Eligible Active,0,SW,Southwest,,Port Heiden,369,0,369,0,0,AEA Village Assessment,
2011,Puvurnaq Power Company,"Regulated, rate exemption",1,Private Electric Utility,,Kongiganak,PCE Eligible Active,0,SW,Southwest,,Kongiganak,1375,0,925,0,450,AEA Village Assessment,
2011,Rampart Village Council,Not regulated,,Public Electric Utility,,Rampart,PCE Eligible Inactive,0,YU,Yukon,,Rampart,367,0,367,0,0,AEA Village Assessment,
2011,"Ruby, City of",Not regulated,1,Public Electric Utility,,Ruby,PCE Eligible Active,0,YU,Yukon,,Ruby,464,0,464,0,0,AEA Village Assessment,
2011,"Saint George, City of",Not regulated,1,Public Electric Utility,,Saint George,PCE Eligible Active,0,SW,Southwest,,Saint George,980,0,980,0,0,AEA Village Assessment,
2011,Saint Paul Municipal Electric,Not regulated,1,Public Electric Utility,17898,Saint Paul,PCE Eligible Active,0,SW,Southwest,,Saint Paul,3295,0,2620,0,675,"AEA Village Assessment, AEA Wind Program Manager", 
2011,"Seward, City of",Not regulated,1,Public Electric Utility,16955,Seward,PCE Ineligible,1,SC,Southcentral,92,Seward,15600,0,15600,0,0,EIA-F860,
2011,"Sitka, City & Borough of",Not regulated,1,Public Electric Utility,17271,Blue Lake,PCE Ineligible,0,SE,Southeast,93,Sitka,7000,0,0,7000,0,EIA-F860,
2011,"Sitka, City & Borough of",Not regulated,1,Public Electric Utility,17271,Green Lake,PCE Ineligible,0,SE,Southeast,313,Sitka,18600,0,0,18600,0,EIA-F860,
2011,"Sitka, City & Borough of",Not regulated,1,Public Electric Utility,17271,Jarvis Street,PCE Ineligible,0,SE,Southeast,6801,Sitka,12100,0,12100,0,0,EIA-F860,
2011,Southeast Alaska Power Agency,,,Independent Power Producer,,Tyee Lake,PCE Ineligible,1,SE,Southeast,,"Wrangell, Petersburg, Ketchikan",22500,0,0,20000,0,FERC,
2011,Stevens Village Ira Council,Not regulated,1,Public Electric Utility,,Stevens Village,PCE Eligible Inactive,0,YU,Yukon,,Stevens Village,263,0,263,0,0,AEA Village Assessment,
2011,Sustainable Energy Company of AK Peninsula,Not regulated,,Independent Power Producer,,Pilot Point,PCE Eligible Active,0,SW,Southwest,,"Pilot Point, Port Heiden",20,0,0,0,20,AEA Wind Program Manager,The communities are eligible for PCE but not the IPP.
2011,Takotna Community Assoc Inc,Not regulated,1,Public Electric Utility,,Takotna,PCE Eligible Active,0,SW,Southwest,,Takotna,216,0,216,0,0,AEA Village Assessment,
2011,Tanalian Electric Cooperative,Not regulated,1,Public Electric Utility,,Port Alsworth,PCE Eligible Active,0,SW,Southwest,,Port Alsworth,466,0,466,0,0,AEA Village Assessment,
2011,Tanana Power Company Inc,Regulated,1,Private Electric Utility,18474,Tanana,PCE Eligible Active,0,YU,Yukon,,Tanana,1545,0,1545,0,0,AEA Village Assessment,
2011,Tatitlek Village Ira Council,Regulated,1,Private Electric Utility,18480,Tatitlek,PCE Eligible Active,0,SC,Southcentral,,Tatitlek,315,0,315,0,0,AEA Village Assessment,
2011,TDX Adak Generating LLC,Regulated,1,Public Electric Utility,,Adak,PCE Eligible Active,0,SW,Southwest,,Adak,4035,0,4035,0,0,AEA Village Assessment,
2011,TDX Corporation,Regulated,1,Private Electric Utility,,Sand Point,PCE Eligible Active,0,SW,Southwest,,Sand Point,3880,0,2880,0,1000,"AEA Wind Program Manager, AEA Village Assessment", 
2011,TDX Manley Generating LLC,Regulated,1,Private Electric Utility,56503,Manley Hot Springs,PCE Eligible Active,0,YU,Yukon,11591,Manley Hot Springs,486,0,486,0,0,AEA Village Assessment,
2011,"Tenakee Springs, City of",Not regulated,1,Public Electric Utility,18541,Tenakee Springs,PCE Eligible Active,0,SE,Southeast,,Tenakee Springs,240,0,240,0,0,AEA Village Assessment,
2011,Tuluksak Traditional,"Regulated, rate exemption",1,Private Electric Utility,,Tuluksak,PCE Eligible Active,0,SW,Southwest,,Tuluksak,795,0,795,0,0,AEA Village Assessment,
2011,Tuntutuliak Community,"Regulated, rate exemption",1,Electric Co-op,19267,Tuntutuliak,PCE Eligible Active,0,SW,Southwest,,Tuntutuliak,865,0,865,0,0,AEA Village Assessment,
2011,Twin Hills Village Council,Not regulated,1,Private Electric Utility,,Twin Hills,PCE Eligible Active,0,SW,Southwest,,Twin Hills,220,0,220,0,0,AEA Village Assessment,
2011,Umnak Power Company,Not regulated,1,Private Electric Utility,,Nikolski,PCE Eligible Active,0,SW,Southwest,,Nikolski,261,0,196,0,65,AEA Village Assessment,
2011,Unalakleet Valley Electric Cooperative,Regulated,1,Electric Co-op,40548,Unalakleet,PCE Eligible Active,0,AN,Arctic Northwest,6299,Unalakleet,2600,0,2000,0,600,EIA-F860,
2011,"Unalaska, City of",Not regulated,1,Public Electric Utility,19454,Dutch Harbor,PCE Ineligible,0,SW,Southwest,7502,Dutch Harbor,17500,0,17500,0,0,EIA-F860,
2011,"Unalaska, City of",Not regulated,1,Public Electric Utility,19454,Unalaska Power Module,PCE Eligible Active,0,SW,Southwest,7503,Unalaska,1100,0,1100,0,0,EIA-F860,
2011,Venetie Village Electric,"Regulated, rate exemption",1,Private Electric Utility,,Venetie,PCE Eligible Active,0,YU,Yukon,,Venetie,495,0,495,0,0,AEA Village Assessment,
2011,"White Mountain, City of",Not regulated,1,Public Electric Utility,20535,White Mountain,PCE Eligible Active,0,AN,Arctic Northwest,,White Mountain,585,0,585,0,0,AEA Village Assessment,
2011,"Wrangell, City of",Not regulated,1,Public Electric Utility,21015,Wrangell,PCE Ineligible,1,SE,Southeast,95,Wrangell,8500,0,8500,0,0,EIA-F860,
2011,Yakutat Power Inc,Not regulated,1,Public Electric Utility,30150,Yakutat,PCE Eligible Active,0,SE,Southeast,6637,Yakutat,3700,0,3700,0,0,EIA-F860,
2012,"Akhiok, City of",Not regulated,1,Public Electric Utility,,Akhiok,PCE Eligible Inactive,0,SC,Southcentral,,Akhiok,360,0,360,0,0,AEA Village Assessment,
2012,Akiachak Native Community,Not regulated,1,Private Electric Utility,192,Akiachak,PCE Eligible Active,0,SW,Southwest,,Akiachak,1500,0,1500,0,0,AEA Village Assessment,
2012,Akiak City Council,Not regulated,1,Public Electric Utility,,Akiak,PCE Eligible Active,0,SW,Southwest,,Akiak,920,0,920,0,0,AEA Village Assessment,
2012,"Akutan, City of",Not regulated,1,Public Electric Utility,24486,Akutan,PCE Eligible Active,0,SW,Southwest,,Akutan,407,0,407,0,0,AEA Village Assessment,
2012,Alaska Electric Light & Power Company,Regulated,1,Private Electric Utility,213,Annex Creek,PCE Ineligible,0,SE,Southeast,62,Juneau,4000,0,0,4000,0,EIA-F860,
2012,Alaska Electric Light & Power Company,Regulated,1,Private Electric Utility,213,Auke Bay,PCE Ineligible,0,SE,Southeast,7250,Juneau,36200,33700,2500,0,0,EIA-F860,
2012,Alaska Electric Light & Power Company,Regulated,1,Private Electric Utility,213,Gold Creek,PCE Ineligible,0,SE,Southeast,63,Juneau,9700,0,8100,1600,0,EIA-F860,
2012,Alaska Electric Light & Power Company,Regulated,1,Private Electric Utility,213,Lake Dorothy,PCE Ineligible,0,SE,Southeast,57085,Juneau,14300,0,0,14300,0,EIA-F860,
2012,Alaska Electric Light & Power Company,Regulated,1,Private Electric Utility,213,Lemon Creek,PCE Ineligible,0,SE,Southeast,64,Juneau,61700,37200,24500,0,0,EIA-F860,
2012,Alaska Electric Light & Power Company,Regulated,1,Private Electric Utility,213,Salmon Creek 1,PCE Ineligible,0,SE,Southeast,65,Juneau,8500,0,0,8500,0,EIA-F860,
2012,Alaska Electric Light & Power Company,Regulated,1,Private Electric Utility,213,Snettisham,PCE Ineligible,0,SE,Southeast,78,Juneau,78200,0,0,78200,0,EIA-F860,
2012,Alaska Environmental Power LLC,Regulated,1,Independent Power Producer,58488,Delta Wind Farm,PCE Ineligible,1,YU,Yukon,58511,Fairbanks,1000,0,0,0,1000,EIA-F860,
2012,Alaska Power & Telephone Company,Regulated,1,Private Electric Utility,219,Allakaket,PCE Eligible Active,1,YU,Yukon,,"Allakaket, Alatna",525,0,525,0,0,AEA Village Assessment,
2012,Alaska Power & Telephone Company,Regulated,1,Private Electric Utility,219,Bettles,PCE Eligible Active,1,YU,Yukon,,"Bettles, Evansville",600,0,600,0,0,AEA Village Assessment,
2012,Alaska Power & Telephone Company,Regulated,1,Private Electric Utility,219,Black Bear Lake,PCE Eligible Active,1,SE,Southeast,7752,Craig,4500,0,0,4500,0,EIA-F860,
2012,Alaska Power & Telephone Company,Regulated,1,Private Electric Utility,219,Chistochina,PCE Eligible Active,1,YU,Yukon,,Chistochina,200,0,200,0,0,AEA Village Assessment,Receives power from Slana via intertie.
2012,Alaska Power & Telephone Company,Regulated,1,Private Electric Utility,219,Coffman Cove,PCE Eligible Active,1,SE,Southeast,,Coffman Cove,660,0,660,0,0,AEA Village Assessment,Part of the Prince of Wales Island grid. Receives power from Craig. 
2012,Alaska Power & Telephone Company,Regulated,1,Private Electric Utility,219,Craig,PCE Eligible Active,1,SE,Southeast,421,"Craig, Klawock",4400,0,4400,0,0,EIA-F860,"Part of the Prince of Wales Island grid. Provides to Hollis, Hydaburg, Klawock, Thorne Bay and Kaasan, Coffman Cove."
2012,Alaska Power & Telephone Company,Regulated,1,Private Electric Utility,219,Eagle,PCE Eligible Active,1,YU,Yukon,,"Eagle, Eagle Village",450,0,450,0,0,AEA Village Assessment,
2012,Alaska Power & Telephone Company,Regulated,1,Private Electric Utility,219,False Island,PCE Eligible Active,1,SE,Southeast,56146,"Kasaan, Thorne Bay",1300,0,1300,0,0,EIA-F860,Part of the Prince of Wales Island grid. Receives power from Craig. 
2012,Alaska Power & Telephone Company,Regulated,1,Private Electric Utility,219,Goat Lake,PCE Eligible Active,1,SE,Southeast,7751,"Covenant Life, Haines, Skagway",4000,0,0,4000,0,EIA-F860,Part of the Upper Lynn Canal Service Area.
2012,Alaska Power & Telephone Company,Regulated,1,Private Electric Utility,219,Haines,PCE Eligible Active,1,SE,Southeast,69,Haines,6200,0,6200,0,0,EIA-F860,Plant is also referred to as Lutak. Part of the Upper Lynn Canal Service Area.
2012,Alaska Power & Telephone Company,Regulated,1,Private Electric Utility,219,Haines,PCE Eligible Active,1,SE,Southeast,69,"Haines, Skagway",6485,0,6200,285,0,AEA Hydro Program Manager,Plant is also referred to as Lutak. Part of the Upper Lynn Canal Service Area.
2012,Alaska Power & Telephone Company,Regulated,1,Private Electric Utility,219,Healy Lake,PCE Eligible Active,0,YU,Yukon,,Healy Lake,83,0,83,0,0,AEA Village Assessment,
2012,Alaska Power & Telephone Company,Regulated,1,Private Electric Utility,219,Hollis,PCE Eligible Active,1,SE,Southeast,,Hollis,450,0,450,0,0,AEA Village Assessment,Part of the Prince of Wales Island grid. Receives power from Craig.
2012,Alaska Power & Telephone Company,Regulated,1,Private Electric Utility,219,Hydaburg,PCE Eligible Active,1,SE,Southeast,423,Hydaburg,1000,0,1000,0,0,EIA-F860,Part of the Prince of Wales Island grid. Receives power from Craig.
2012,Alaska Power & Telephone Company,Regulated,1,Private Electric Utility,219,Kasidaya Creek,PCE Eligible Active,1,SE,Southeast,56542,"Covenant Life, Haines, Skagway",3000,0,0,3000,0,EIA-F860,Part of the Upper Lynn Canal Service Area.
2012,Alaska Power & Telephone Company,Regulated,1,Private Electric Utility,219,Naukati Bay,PCE Eligible Active,0,SE,Southeast,,Naukati Bay,488,0,488,0,0,AEA Village Assessment,
2012,Alaska Power & Telephone Company,Regulated,1,Private Electric Utility,219,Northway,PCE Eligible Active,1,YU,Yukon,7169,"Northway, Northway Village",1100,0,1100,0,0,EIA-F860,
2012,Alaska Power & Telephone Company,Regulated,1,Private Electric Utility,219,Skagway,PCE Eligible Active,1,SE,Southeast,66,"Covenant Life, Haines, Skagway",4400,0,3400,1000,0,EIA-F860,"Plant also referred as Dewey Lake.
Part of the Upper Lynn Canal Service Area."
2012,Alaska Power & Telephone Company,Regulated,1,Private Electric Utility,219,Slana,PCE Eligible Active,1,YU,Yukon,,"Slana, Chistochina",730,0,730,0,0,AEA Village Assessment,
2012,Alaska Power & Telephone Company,Regulated,1,Private Electric Utility,219,South Fork,PCE Eligible Active,1,SE,Southeast,56265,Klawock,2000,0,0,2000,0,EIA-F860,
2012,Alaska Power & Telephone Company,Regulated,1,Private Electric Utility,219,Thorne Bay Plant,PCE Eligible Active,1,SE,Southeast,7414,"Kasaan, Thorne Bay",1000,0,1000,0,0,EIA-F860,Part of the Prince of Wales Island grid. Receives power from Craig. 
2012,Alaska Power & Telephone Company,Regulated,1,Private Electric Utility,219,Tok,PCE Eligible Active,1,YU,Yukon,406,"Tok, Tanacross",7600,0,7600,0,0,EIA-F860,"Provides power to Tanacross, Tetlin and Dot Lake via intertie."
2012,Alaska Power & Telephone Company,Regulated,1,Private Electric Utility,219,Viking,PCE Eligible Active,1,SE,Southeast,56147,Craig,1000,0,1000,0,0,EIA-F860,"Part of the Prince of Wales Island grid. Provides to Hollis, Hydaburg, Klawock, Thorne Bay and Kaasan, Coffman Cove."
2012,Alaska Power & Telephone Company,Regulated,1,Private Electric Utility,219,Whale Pass,PCE Eligible Active,0,SE,Southeast,,Whale Pass,250,0,250,0,0,AEA Village Assessment,
2012,Alaska Village Electric Cooperative,Not regulated,1,Electric Co-op,221,Alakanuk,PCE Eligible Active,0,YU,Yukon,57053,Alakanuk,1300,0,1300,0,0,EIA-F860,
2012,Alaska Village Electric Cooperative,Not regulated,1,Electric Co-op,221,Ambler,PCE Eligible Active,0,AN,Arctic Northwest,,Ambler,1115,0,1115,0,0,AEA Village Assessment,
2012,Alaska Village Electric Cooperative,Not regulated,1,Electric Co-op,221,Anvik,PCE Eligible Active,0,YU,Yukon,,Anvik,375,0,375,0,0,AEA Village Assessment,
2012,Alaska Village Electric Cooperative,Not regulated,1,Electric Co-op,221,Brevig Mission,PCE Eligible Active,0,AN,Arctic Northwest,,Brevig Mission,1025,0,1025,0,0,AEA Village Assessment,
2012,Alaska Village Electric Cooperative,Not regulated,1,Electric Co-op,221,Chevak,PCE Eligible Active,0,YU,Yukon,6311,Chevak,2015,0,1615,0,400,"AEA Wind Program Manager, AEA Village Assessment",
2012,Alaska Village Electric Cooperative,Not regulated,1,Electric Co-op,221,Eek,PCE Eligible Active,0,SW,Southwest,,Eek,595,0,595,0,0,AEA Village Assessment,
2012,Alaska Village Electric Cooperative,Not regulated,1,Electric Co-op,221,Ekwok,PCE Eligible Active,0,SW,Southwest,,Ekwok,370,0,370,0,0,AEA Village Assessment,
2012,Alaska Village Electric Cooperative,Not regulated,1,Electric Co-op,221,Elim,PCE Eligible Active,0,AN,Arctic Northwest,57060,Elim,1600,0,1600,0,0,EIA-F860,
2012,Alaska Village Electric Cooperative,Not regulated,1,Electric Co-op,221,Emmonak,PCE Eligible Active,0,YU,Yukon,6314,Emmonak,2800,0,2400,0,400,EIA-F860,Source for wind data is the Renewable Energy Fund program.
2012,Alaska Village Electric Cooperative,Not regulated,1,Electric Co-op,221,Gambell,PCE Eligible Active,0,AN,Arctic Northwest,57062,Gambell,1900,0,1600,0,300,EIA-F860,Source for wind data is the AEA Wind Program Manager
2012,Alaska Village Electric Cooperative,Not regulated,1,Electric Co-op,221,Goodnews Bay,PCE Eligible Active,0,SW,Southwest,,Goodnews Bay,480,0,480,0,0,AEA Village Assessment,
2012,Alaska Village Electric Cooperative,Not regulated,1,Electric Co-op,221,Grayling,PCE Eligible Active,0,YU,Yukon,,Grayling,260,0,260,0,0,AEA Village Assessment,
2012,Alaska Village Electric Cooperative,Not regulated,1,Electric Co-op,221,Holy Cross,PCE Eligible Active,0,YU,Yukon,,Holy Cross,455,0,455,0,0,AEA Village Assessment,
2012,Alaska Village Electric Cooperative,Not regulated,1,Electric Co-op,221,Hooper Bay,PCE Eligible Active,0,YU,Yukon,6319,Hooper Bay,1900,0,1600,0,300,EIA-F860,Source for wind data is AEA Wind Program Manager
2012,Alaska Village Electric Cooperative,Not regulated,1,Electric Co-op,221,Huslia,PCE Eligible Active,0,YU,Yukon,,Huslia,796,0,796,0,0,AEA Village Assessment,
2012,Alaska Village Electric Cooperative,Not regulated,1,Electric Co-op,221,Kaltag,PCE Eligible Active,0,YU,Yukon,,Kaltag,549,0,549,0,0,AEA Village Assessment,
2012,Alaska Village Electric Cooperative,Not regulated,1,Electric Co-op,221,Kasigluk,PCE Eligible Active,1,SW,Southwest,57066,"Kasigluk, Nunapitchuk",1900,0,1600,0,300,EIA-F860,Source for wind data is the AEA Wind Program Manager
2012,Alaska Village Electric Cooperative,Not regulated,1,Electric Co-op,221,Kiana,PCE Eligible Active,0,AN,Arctic Northwest,6323,Kiana,1100,0,1100,0,0,EIA-F860,
2012,Alaska Village Electric Cooperative,Not regulated,1,Electric Co-op,221,Kivalina,PCE Eligible Active,0,AN,Arctic Northwest,57065,Kivalina,1100,0,1100,0,0,EIA-F860,
2012,Alaska Village Electric Cooperative,Not regulated,1,Electric Co-op,221,Kotlik,PCE Eligible Active,0,YU,Yukon,57064,Kotlik,1400,0,1400,0,0,EIA-F860,
2012,Alaska Village Electric Cooperative,Not regulated,1,Electric Co-op,221,Koyuk,PCE Eligible Active,0,AN,Arctic Northwest,57059,Koyuk,1100,0,1100,0,0,EIA-F860,
2012,Alaska Village Electric Cooperative,Not regulated,1,Electric Co-op,221,Marshall,PCE Eligible Active,0,YU,Yukon,,Marshall,1085,0,1085,0,0,AEA Village Assessment,
2012,Alaska Village Electric Cooperative,Not regulated,1,Electric Co-op,221,Mekoryuk,PCE Eligible Active,0,SW,Southwest,,Mekoryuk,904,0,704,0,200,AEA Village Assessment,
2012,Alaska Village Electric Cooperative,Not regulated,1,Electric Co-op,221,Minto,PCE Eligible Active,0,YU,Yukon,,Minto,708,0,708,0,0,AEA Village Assessment,
2012,Alaska Village Electric Cooperative,Not regulated,1,Electric Co-op,221,Mountain Village,PCE Eligible Active,0,YU,Yukon,6329,Mountain Village,1700,0,1700,0,0,EIA-F860,
2012,Alaska Village Electric Cooperative,Not regulated,1,Electric Co-op,221,New Stuyahok,PCE Eligible Active,0,SW,Southwest,,New Stuyahok,1331,0,1331,0,0,AEA Village Assessment,
2012,Alaska Village Electric Cooperative,Not regulated,1,Electric Co-op,221,Nightmute,PCE Eligible Active,1,SW,Southwest,,Nightmute,325,0,325,0,0,AEA Village Assessment,Receives power from Toksook Bay via intertie.
2012,Alaska Village Electric Cooperative,Not regulated,1,Electric Co-op,221,Noatak,PCE Eligible Active,0,AN,Arctic Northwest,57051,Noatak,1200,0,1200,0,0,EIA-F860,
2012,Alaska Village Electric Cooperative,Not regulated,1,Electric Co-op,221,Noorvik,PCE Eligible Active,0,AN,Arctic Northwest,6330,Noorvik,1000,0,1000,0,0,EIA-F860,
2012,Alaska Village Electric Cooperative,Not regulated,1,Electric Co-op,221,Nulato,PCE Eligible Active,0,YU,Yukon,,Nulato,1002,0,1002,0,0,AEA Village Assessment,
2012,Alaska Village Electric Cooperative,Not regulated,1,Electric Co-op,221,Nunapitchuk,PCE Eligible Active,1,SW,Southwest,6333,Nunapitchuk,500,0,500,0,0,AEA Village Assessment,Receives power from Kasigluk. 
2012,Alaska Village Electric Cooperative,Not regulated,1,Electric Co-op,221,Old Harbor,PCE Eligible Active,0,SC,Southcentral,,Old Harbor,703,0,703,0,0,AEA Village Assessment,
2012,Alaska Village Electric Cooperative,Not regulated,1,Electric Co-op,221,Pilot Station,PCE Eligible Active,0,YU,Yukon,57058,Pilot Station,1200,0,1200,0,0,EIA-F860,
2012,Alaska Village Electric Cooperative,Not regulated,1,Electric Co-op,221,Quinhagak,PCE Eligible Active,0,SW,Southwest,57057,Quinhagak,1400,0,1100,0,300,EIA-F860,Source for wind data is the Renewable Energy Fund Program.
2012,Alaska Village Electric Cooperative,Not regulated,1,Electric Co-op,221,Russian Mission,PCE Eligible Active,0,YU,Yukon,,Russian Mission,904,0,904,0,0,AEA Village Assessment,
2012,Alaska Village Electric Cooperative,Not regulated,1,Electric Co-op,221,Saint Mary's,PCE Eligible Active,1,YU,Yukon,6338,"Andreafsky, Pitkas Point, Saint Mary's",6500,0,6500,0,0,EIA-F860,
2012,Alaska Village Electric Cooperative,Not regulated,1,Electric Co-op,221,Saint Michael,PCE Eligible Active,0,AN,Arctic Northwest,57061,Saint Michael,1000,0,1000,0,0,EIA-F860,
2012,Alaska Village Electric Cooperative,Not regulated,1,Electric Co-op,221,Savoonga,PCE Eligible Active,0,AN,Arctic Northwest,57052,Savoonga,1900,0,1700,0,200,EIA-F860,Source for wind data is the AEA Wind Program Manager
2012,Alaska Village Electric Cooperative,Not regulated,1,Electric Co-op,221,Scammon Bay,PCE Eligible Active,0,YU,Yukon,57056,Scammon Bay,1300,0,1300,0,0,EIA-F860,
2012,Alaska Village Electric Cooperative,Not regulated,1,Electric Co-op,221,Selawik,PCE Eligible Active,0,AN,Arctic Northwest,6341,Selawik,1860,0,1600,0,260,EIA-F860,Source for wind data is AEA Wind Program Manager
2012,Alaska Village Electric Cooperative,Not regulated,1,Electric Co-op,221,Shageluk,PCE Eligible Active,0,YU,Yukon,,Shageluk,408,0,408,0,0,AEA Village Assessment,
2012,Alaska Village Electric Cooperative,Not regulated,1,Electric Co-op,221,Shaktoolik,PCE Eligible Active,0,AN,Arctic Northwest,,Shaktoolik,1198,0,998,0,200,AEA Village Assessment,Source for wind data is the AEA Wind Program Manager
2012,Alaska Village Electric Cooperative,Not regulated,1,Electric Co-op,221,Shishmaref,PCE Eligible Active,0,AN,Arctic Northwest,6345,Shishmaref,1400,0,1400,0,0,EIA-F860,
2012,Alaska Village Electric Cooperative,Not regulated,1,Electric Co-op,221,Shungnak,PCE Eligible Active,1,AN,Arctic Northwest,57063,"Kobuk, Shungnak",1200,0,1200,0,0,EIA-F860,"Shungnak provides power to Kobuk via intertie.
On July 1, 2012, AVEC took over operations in Kobuk."
2012,Alaska Village Electric Cooperative,Not regulated,1,Electric Co-op,221,Stebbins,PCE Eligible Active,0,AN,Arctic Northwest,57055,Stebbins,1200,0,1200,0,0,EIA-F860,
2012,Alaska Village Electric Cooperative,Not regulated,1,Electric Co-op,221,Teller,PCE Eligible Active,0,AN,Arctic Northwest,,Teller,1050,0,1050,0,0,AEA Village Assessment,
2012,Alaska Village Electric Cooperative,Not regulated,1,Electric Co-op,221,Togiak,PCE Eligible Active,0,SW,Southwest,6348,Togiak,1300,0,1300,0,0,EIA-F860,
2012,Alaska Village Electric Cooperative,Not regulated,1,Electric Co-op,221,Toksook Bay,PCE Eligible Active,1,SW,Southwest,57067,"Nightmute, Toksook Bay, Tununak",2100,0,1700,0,400,EIA-F860,Source for wind data is the AEA Wind Program Manager.
2012,Alaska Village Electric Cooperative,Not regulated,1,Electric Co-op,221,Tununak,PCE Eligible Active,1,SW,Southwest,,Tununak,325,0,325,0,0,AEA Village Assessment,Receives power from Toksook Bay via intertie. 
2012,Alaska Village Electric Cooperative,Not regulated,1,Electric Co-op,221,Upper Kalskag,PCE Eligible Active,1,SW,Southwest,57054,"Kalskag, Lower Kalskag",1100,0,1100,0,0,EIA-F860,
2012,Alaska Village Electric Cooperative,Not regulated,1,Electric Co-op,221,Wales,PCE Eligible Active,0,AN,Arctic Northwest,,Wales,625,0,495,0,130,"AEA Village Assessment, AEA Wind Program Manager",
2012,Alutiiq Power Company,"Regulated, rate exemption",1,Private Electric Utility,,Karluk,PCE Eligible Active,0,SC,Southcentral,,Karluk,140,0,140,0,0,AEA Village Assessment,
2012,Anchorage Municipal Light & Power,Regulated,1,Public Electric Utility,599,Anchorage 1,PCE Ineligible,1,SC,Southcentral,75,Anchorage,102900,100900,2000,0,0,EIA-F860,
2012,Anchorage Municipal Light & Power,Regulated,1,Public Electric Utility,599,AWWU Conduit,PCE Ineligible,1,SC,Southcentral,,Anchorage,750,0,0,750,0,AEA Hydro Program Manager,
2012,Anchorage Municipal Light & Power,Regulated,1,Public Electric Utility,599,Eklutna Lake,PCE Ineligible,1,SC,Southcentral,77,Anchorage,44400,0,0,44400,0,EIA-F860,
2012,Anchorage Municipal Light & Power,Regulated,1,Public Electric Utility,599,George M Sullivan Generation Plant 2,PCE Ineligible,1,SC,Southcentral,6559,Anchorage,266300,266300,0,0,0,EIA-F860,
2012,Aniak Light & Power,Regulated,1,Private Electric Utility,4959,Aniak,PCE Eligible Active,0,SW,Southwest,7182,Aniak,1100,0,1100,0,0,EIA-F860,
2012,Arctic Village Electric Company,,1,Electric Co-op,,Arctic Village,PCE Eligible Inactive,0,YU,Yukon,,Arctic Village,395,0,395,0,0,AEA Village Assessment,
2012,"Atka, City of",Not regulated,1,Public Electric Utility,56256,Atka,PCE Eligible Active,0,SW,Southwest,,Atka,257,0,257,0,0,AEA Village Assessment,
2012,Atmautluak Tribal Utilities,Not regulated,1,Private Electric Utility,878,Atmautluak,PCE Eligible Active,0,SW,Southwest,,Atmautluak,547,0,547,0,0,AEA Village Assessment,
2012,Aurora Energy LLC Chena,Regulated,1,Independent Power Producer,986,Aurora Energy,PCE Ineligible,1,YU,Yukon,79,Fairbanks,27500,27500,0,0,0,EIA-F860,
2012,"Banner Wind, LLC",,,Independent Power Producer,,Banner Peak Wind Farm,PCE Eligible Active,0,AN,Arctic Northwest,,Nome,1170,0,0,0,1170,AEA Wind Program Manager,
2012,Barrow Utilities & Electric Cooperative Inc.,Not regulated,1,Electric Co-op,1276,Barrow,PCE Ineligible,0,AN,Arctic Northwest,7173,Barrow,20300,17300,3000,0,0,EIA-F860,
2012,Beaver Joint Utilities,Not regulated,1,Private Electric Utility,,Beaver,PCE Eligible Active,0,YU,Yukon,,Beaver,244,0,244,0,0,AEA Village Assessment,
2012,Bethel Utilities Corporation,Regulated,1,Private Electric Utility,1651,Bethel,PCE Eligible Active,1,SW,Southwest,6566,"Bethel, Oscarville",12600,0,12600,0,0,EIA-F860,Provides power to Oscarville and sells power to Napakiak Ircinraq via intertie.
2012,Birch Creek Village Electric,,,Private Electric Utility,1747,Birch Creek,PCE Eligible Inactive,0,YU,Yukon,,Birch Creek,28,0,28,0,0,AEA Village Assessment,
2012,"Buckland, City of",Not regulated,1,Public Electric Utility,,Buckland,PCE Eligible Active,0,AN,Arctic Northwest,,Buckland,1152,0,1152,0,0,AEA Village Assessment,
2012,Chalkyitsik Village Council,"Regulated, rate exemption",1,Private Electric Utility,,Chalkyitsik,PCE Eligible Active,0,YU,Yukon,,Chalkyitsik,307,0,307,0,0,AEA Village Assessment,
2012,Chenega Ira Council,"Regulated, rate exemption",1,Private Electric Utility,,Chenega Bay,PCE Eligible Active,0,SC,Southcentral,,Chenega Bay,198,0,198,0,0,AEA Village Assessment,
2012,"Chignik, City of",Not regulated,1,Private Electric Utility,3421,Chignik,PCE Eligible Active,0,SW,Southwest,,Chignik,575,0,575,0,0,AEA Village Assessment,
2012,Chignik Lagoon Power Utility,"Regulated, rate exemption",1,Private Electric Utility,,Chignik Lagoon,PCE Eligible Active,0,SW,Southwest,,Chignik Lagoon,453,0,453,0,0,AEA Village Assessment,
2012,Chignik Lake Electric Utility,Not regulated,1,Private Electric Utility,,Chignik Lake,PCE Eligible Active,0,SW,Southwest,,Chignik Lake,442,0,442,0,0,AEA Village Assessment,
2012,Chitina Electric Inc,Not regulated,1,Private Electric Utility,3465,Chitina,PCE Eligible Active,0,SC,Southcentral,,Chitina,301,0,301,0,0,AEA Village Assessment,
2012,Chugach Electric Assn Inc,Regulated,1,Electric Co-op,3522,Beluga,PCE Ineligible,1,SC,Southcentral,96,Anchorage,374400,374400,0,0,0,EIA-F860,"In addition to Anchorage, CEA serves eight communities."
2012,Chugach Electric Assn Inc,Regulated,1,Electric Co-op,3522,Cooper Lake,PCE Ineligible,1,SC,Southcentral,6291,Anchorage,19400,0,0,19400,0,EIA-F860,"In addition to Anchorage, CEA serves eight communities."
2012,Chugach Electric Assn Inc,Regulated,1,Electric Co-op,3522,International,PCE Ineligible,1,SC,Southcentral,6293,Anchorage,46300,46300,0,0,0,EIA-F860,"In addition to Anchorage, CEA serves eight communities."
2012,Circle Electric Utility,Not regulated,1,Private Electric Utility,,Circle,PCE Eligible Active,0,YU,Yukon,,Circle,188,0,188,0,0,AEA Village Assessment,
2012,"Clark's Point, City of",Not regulated,1,Public Electric Utility,,Clark's Point,PCE Eligible Inactive,0,YU,Yukon,,Clark's Point,446,0,446,0,0,AEA Village Assessment,
2012,Copper Valley Elec Assn Inc,Not regulated,1,Private Electric Utility,4329,Glennallen,PCE Ineligible,1,SC,Southcentral,6305,Glennallen,10700,0,10700,0,0,EIA-F860,
2012,Copper Valley Elec Assn Inc,Not regulated,1,Private Electric Utility,4329,Solomon Gulch,PCE Ineligible,1,SC,Southcentral,390,Valdez,12000,0,0,12000,0,EIA-F860,"In addition to Valdez, the CVEA service area includes 14 communities."
2012,Copper Valley Elec Assn Inc,Not regulated,1,Private Electric Utility,4329,Valdez,PCE Ineligible,1,SC,Southcentral,6306,Valdez,9700,2800,6900,0,0,EIA-F860,"In addition to Valdez, the CVEA service area includes 14 communities."
2012,Copper Valley Elec Assn Inc,Not regulated,1,Private Electric Utility,4329,Valdez Cogen,PCE Ineligible,1,SC,Southcentral,7841,Valdez,5300,5300,0,0,0,EIA-F860,"In addition to Valdez, the CVEA service area includes 14 communities."
2012,Cordova Electric Cooperative,Not regulated,1,Electric Co-op,40215,Humpback Creek,PCE Eligible Active,1,SC,Southcentral,7042,"Cordova, Eyak",1200,0,0,1200,0,EIA-F860,
2012,Cordova Electric Cooperative,Not regulated,1,Electric Co-op,40215,Orca,PCE Eligible Active,1,SC,Southcentral,789,"Cordova, Eyak",10700,0,10700,0,0,EIA-F860,
2012,Cordova Electric Cooperative,Not regulated,1,Electric Co-op,40215,Power Creek,PCE Eligible Active,1,SC,Southcentral,7862,"Cordova, Eyak",6000,0,0,6000,0,EIA-F860,
2012,Egegik Light & Power Co,Not regulated,1,Public Electric Utility,57351,Egegik,PCE Eligible Active,0,SW,Southwest,5553,Egegik,380,0,380,0,0,AEA Village Assessment,
2012,Elfin Cove Utility Commission,Not regulated,1,Electric Co-op,5721,Elfin Cove,PCE Eligible Active,0,SE,Southeast,,Elfin Cove,347,0,347,0,0,AEA Village Assessment,
2012,"Enerdyne, LLC",,,Independent Power Producer,,McRoberts Creek,PCE Ineligible,1,SC,Southcentral,,"Palmer, Wasilla",125,0,0,125,0,AEA Hydro Program Manager,
2012,"False Pass, City of",Not regulated,1,Public Electric Utility,,False Pass,PCE Eligible Active,0,SW,Southwest,,False Pass,375,0,375,0,0,AEA Village Assessment,
2012,Fire Island Wind LLC,Regulated,1,Independent Power Producer,58422,Fire Island,PCE Ineligible,1,SC,Southcentral,58425,Anchorage,18000,0,0,0,18000,EIA-F860,
2012,"Galena, City of",Not regulated,1,Public Electric Utility,6915,Galena,PCE Eligible Active,0,YU,Yukon,7437,Galena,4200,0,4200,0,0,EIA-F860,
2012,G & K Inc,Regulated,1,Private Electric Utility,6866,Cold Bay,PCE Eligible Active,0,SW,Southwest,,Cold Bay,2495,0,2495,0,0,AEA Village Assessment,
2012,Gold Country Energy,Regulated,1,Private Electric Utility,56739,Central,PCE Eligible Active,0,YU,Yukon,6111,Central,575,0,575,0,0,AEA Village Assessment,
2012,Golden Valley Elec Assn Inc,Regulated,1,Private Electric Utility,7353,Delta Power,PCE Ineligible,1,YU,Yukon,56325,Fairbanks,23100,23100,0,0,0,EIA-F860,"In addition to Fairbanks, the GVEA service are includes 25 communities."
2012,Golden Valley Elec Assn Inc,Regulated,1,Private Electric Utility,7353,Eva Creek,PCE Ineligible,1,,,57935,,24600,0,0,0,24600,AEA,
2012,Golden Valley Elec Assn Inc,Regulated,1,Private Electric Utility,7353,Fairbanks,PCE Ineligible,1,YU,Yukon,6286,Fairbanks,42200,36800,5400,0,0,EIA-F860,"In addition to Fairbanks, the GVEA service are includes 25 communities."
2012,Golden Valley Elec Assn Inc,Regulated,1,Private Electric Utility,7353,Healy,PCE Ineligible,1,YU,Yukon,6288,Fairbanks,30800,28000,2800,0,0,EIA-F860,"In addition to Fairbanks, the GVEA service are includes 25 communities."
2012,Golden Valley Elec Assn Inc,Regulated,1,Private Electric Utility,7353,North Pole,PCE Ineligible,1,YU,Yukon,6285,Fairbanks,181000,181000,0,0,0,EIA-F860,"In addition to Fairbanks, the GVEA service are includes 25 communities."
2012,Golovin Power Utilities,Not regulated,1,Public Electric Utility,,Golovin,PCE Eligible Active,0,AN,Arctic Northwest,,Golovin,580,0,580,0,0,AEA Village Assessment,
2012,Gustavus Electric Co,Regulated,1,Private Electric Utility,7822,Falls Creek,PCE Eligible Active,0,SE,Southeast,,Gustavus,800,0,0,800,0,AEA Hydro Program Manager,
2012,Gustavus Electric Co,Regulated,1,Private Electric Utility,7822,Gustavus,PCE Eligible Active,0,SE,Southeast,,Gustavus,842,0,842,0,0,AEA Village Assessment,
2012,Gwitchyaa Zhee Utilities Company,Regulated,1,Private Electric Utility,7833,Fort Yukon,PCE Eligible Active,0,YU,Yukon,7174,Fort Yukon,2700,0,2700,0,0,EIA-F860,
2012,Homer Electric Assn Inc,Regulated,1,Private Electric Utility,19558,Bernice Lake,PCE Ineligible,1,SC,Southcentral,6292,Homer,76700,76700,0,0,0,EIA-F860,"In addition to Homer, HEA serves 24 communities."
2012,Homer Electric Assn Inc,Regulated,1,Private Electric Utility,19558,Bradley Lake,PCE Ineligible,1,SC,Southcentral,7367,Anchorage,120000,0,0,120000,0,EIA-F860,"In addition to Homer, HEA serves 24 communities. In previous reports, 126 MW of installed capacity were reported based on the values reported to EIA. However, the FERC record is 120 MW and it is unclear why higher values have been reported to EIA over the last few years."
2012,Homer Electric Assn Inc,Regulated,1,Private Electric Utility,19558,Nikiski Co-Generation,PCE Ineligible,1,SC,Southcentral,55966,Homer,37900,37900,0,0,0,EIA-F860,"In addition to Homer, HEA serves 24 communities."
2012,Homer Electric Assn Inc,Regulated,1,Private Electric Utility,19558,Seldovia,PCE Ineligible,1,SC,Southcentral,6283,Seldovia,2400,0,2400,0,0,EIA-F860,"In addition to Homer, HEA serves 24 communities."
2012,Hughes Power & Light,Not regulated,1,Public Electric Utility,9000,Hughes,PCE Eligible Active,0,YU,Yukon,,Hughes,230,0,230,0,0,AEA Village Assessment,
2012,Igiugig Electric Company,"Regulated, rate exemption",1,Private Electric Utility,9192,Igiugig,PCE Eligible Active,0,SW,Southwest,,Igiugig,201,0,201,0,0,AEA Village Assessment,
2012,"I-N-N Electric Coop, Inc",Not regulated,1,Electric Co-op,9188,Newhalen,PCE Eligible Active,1,SW,Southwest,7183,"Iliamna, Newhalen, Nondalton",1700,0,900,800,0,EIA-F860,"Power produced at the Tazimina hydroelectric project and the Newhalen plant is shared by Iliamna, Newhalen and Nondalton. "
2012,Inside Passage Electric,Regulated,1,Electric Co-op,18963,10 Mile,PCE Eligible Active,1,SE,Southeast,,"Haines, Skagway",600,0,0,600,0,AEA Hydro Program Manager,Part of the Upper Lynn Canal Service Area.
2012,Inside Passage Electric,Regulated,1,Electric Co-op,18963,Angoon,PCE Eligible Active,0,SE,Southeast,7462,Angoon,1500,0,1500,0,0,EIA-F860,
2012,Inside Passage Electric,Regulated,1,Electric Co-op,18963,Chilkat Valley,PCE Eligible Active,1,SE,Southeast,7467,Chilkat Valley,600,0,600,0,0,EIA-F860,Provides power to Klukwan via intertie.
2012,Inside Passage Electric,Regulated,1,Electric Co-op,18963,Hoonah,PCE Eligible Active,0,SE,Southeast,7463,Hoonah,2000,0,2000,0,0,EIA-F860,
2012,Inside Passage Electric,Regulated,1,Electric Co-op,18963,Kake,PCE Eligible Active,0,SE,Southeast,7464,Kake,2400,0,2400,0,0,EIA-F860,
2012,Ipnatchiaq Electric Company,Not regulated,1,Private Electric Utility,9416,Deering,PCE Eligible Active,0,AN,Arctic Northwest,,Deering,577,0,577,0,0,AEA Village Assessment,
2012,Ketchikan Public Utilities,Not regulated,1,Public Electric Utility,10210,Beaver Falls,PCE Ineligible,1,SE,Southeast,6580,Ketchikan,5400,0,0,5400,0,EIA-F860,
2012,Ketchikan Public Utilities,Not regulated,1,Public Electric Utility,10210,Ketchikan,PCE Ineligible,1,SE,Southeast,84,Ketchikan,4200,0,0,4200,0,EIA-F860,
2012,Ketchikan Public Utilities,Not regulated,1,Public Electric Utility,10210,Silvis,PCE Ineligible,1,SE,Southeast,6581,Ketchikan,2100,0,0,2100,0,EIA-F860,
2012,Ketchikan Public Utilities,Not regulated,1,Public Electric Utility,10210,Swan Lake,PCE Ineligible,1,SE,Southeast,70,"Ketchikan, Petersburg, Wrangell",22400,0,0,22400,0,EIA-F860,
2012,Ketchikan Public Utilities,Not regulated,1,Public Electric Utility,10210,S W Bailey,PCE Ineligible,1,SE,Southeast,85,Ketchikan,25900,0,25900,0,0,EIA-F860,
2012,"King Cove, City of",Not regulated,1,Public Electric Utility,9897,King Cove,PCE Eligible Active,0,SW,Southwest,7493,King Cove,2600,0,1800,800,0,EIA-F860,
2012,Kobuk Valley Electric Company,,1,Electric Co-op,,Kobuk,PCE Eligible Active,1,AN,Arctic Northwest,,Kobuk,215,0,215,0,0,AEA Village Assessment,
2012,Kodiak Electric Assn Inc,Regulated,1,Electric Co-op,10433,Kodiak,PCE Ineligible,1,SC,Southcentral,6281,Kodiak,22300,0,22300,0,0,EIA-F860,"The KEA service area also includes: Port Lions, Chiniak, Womens Bay and Woody Island."
2012,Kodiak Electric Assn Inc,Regulated,1,Electric Co-op,10433,Nymans Plant,PCE Ineligible,1,SC,Southcentral,7723,Kodiak,10000,0,10000,0,0,EIA-F860,"The KEA service area also includes: Port Lions, Chiniak, Womens Bay and Woody Island."
2012,Kodiak Electric Assn Inc,Regulated,1,Electric Co-op,10433,Pillar Mountain,PCE Ineligible,1,SC,Southcentral,57187,Kodiak,9000,0,0,0,9000,EIA-F860,"The KEA service area also includes: Port Lions, Chiniak, Womens Bay and Woody Island."
2012,Kodiak Electric Assn Inc,Regulated,1,Electric Co-op,10433,Port Lions,PCE Ineligible,1,SC,Southcentral,6282,Kodiak,1000,0,1000,0,0,EIA-F860,"The KEA service area also includes: Port Lions, Chiniak, Womens Bay and Woody Island."
2012,Kodiak Electric Assn Inc,Regulated,1,Electric Co-op,10433,Terror Lake,PCE Ineligible,1,SC,Southcentral,71,Kodiak,22400,0,0,22400,0,EIA-F860,"The KEA service area also includes: Port Lions, Chiniak, Womens Bay and Woody Island."
2012,Kokhanok Village Council,"Regulated, rate exemption",1,Public Electric Utility,10455,Kokhanok,PCE Eligible Active,0,SW,Southwest,,Kokhanok,792,0,612,0,180,AEA Village Assessment,Source for wind data is Marsh Creek LLC
2012,Kotzebue Electric Association,Not regulated,1,Electric Co-op,10451,Kotzebue,PCE Eligible Active,0,AN,Arctic Northwest,6304,Kotzebue,15400,0,10700,0,4700,EIA-F860,
2012,"Koyukuk, City of",Not regulated,1,Public Electric Utility,,Koyukuk,PCE Eligible Active,0,YU,Yukon,,Koyukuk,202,0,202,0,0,AEA Village Assessment,
2012,Kwethluk Incorporated d/b/a Kuiggluum Kallugvia,Not regulated,1,Private Electric Utility,9832,Kwethluk,PCE Eligible Active,0,SW,Southwest,,Kwethluk,1300,0,1300,0,0,AEA Village Assessment,
2012,Kwigillingok Power Company,Not regulated,1,Private Electric Utility,10491,Kwigillingok,PCE Eligible Active,0,SW,Southwest,,Kwigillingok,1198,0,723,0,475,AEA Village Assessment,Source for wind data is the Renewable Energy Fund program.
2012,Larsen Bay Utility Company,Not regulated,1,Public Electric Utility,10716,Larsen Bay,PCE Eligible Active,0,SC,Southcentral,,Larsen Bay,868,0,393,475,0,"AEA Hydro Program Manager, AEA Village Assessment",
2012,Levelock Electrical Coop,Not regulated,1,Electric Co-op,,Levelock,PCE Eligible Active,0,SW,Southwest,,Levelock,234,0,234,0,0,AEA Village Assessment,
2012,Manokotak Power Company,Not regulated,1,Private Electric Utility,26317,Manokotak,PCE Eligible Active,0,SW,Southwest,,Manokotak,730,0,730,0,0,AEA Village Assessment,
2012,Mcgrath Light & Power,Regulated,1,Private Electric Utility,12119,McGrath,PCE Eligible Active,0,SW,Southwest,6555,McGrath,2200,0,2200,0,0,EIA-F860,
2012,Metlakatla Power & Light,Regulated,1,Private Electric Utility,12385,Centennial,PCE Ineligible,0,SE,Southeast,7112,Metlakatla,3300,0,3300,0,0,EIA-F860,
2012,Metlakatla Power & Light,Regulated,1,Private Electric Utility,12385,Chester Lake,PCE Ineligible,0,SE,Southeast,7168,Metlakatla,1000,0,0,1000,0,EIA-F860,
2012,Metlakatla Power & Light,Regulated,1,Private Electric Utility,12385,Purple Lake,PCE Ineligible,0,SE,Southeast,6302,Metlakatla,3900,0,0,3900,0,EIA-F860,
2012,Middle Kuskokwim Electric,Regulated,1,Electric Co-op,12485,Chuathbaluk,PCE Eligible Active,0,SW,Southwest,,Chuathbaluk,179,0,179,0,0,AEA Village Assessment,
2012,Middle Kuskokwim Electric,Regulated,1,Electric Co-op,12485,Crooked Creek,PCE Eligible Active,0,SW,Southwest,,Crooked Creek,223,0,223,0,0,AEA Village Assessment,
2012,Middle Kuskokwim Electric,Regulated,1,Electric Co-op,12485,Red Devil,PCE Eligible Active,0,SW,Southwest,,Red Devil,130,0,130,0,0,AEA Village Assessment,
2012,Middle Kuskokwim Electric,Regulated,1,Electric Co-op,12485,Sleetmute,PCE Eligible Active,0,SW,Southwest,,Sleetmute,323,0,323,0,0,AEA Village Assessment,
2012,Middle Kuskokwim Electric,Regulated,1,Electric Co-op,12485,Stony River,PCE Eligible Active,0,SW,Southwest,,Stony River,138,0,138,0,0,AEA Village Assessment,
2012,Naknek Electric Association,Not regulated,1,Electric Co-op,13201,Naknek,PCE Eligible Active,1,SW,Southwest,6301,"King Salmon, Naknek, South Naknek",9900,0,9900,0,0,EIA-F860,
2012,Napakiak Ircinraq,Not regulated,1,Private Electric Utility,13211,Napakiak,PCE Eligible Active,1,SW,Southwest,,Napakiak,250,0,250,0,0,AEA Village Assessment,Purchases power from Bethel Utilities Corporation.
2012,Naterkaq Light Plant (City of Chefornak),Not regulated,1,Private Electric Utility,3422,Chefornak,PCE Eligible Active,0,SW,Southwest,,Chefornak,921,0,921,0,0,AEA Village Assessment,
2012,Native Village of Perryville,"Regulated, rate exemption",1,Private Electric Utility,14832,Perryville,PCE Eligible Active,0,SW,Southwest,,Perryville,497,0,473,0,24,"AEA Wind Program Manager, AEA Village Assessment",
2012,Nelson Lagoon Electrical Coop,Not regulated,1,Electric Co-op,13477,Nelson Lagoon,PCE Eligible Active,0,SW,Southwest,,Nelson Lagoon,300,0,300,0,0,AEA Village Assessment,
2012,New Koliganek Village Council,"Regulated, rate exemption",1,Private Electric Utility,,Koliganek,PCE Eligible Active,0,SW,Southwest,,Koliganek,420,0,420,0,0,AEA Village Assessment,
2012,"Nikolai, City of",Not regulated,1,Public Electric Utility,,Nikolai,PCE Eligible Active,0,SW,Southwest,,Nikolai,300,0,300,0,0,AEA Village Assessment,
2012,Nome Joint Utility Systems,Not regulated,1,Private Electric Utility,13642,Snake River,PCE Eligible Active,0,AN,Arctic Northwest,90,Nome,20500,0,20500,0,0,EIA-F860,
2012,North Slope Borough Power & Light,Not regulated,1,Public Electric Utility,26616,Anaktuvuk Pass,PCE Eligible Active,0,AN,Arctic Northwest,7487,Anaktuvuk Pass,2800,0,2800,0,0,EIA-F860,
2012,North Slope Borough Power & Light,Not regulated,1,Public Electric Utility,26616,Atqasuk,PCE Eligible Active,0,AN,Arctic Northwest,7482,Atqasuk,3200,0,3200,0,0,EIA-F860,
2012,North Slope Borough Power & Light,Not regulated,1,Public Electric Utility,26616,Kaktovik,PCE Eligible Active,0,AN,Arctic Northwest,7483,Kaktovik,2600,0,2600,0,0,EIA-F860,
2012,North Slope Borough Power & Light,Not regulated,1,Public Electric Utility,26616,Nuiqsut,PCE Eligible Active,0,AN,Arctic Northwest,7484,Nuiqsut,3800,0,3800,0,0,EIA-F860,
2012,North Slope Borough Power & Light,Not regulated,1,Public Electric Utility,26616,Point Hope,PCE Eligible Active,0,AN,Arctic Northwest,7485,Point Hope,2700,0,2700,0,0,EIA-F860,
2012,North Slope Borough Power & Light,Not regulated,1,Public Electric Utility,26616,Point Lay,PCE Eligible Active,0,AN,Arctic Northwest,7486,Point Lay,1800,0,1800,0,0,EIA-F860,
2012,North Slope Borough Power & Light,Not regulated,1,Public Electric Utility,26616,Wainwright,PCE Eligible Active,0,AN,Arctic Northwest,7488,Wainwright,3000,0,3000,0,0,EIA-F860,
2012,Nunam Iqua Electric Company,Not regulated,1,Public Electric Utility,,Sheldon Point,PCE Eligible Active,0,YU,Yukon,,Nunam Iqua,708,0,708,0,0,AEA Village Assessment,
2012,Nushagak Electric Cooperative,Not regulated,1,Electric Co-op,13870,Dillingham,PCE Eligible Active,1,SW,Southwest,109,"Aleknagik, Dillingham",6600,0,6600,0,0,EIA-F860,
2012,"Ouzinkie, City of",Not regulated,1,Public Electric Utility,14234,Ouzinkie,PCE Eligible Active,0,SC,Southcentral,,Ouzinkie,336,0,336,0,0,AEA Village Assessment,
2012,Pedro Bay Village Council,"Regulated, rate exemption",1,Private Electric Utility,14633,Pedro Bay,PCE Eligible Active,0,SW,Southwest,,Pedro Bay,211,0,211,0,0,AEA Village Assessment,
2012,Pelican Utility,Not regulated,1,Public Electric Utility,29297,Pelican,PCE Eligible Active,0,SE,Southeast,6702,Pelican,1700,0,1000,700,0,EIA-F860,Source for hydroelectric data is AEA Hydro Program Manager.
2012,"Petersburg, City of",Not regulated,1,Public Electric Utility,14856,Blind Slough,PCE Ineligible,1,SE,Southeast,91,Petersburg,14800,0,13200,1600,0,EIA-F860,
2012,Pilot Point Electric Utility,Not regulated,1,Public Electric Utility,,Pilot Point,PCE Eligible Active,0,SW,Southwest,,Pilot Point,246,0,246,0,0,AEA Village Assessment,
2012,"Platinum, City of",Not regulated,1,Public Electric Utility,,Platinum,PCE Eligible Inactive,0,SW,Southwest,,Platinum,129,0,129,0,0,AEA Village Assessment,
2012,Port Heiden Utilities,Not regulated,1,Public Electric Utility,,Port Heiden,PCE Eligible Active,0,SW,Southwest,,Port Heiden,369,0,369,0,0,AEA Village Assessment,
2012,Puvurnaq Power Company,"Regulated, rate exemption",1,Private Electric Utility,,Kongiganak,PCE Eligible Active,0,SW,Southwest,,Kongiganak,1375,0,925,0,450,AEA Village Assessment,
2012,Rampart Village Council,Not regulated,,Public Electric Utility,,Rampart,PCE Eligible Inactive,0,YU,Yukon,,Rampart,367,0,367,0,0,AEA Village Assessment,
2012,"Ruby, City of",Not regulated,1,Public Electric Utility,,Ruby,PCE Eligible Active,0,YU,Yukon,,Ruby,464,0,464,0,0,AEA Village Assessment,
2012,"Saint George, City of",Not regulated,1,Public Electric Utility,,Saint George,PCE Eligible Active,0,SW,Southwest,,Saint George,980,0,980,0,0,AEA Village Assessment,
2012,Saint Paul Municipal Electric,Not regulated,1,Public Electric Utility,17898,Saint Paul,PCE Eligible Active,0,SW,Southwest,,Saint Paul,3295,0,2620,0,675,"AEA Village Assessment, AEA Wind Program Manager",
2012,"Seward, City of",Not regulated,1,Public Electric Utility,16955,Seward,PCE Ineligible,1,SC,Southcentral,92,Seward,15600,0,15600,0,0,EIA-F860,"The City of Seward services the communities of Crown Point, Primrose, Bear Creek and Lowell Point."
2012,"Sitka, City & Borough of",Not regulated,1,Public Electric Utility,17271,Blue Lake,PCE Ineligible,0,SE,Southeast,93,Sitka,7000,0,0,7000,0,EIA-F860,
2012,"Sitka, City & Borough of",Not regulated,1,Public Electric Utility,17271,Green Lake,PCE Ineligible,0,SE,Southeast,313,Sitka,18600,0,0,18600,0,EIA-F860,
2012,"Sitka, City & Borough of",Not regulated,1,Public Electric Utility,17271,Jarvis Street,PCE Ineligible,0,SE,Southeast,6801,Sitka,12100,0,12100,0,0,EIA-F860,
2012,Southeast Alaska Power Agency,,,Independent Power Producer,,Tyee Lake,PCE Ineligible,1,SE,Southeast,,"Wrangell, Petersburg, Ketchikan",20000,0,0,20000,0,FERC,
2012,Stevens Village Ira Council,Not regulated,1,Public Electric Utility,,Stevens Village,PCE Eligible Inactive,0,YU,Yukon,,Stevens Village,263,0,263,0,0,AEA Village Assessment,
2012,Sustainable Energy Company of AK Peninsula,Not regulated,,Independent Power Producer,,Pilot Point,PCE Eligible Active,0,SW,Southwest,,"Pilot Point, Port Heiden",20,0,0,0,20,AEA Wind Program Manager,
2012,Takotna Community Assoc Inc,Not regulated,1,Public Electric Utility,,Takotna,PCE Eligible Active,0,SW,Southwest,,Takotna,216,0,216,0,0,AEA Village Assessment,
2012,Tanalian Electric Cooperative,Not regulated,1,Public Electric Utility,,Port Alsworth,PCE Eligible Active,0,SW,Southwest,,Port Alsworth,466,0,466,0,0,AEA Village Assessment,
2012,Tanana Power Company Inc,Regulated,1,Private Electric Utility,18474,Tanana,PCE Eligible Active,0,YU,Yukon,,Tanana,1545,0,1545,0,0,AEA Village Assessment,
2012,Tatitlek Village Ira Council,Regulated,1,Private Electric Utility,18480,Tatitlek,PCE Eligible Active,0,SC,Southcentral,,Tatitlek,315,0,315,0,0,AEA Village Assessment,
2012,TDX Adak Generating LLC,Regulated,1,Public Electric Utility,,Adak,PCE Eligible Active,0,SW,Southwest,,Adak,4035,0,4035,0,0,AEA Village Assessment,
2012,TDX Corporation,Regulated,1,Private Electric Utility,,Sand Point,PCE Eligible Active,0,SW,Southwest,,Sand Point,3880,0,2880,0,1000,"AEA Wind Program Manager, AEA Village Assessment",
2012,TDX Manley Generating LLC,Regulated,1,Private Electric Utility,56503,Manley Hot Springs,PCE Eligible Active,0,YU,Yukon,11591,Manley Hot Springs,486,0,486,0,0,AEA Village Assessment,
2012,"Tenakee Springs, City of",Not regulated,1,Public Electric Utility,18541,Tenakee Springs,PCE Eligible Active,0,SE,Southeast,,Tenakee Springs,240,0,240,0,0,AEA Village Assessment,
2012,Tuluksak Traditional,"Regulated, rate exemption",1,Private Electric Utility,,Tuluksak,PCE Eligible Active,0,SW,Southwest,,Tuluksak,795,0,795,0,0,AEA Village Assessment,
2012,Tuntutuliak Community,"Regulated, rate exemption",1,Electric Co-op,19267,Tuntutuliak,PCE Eligible Active,0,SW,Southwest,,Tuntutuliak,1340,0,865,0,475,AEA Village Assessment,Source for wind data is the Renewable Energy Fund program.
2012,Twin Hills Village Council,Not regulated,1,Private Electric Utility,,Twin Hills,PCE Eligible Active,0,SW,Southwest,,Twin Hills,220,0,220,0,0,AEA Village Assessment,
2012,Umnak Power Company,Not regulated,1,Private Electric Utility,,Nikolski,PCE Eligible Active,0,SW,Southwest,,Nikolski,261,0,196,0,65,AEA Village Assessment,Source for wind data is the AEA Wind Program Manager
2012,Unalakleet Valley Electric Cooperative,Regulated,1,Electric Co-op,40548,Unalakleet,PCE Eligible Active,0,AN,Arctic Northwest,6299,Unalakleet,2600,0,2000,0,600,EIA-F860,Source for wind data is the Renewable Energy Fund program.
2012,"Unalaska, City of",Not regulated,1,Public Electric Utility,19454,Dutch Harbor,PCE Ineligible,0,SW,Southwest,7502,"Dutch Harbor, Unalaska",17500,0,17500,0,0,EIA-F860,
2012,"Unalaska, City of",Not regulated,1,Public Electric Utility,19454,Unalaska Power Module,PCE Eligible Active,0,SW,Southwest,7503,"Dutch Harbor, Unalaska",1100,0,1100,0,0,EIA-F860,
2012,Venetie Village Electric,"Regulated, rate exemption",1,Private Electric Utility,,Venetie,PCE Eligible Active,0,YU,Yukon,,Venetie,495,0,495,0,0,AEA Village Assessment,
2012,"White Mountain, City of",Not regulated,1,Public Electric Utility,20535,White Mountain,PCE Eligible Active,0,AN,Arctic Northwest,,White Mountain,585,0,585,0,0,AEA Village Assessment,
2012,"Wrangell, City of",Not regulated,1,Public Electric Utility,21015,Wrangell,PCE Ineligible,1,SE,Southeast,95,Wrangell,8500,0,8500,0,0,EIA-F860,
2012,Yakutat Power Inc,Not regulated,1,Public Electric Utility,30150,Yakutat,PCE Eligible Active,0,SE,Southeast,6637,Yakutat,4900,0,4900,0,0,EIA-F860,
