year,utility__name,utility__regulatory_status__name,utility__certificate,utility__utility_type__name,utility__eia_operator_id,community_names,residential_use_per_customer,residential_revenue_per_customer,residential_rate,commercial_use_per_customer,commercial_revenue_per_customer,commercial_rate,other_use_per_customer,other_revenue_per_customer,other_rate,source,notes
2011,Akiachak Native Community,Not regulated,1,Private Electric Utility,192,Akiachak,3738,2262,0.60,8261,4998,0.60,32168,19462,0.03,PCE,
2011,Akiak City Council,Not regulated,1,Public Electric Utility,,Akiak,3116,1963,0.63,27779,17501,0.63,9518,5996,0.11,PCE,
2011,"Akutan, City of",Not regulated,1,Public Electric Utility,24486,Akutan,5029,1624,0.32,11480,3708,0.32,5612,1813,0.18,PCE,
2011,Alaska Electric Light & Power Company,Regulated,1,Private Electric Utility,213,Juneau,10110,1223,0.12,58399,5873,0.10,45374,4281,0.02,EIA,
2011,Alaska Power & Telephone Company,Regulated,1,Private Electric Utility,219,"Allakaket, Alatna",2872,2467,0.86,8660,7439,0.86,12052,10352,0.08,PCE,Provides power to Alatna via intertie. Data includes Alatna's information.
2011,Alaska Power & Telephone Company,Regulated,1,Private Electric Utility,219,"Bettles, Evansville",3873,2460,0.64,6193,3934,0.64,33609,21348,0.03,PCE,Provides power to Evansville via intertie. Data includes Evansville's information.
2011,Alaska Power & Telephone Company,Regulated,1,Private Electric Utility,219,Chistochina,3330,2236,0.67,9690,6507,0.67,4393,2950,0.23,PCE,Receives power from Slana via intertie.
2011,Alaska Power & Telephone Company,Regulated,1,Private Electric Utility,219,Coffman Cove,3620,1689,0.47,3800,1773,0.47,4801,2240,0.21,PCE,Part of the Alaska Power Company's grid on Prince of Wales Island.
2011,Alaska Power & Telephone Company,Regulated,1,Private Electric Utility,219,Craig,5831,1401,0.24,19213,4616,0.24,7511,1805,0.13,PCE,"Provides power to Hollis, Klawock, Thorne Bay/Kasaan and Hydaburg via intertie."
2011,Alaska Power & Telephone Company,Regulated,1,Private Electric Utility,219,"Dot Lake, Dot Lake Village",4100,2011,0.49,7110,3487,0.49,10378,5089,0.10,PCE,"Receives power form Tok via intertie. Dot Lake's data includes Dot Lake Village's information. For fuel use and cost information, please refer to Tok."
2011,Alaska Power & Telephone Company,Regulated,1,Private Electric Utility,219,"Eagle, Eagle Village",2562,1524,0.59,5990,3562,0.59,10937,6503,0.09,PCE,Provides power to Eagle Village via intertie. Data includes Eagle Village's information.
2011,Alaska Power & Telephone Company,Regulated,1,Private Electric Utility,219,"Haines, Skagway",5251,1156,0.22,14886,3278,0.22,7135,1571,0.14,PCE,Plant is also referred to as Lutak. Part of the Alaska Power Company's grid in the Upper Lynn Canal service area.
2011,Alaska Power & Telephone Company,Regulated,1,Private Electric Utility,219,Healy Lake,3371,2786,0.83,4565,3774,0.83,1730,1430,0.58,PCE,
2011,Alaska Power & Telephone Company,Regulated,1,Private Electric Utility,219,Hollis,5028,1208,0.24,20019,4809,0.24,3502,841,0.29,PCE,Part of the Alaska Power Company's grid on Prince of Wales Island. Receives power from Craig. Refer to Craig for fuel use and cost.
2011,Alaska Power & Telephone Company,Regulated,1,Private Electric Utility,219,Hydaburg,5558,1335,0.24,7979,1917,0.24,11583,2783,0.09,PCE,Part of the Alaska Power Company's grid on Prince of Wales Island. Receives power from Craig. Refer to Craig for fuel use and cost.
2011,Alaska Power & Telephone Company,Regulated,1,Private Electric Utility,219,Klawock,6242,1500,0.24,43751,10511,0.24,9213,2213,0.11,PCE,Part of the Alaska Power Company's grid on Prince of Wales Island. Receives power from Craig. Refer to Craig for fuel use and cost.
2011,Alaska Power & Telephone Company,Regulated,1,Private Electric Utility,219,Mentasta Lake,3099,2083,0.67,10357,6961,0.67,9269,6229,0.11,PCE,
2011,Alaska Power & Telephone Company,Regulated,1,Private Electric Utility,219,Naukati Bay,4910,2714,0.55,7820,4323,0.55,9802,5419,0.10,PCE,
2011,Alaska Power & Telephone Company,Regulated,1,Private Electric Utility,219,"Northway, Northway Village",4093,2722,0.67,23846,15858,0.67,16702,11107,0.06,PCE,Provides power to Northway Village via intertie. Data includes Northway Village's information.
2011,Alaska Power & Telephone Company,Regulated,1,Private Electric Utility,219,"Slana, Chistochina",3582,2406,0.67,7780,5225,0.67,14421,9685,0.07,PCE,Provides power to Chistochina via intertie. Includes Chistochina's fuel use and fuel cost.
2011,Alaska Power & Telephone Company,Regulated,1,Private Electric Utility,219,Tetlin,3722,1825,0.49,3610,1771,0.49,32075,15731,0.03,PCE,Receives power from Tok via intertie. For fuel use and cost information please refer to Tok.
2011,Alaska Power & Telephone Company,Regulated,1,Private Electric Utility,219,"Thorne Bay, Kasaan",4686,1125,0.24,9353,2247,0.24,8363,2009,0.12,PCE,Part of the Alaska Power Company's grid on Prince of Wales Island. Receives power from Craig. Refer to Craig for fuel use and cost. Includes data for Kaasan.
2011,Alaska Power & Telephone Company,Regulated,1,Private Electric Utility,219,"Tok, Tanacross",5391,2644,0.49,16588,8135,0.49,9435,4627,0.11,PCE,"Provides power to Tanacross, Tetlin and Dot Lake via intertie. Includes Tanacross' information. Fuel use and cost also includes Tetlin's and Dot Lake's information."
2011,Alaska Power & Telephone Company,Regulated,1,Private Electric Utility,219,Whale Pass,2682,1608,0.60,6607,3961,0.60,1583,949,0.63,PCE,
2011,Alaska Village Electric Cooperative,Not regulated,1,Electric Co-op,221,Alakanuk,5342,3167,0.59,12896,7647,0.59,52211,30959,0.02,PCE,
2011,Alaska Village Electric Cooperative,Not regulated,1,Electric Co-op,221,Ambler,4774,3016,0.63,10574,6679,0.63,62647,39573,0.02,PCE,
2011,Alaska Village Electric Cooperative,Not regulated,1,Electric Co-op,221,Anvik,2823,1668,0.59,6580,3888,0.59,20317,12007,0.05,PCE,
2011,Alaska Village Electric Cooperative,Not regulated,1,Electric Co-op,221,Brevig Mission,4875,2612,0.54,18417,9867,0.54,68079,36474,0.01,PCE,
2011,Alaska Village Electric Cooperative,Not regulated,1,Electric Co-op,221,Chevak,5597,2711,0.48,22309,10807,0.48,54629,26463,0.02,PCE,
2011,Alaska Village Electric Cooperative,Not regulated,1,Electric Co-op,221,Eek,3564,2151,0.60,11504,6944,0.60,23000,13882,0.04,PCE,
2011,Alaska Village Electric Cooperative,Not regulated,1,Electric Co-op,221,Ekwok,2385,1767,0.74,4952,3668,0.74,1429,1058,0.70,PCE,
2011,Alaska Village Electric Cooperative,Not regulated,1,Electric Co-op,221,Elim,4483,2634,0.59,18586,10918,0.59,33319,19573,0.03,PCE,
2011,Alaska Village Electric Cooperative,Not regulated,1,Electric Co-op,221,Emmonak,5462,3009,0.55,25026,13789,0.55,34985,19276,0.03,PCE,
2011,Alaska Village Electric Cooperative,Not regulated,1,Electric Co-op,221,Gambell,4630,2417,0.52,24360,12716,0.52,53160,27749,0.02,PCE,
2011,Alaska Village Electric Cooperative,Not regulated,1,Electric Co-op,221,Goodnews Bay,4607,2717,0.59,16200,9555,0.59,30870,18207,0.03,PCE,
2011,Alaska Village Electric Cooperative,Not regulated,1,Electric Co-op,221,Grayling,2580,1432,0.56,9720,5396,0.56,20897,11601,0.05,PCE,
2011,Alaska Village Electric Cooperative,Not regulated,1,Electric Co-op,221,Holy Cross,3983,2124,0.53,6705,3576,0.53,33023,17610,0.03,PCE,
2011,Alaska Village Electric Cooperative,Not regulated,1,Electric Co-op,221,Hooper Bay,4835,2501,0.52,30621,15842,0.52,65298,33782,0.02,PCE,
2011,Alaska Village Electric Cooperative,Not regulated,1,Electric Co-op,221,Huslia,5973,3249,0.54,6240,3394,0.54,44098,23988,0.02,PCE,
2011,Alaska Village Electric Cooperative,Not regulated,1,Electric Co-op,221,"Kalskag, Lower Kalskag",4615,2677,0.58,14253,8266,0.58,36523,21181,0.03,PCE,Provides power to Lower Kalskag via intertie. Fuel use and cost data includes information for Lower Kalskag.
2011,Alaska Village Electric Cooperative,Not regulated,1,Electric Co-op,221,Kaltag,3887,2021,0.52,4260,2215,0.52,22271,11579,0.04,PCE,
2011,Alaska Village Electric Cooperative,Not regulated,1,Electric Co-op,221,"Kasigluk, Nunapitchuk",4890,2597,0.53,19755,10494,0.53,30242,16065,0.03,PCE,Provides power to Nunapitchuk via intertie.  Fuel use and cost includes Nunapitchuk's information.
2011,Alaska Village Electric Cooperative,Not regulated,1,Electric Co-op,221,Kiana,4848,3159,0.65,15662,10206,0.65,51776,33739,0.02,PCE,
2011,Alaska Village Electric Cooperative,Not regulated,1,Electric Co-op,221,Kivalina,5759,3680,0.64,17427,11133,0.64,48348,30888,0.02,PCE,
2011,Alaska Village Electric Cooperative,Not regulated,1,Electric Co-op,221,Kotlik,5659,3314,0.59,21839,12792,0.59,58401,34208,0.02,PCE,
2011,Alaska Village Electric Cooperative,Not regulated,1,Electric Co-op,221,Koyuk,5526,3043,0.55,12460,6862,0.55,27578,15188,0.04,PCE,
2011,Alaska Village Electric Cooperative,Not regulated,1,Electric Co-op,221,Lower Kalskag,3681,2135,0.58,13269,7695,0.58,37054,21489,0.03,PCE,"Receives power from (Upper) Kalskag via intertie. For fuel use and cost, please refer to (Upper) Kalskag."
2011,Alaska Village Electric Cooperative,Not regulated,1,Electric Co-op,221,Marshall,5089,2565,0.50,14876,7498,0.50,58789,29631,0.02,PCE,
2011,Alaska Village Electric Cooperative,Not regulated,1,Electric Co-op,221,Mekoryuk,3191,1745,0.55,9097,4975,0.55,20481,11202,0.05,PCE,
2011,Alaska Village Electric Cooperative,Not regulated,1,Electric Co-op,221,Minto,3550,2092,0.59,4091,2411,0.59,21540,12695,0.05,PCE,
2011,Alaska Village Electric Cooperative,Not regulated,1,Electric Co-op,221,Mountain Village,5732,3118,0.54,31419,17092,0.54,74764,40671,0.01,PCE,
2011,Alaska Village Electric Cooperative,Not regulated,1,Electric Co-op,221,New Stuyahok,5690,3532,0.62,10727,6660,0.62,18197,11298,0.05,PCE,
2011,Alaska Village Electric Cooperative,Not regulated,1,Electric Co-op,221,Nightmute,3665,1898,0.52,9219,4775,0.52,16502,8547,0.06,PCE,"Receives power from Toksook Bay via intertie. For fuel use and cost, please refer to Toksook Bay."
2011,Alaska Village Electric Cooperative,Not regulated,1,Electric Co-op,221,Noatak,6572,4863,0.74,21862,16178,0.74,70838,52419,0.01,PCE,
2011,Alaska Village Electric Cooperative,Not regulated,1,Electric Co-op,221,Noorvik,6649,4083,0.61,20016,12292,0.61,82121,50430,0.01,PCE,
2011,Alaska Village Electric Cooperative,Not regulated,1,Electric Co-op,221,Nulato,4630,2466,0.53,7455,3970,0.53,83405,44413,0.01,PCE,
2011,Alaska Village Electric Cooperative,Not regulated,1,Electric Co-op,221,Nunapitchuk,4619,2470,0.53,9017,4821,0.53,16745,8953,0.06,PCE,Receives power from Kasigluk. Please refer to Kasigluk for fuel use and cost.
2011,Alaska Village Electric Cooperative,Not regulated,1,Electric Co-op,221,Old Harbor,3682,2122,0.58,6722,3873,0.58,22127,12750,0.05,PCE,
2011,Alaska Village Electric Cooperative,Not regulated,1,Electric Co-op,221,Pilot Station,5418,2902,0.54,17886,9581,0.54,54768,29338,0.02,PCE,
2011,Alaska Village Electric Cooperative,Not regulated,1,Electric Co-op,221,Pitkas Point,3140,1559,0.50,9070,4502,0.50,23683,11756,0.04,PCE,"Receives power from Saint Mary's via intertie. For fuel use and cost, please refer to Saint Mary's."
2011,Alaska Village Electric Cooperative,Not regulated,1,Electric Co-op,221,Quinhagak,4888,2623,0.54,23322,12516,0.54,30679,16464,0.03,PCE,
2011,Alaska Village Electric Cooperative,Not regulated,1,Electric Co-op,221,Russian Mission,4582,2504,0.55,6829,3732,0.55,46018,25144,0.02,PCE,
2011,Alaska Village Electric Cooperative,Not regulated,1,Electric Co-op,221,"Saint Mary's, Andreafsky, Pitkas Point",4440,2192,0.49,23870,11783,0.49,31021,15313,0.03,PCE,Provides power to Andreafsky and Pitkas Point via intertie. Includes Andreafsky's information. Fuel use and cost also includes Pitkas Point.
2011,Alaska Village Electric Cooperative,Not regulated,1,Electric Co-op,221,Saint Michael,6095,3373,0.55,30501,16878,0.55,56164,31079,0.02,PCE,
2011,Alaska Village Electric Cooperative,Not regulated,1,Electric Co-op,221,Savoonga,5581,2740,0.49,26765,13138,0.49,65744,32273,0.02,PCE,
2011,Alaska Village Electric Cooperative,Not regulated,1,Electric Co-op,221,Scammon Bay,5447,3086,0.57,12191,6906,0.57,44759,25353,0.02,PCE,
2011,Alaska Village Electric Cooperative,Not regulated,1,Electric Co-op,221,Selawik,6604,3794,0.57,17029,9782,0.57,55142,31677,0.02,PCE,
2011,Alaska Village Electric Cooperative,Not regulated,1,Electric Co-op,221,Shageluk,2265,1359,0.60,12255,7354,0.60,18145,10888,0.06,PCE,
2011,Alaska Village Electric Cooperative,Not regulated,1,Electric Co-op,221,Shaktoolik,5241,3014,0.58,19136,11007,0.58,23693,13628,0.04,PCE,
2011,Alaska Village Electric Cooperative,Not regulated,1,Electric Co-op,221,Shishmaref,5259,3110,0.59,20929,12375,0.59,26263,15528,0.04,PCE,
2011,Alaska Village Electric Cooperative,Not regulated,1,Electric Co-op,221,"Shungnak, Kobuk",5711,4153,0.73,50985,37079,0.73,27837,20244,0.04,PCE,Provides power to Kobuk via intertie. Fuel use and cost includes Kobuk's information.
2011,Alaska Village Electric Cooperative,Not regulated,1,Electric Co-op,221,Stebbins,3819,2132,0.56,17916,10002,0.56,33153,18509,0.03,PCE,
2011,Alaska Village Electric Cooperative,Not regulated,1,Electric Co-op,221,Teller,3620,2256,0.62,12354,7700,0.62,25932,16162,0.04,PCE,
2011,Alaska Village Electric Cooperative,Not regulated,1,Electric Co-op,221,Togiak,5210,2961,0.57,31435,17866,0.57,34297,19493,0.03,PCE,
2011,Alaska Village Electric Cooperative,Not regulated,1,Electric Co-op,221,"Toksook Bay, Nightmute, Tununak",5291,2736,0.52,15252,7886,0.52,43312,22394,0.02,PCE,Provides power to Nightmute and Tununak via intertie. Fuel use and cost includes Nightmute's and Tununak's information.
2011,Alaska Village Electric Cooperative,Not regulated,1,Electric Co-op,221,Tununak,4249,2201,0.52,7250,3755,0.52,23176,12004,0.04,PCE,"Receives power from Toksook Bay via intertie. For fuel use and cost, please refer to Toksook Bay."
2011,Alaska Village Electric Cooperative,Not regulated,1,Electric Co-op,221,Wales,4636,2985,0.64,10868,6999,0.64,21373,13763,0.05,PCE,
2011,Alutiiq Power Company,"Regulated, rate exemption",1,Private Electric Utility,,Karluk,6520,3912,0.60,9912,5947,0.60,2104,1262,0.48,PCE,
2011,Anchorage Municipal Light & Power,Regulated,1,Public Electric Utility,599,Anchorage,5919,771,0.13,153595,15535,0.10,0,0,,EIA,
2011,Aniak Light & Power,Regulated,1,Private Electric Utility,4959,Aniak,5362,3854,0.72,25231,18134,0.72,15254,10963,0.07,PCE,
2011,"Atka, City of",Not regulated,1,Public Electric Utility,56256,Atka,5828,4090,0.70,12318,8643,0.70,9924,6963,0.10,PCE,
2011,Atmautluak Tribal Utilities,Not regulated,1,Private Electric Utility,878,Atmautluak,4093,2859,0.70,36905,25782,0.70,9348,6531,0.11,PCE,
2011,Barrow Utilities & Electric Cooperative Inc.,Not regulated,1,Electric Co-op,1276,Barrow,7729,896,0.12,98475,9942,0.10,0,0,,EIA,
2011,Beaver Joint Utilities,Not regulated,1,Private Electric Utility,,Beaver,2700,1755,0.65,12059,7838,0.65,8554,5560,0.12,PCE,
2011,Bethel Utilities Corporation,Regulated,1,Private Electric Utility,1651,"Bethel, Oscarville",6021,3091,0.51,24641,12650,0.51,4016,2062,0.25,PCE,Provides power to Oscarville and sells power to Napakiak Ircinraq via intertie. Data includes Oscarville's information.
2011,"Buckland, City of",Not regulated,1,Public Electric Utility,,Buckland,6226,2952,0.47,44850,21264,0.47,4923,2334,0.20,PCE,
2011,Chalkyitsik Village Council,"Regulated, rate exemption",1,Private Electric Utility,,Chalkyitsik,1505,1429,0.95,7819,7428,0.95,17813,16922,0.06,PCE,
2011,Chenega Ira Council,"Regulated, rate exemption",1,Private Electric Utility,,Chenega Bay,4350,1892,0.44,11733,5104,0.44,4845,2108,0.21,PCE,
2011,"Chignik, City of",Not regulated,1,Private Electric Utility,3421,Chignik,3242,1542,0.48,17848,8488,0.48,3557,1692,0.28,PCE,
2011,Chignik Lagoon Power Utility,"Regulated, rate exemption",1,Private Electric Utility,,Chignik Lagoon,4414,3053,0.69,19873,13747,0.69,9552,6608,0.10,PCE,
2011,Chignik Lake Electric Utility,Not regulated,1,Private Electric Utility,,Chignik Lake,2292,1543,0.67,17695,11908,0.67,32234,21693,0.03,PCE,
2011,Chitina Electric Inc,Not regulated,1,Private Electric Utility,3465,Chitina,3196,2011,0.63,10170,6399,0.63,2945,1853,0.34,PCE,
2011,Chugach Electric Assn Inc,Regulated,1,Electric Co-op,3522,,7818,1113,0.14,61501,7373,0.12,5802,634,0.17,EIA,
2011,Circle Electric Utility,Not regulated,1,Private Electric Utility,,Circle,3544,2745,0.77,11282,8738,0.77,16899,13088,0.06,PCE,
2011,Copper Valley Elec Assn Inc,Not regulated,1,Private Electric Utility,4329,Valdez,6109,1737,0.28,79070,19507,0.25,0,0,,EIA,
2011,Cordova Electric Cooperative,Not regulated,1,Electric Co-op,40215,"Cordova, Eyak",6064,2554,0.42,25058,10553,0.42,7373,3105,0.14,PCE,
2011,Diomede Joint Utilities,Not regulated,1,Public Electric Utility,,Diomede,2796,1678,0.60,18522,11113,0.60,3309,1985,0.30,PCE,
2011,Egegik Light & Power Co,Not regulated,1,Public Electric Utility,57351,Egegik,1771,1523,0.86,6593,5670,0.86,4131,3553,0.24,PCE,
2011,Elfin Cove Utility Commission,Not regulated,1,Electric Co-op,5721,Elfin Cove,1779,1327,0.75,5338,3982,0.75,375,280,2.67,PCE,
2011,"False Pass, City of",Not regulated,1,Public Electric Utility,,False Pass,3304,1695,0.51,16501,8468,0.51,6801,3490,0.15,PCE,
2011,G & K Inc,Regulated,1,Private Electric Utility,6866,Cold Bay,5088,3638,0.72,34523,24689,0.72,60369,43174,0.02,PCE,
2011,Gold Country Energy,Regulated,1,Private Electric Utility,56739,Central,1933,1500,0.78,7360,5709,0.78,15794,12250,0.06,PCE,
2011,Golden Valley Elec Assn Inc,Regulated,1,Private Electric Utility,7353,,8064,1808,0.22,21589,4485,0.21,131885,22517,0.01,EIA,
2011,Golovin Power Utilities,Not regulated,1,Public Electric Utility,,Golovin,4109,2373,0.58,9233,5332,0.58,3878,2240,0.26,PCE,
2011,Gustavus Electric Co,Regulated,1,Private Electric Utility,7822,Gustavus,2127,949,0.45,4864,2171,0.45,2777,1239,0.36,PCE,
2011,Gwitchyaa Zhee Utilities Company,Regulated,1,Private Electric Utility,7833,Fort Yukon,4204,2512,0.60,14889,8897,0.60,9372,5601,0.11,PCE,
2011,Homer Electric Assn Inc,Regulated,1,Private Electric Utility,19558,,6958,1373,0.20,46314,8220,0.18,30890,2480,0.03,EIA,"Generation from Bradley Lake is shared among Chugach, AML&P, HEA, MEA, Seward Electric and GVEA"
2011,Hughes Power & Light,Not regulated,1,Public Electric Utility,9000,Hughes,3762,2671,0.71,8763,6222,0.71,9598,6815,0.10,PCE,
2011,Igiugig Electric Company,"Regulated, rate exemption",1,Private Electric Utility,9192,Igiugig,3777,3033,0.80,10346,8307,0.80,10011,8039,0.10,PCE,
2011,"I-N-N Electric Coop, Inc",Not regulated,1,Electric Co-op,9188,"Iliamna, Newhalen, Nondalton",4984,2961,0.59,15697,9324,0.59,5808,3450,0.17,PCE,"Power produced at the Tazimina hydroelectric project and the Newhalen plant is shared by Iliamna, Newhalen and Nondalton. Newhalen's information is included in Nondalton's data."
2011,Inside Passage Electric,Regulated,1,Electric Co-op,18963,Angoon,4909,3069,0.63,22124,13834,0.63,10824,6768,0.09,PCE,
2011,Inside Passage Electric,Regulated,1,Electric Co-op,18963,Chilkat Valley,3504,2175,0.62,14477,8987,0.62,725,450,1.38,PCE,Provides power to Klukwan via intertie. Power is purchased from AP&T.
2011,Inside Passage Electric,Regulated,1,Electric Co-op,18963,Hoonah,5016,3118,0.62,32571,20246,0.62,13921,8653,0.07,PCE,
2011,Inside Passage Electric,Regulated,1,Electric Co-op,18963,Kake,4717,2927,0.62,24380,15125,0.62,5578,3460,0.18,PCE,
2011,Inside Passage Electric,Regulated,1,Electric Co-op,18963,Klukwan,4694,2924,0.62,13117,8171,0.62,8901,5545,0.11,PCE,Receives power from Chilkat Valley via intertie. Chilkat Valley purchases power from AP&T.
2011,Ketchikan Public Utilities,Not regulated,1,Public Electric Utility,10210,Ketchikan,11407,1165,0.10,57774,5590,0.10,19004,1597,0.05,EIA,
2011,"King Cove, City of",Not regulated,1,Public Electric Utility,9897,King Cove,9055,2536,0.28,6946,1946,0.28,6434,1802,0.16,PCE,
2011,Kipnuk Light Plant,Regulated,1,Private Electric Utility,,Kipnuk,4680,2686,0.57,11080,6358,0.57,8005,4594,0.12,PCE,
2011,Kobuk Valley Electric Company,,1,Electric Co-op,,Kobuk,5011,4359,0.87,14996,13046,0.87,12628,10986,0.08,PCE,"Receives power from Shungnak via intertie. For fuel use and cost, please refer to Shungnak. On July 1, 2012, AVEC took over operations in Kobuk."
2011,Kodiak Electric Assn Inc,Regulated,1,Electric Co-op,10433,Kodiak,7278,1385,0.19,20869,3859,0.18,83632,14522,0.01,EIA,
2011,Kokhanok Village Council,"Regulated, rate exemption",1,Public Electric Utility,10455,Kokhanok,3251,2926,0.90,8994,8095,0.90,27651,24886,0.04,PCE,
2011,Kotzebue Electric Association,Not regulated,1,Electric Co-op,10451,Kotzebue,7578,3164,0.42,98918,41305,0.42,27660,11550,0.04,PCE,
2011,"Koyukuk, City of",Not regulated,1,Public Electric Utility,,Koyukuk,2138,1051,0.49,16861,8290,0.49,12383,6088,0.08,PCE,
2011,Kwethluk Incorporated d/b/a Kuiggluum Kallugvia,Not regulated,1,Private Electric Utility,9832,Kwethluk,3492,1816,0.52,30823,16028,0.52,16425,8541,0.06,PCE,
2011,Kwigillingok Power Company,Not regulated,1,Private Electric Utility,10491,Kwigillingok,5164,3085,0.60,32360,19335,0.60,6563,3921,0.15,PCE,
2011,Larsen Bay Utility Company,Not regulated,1,Public Electric Utility,10716,Larsen Bay,3980,1652,0.42,9877,4099,0.42,6617,2746,0.15,PCE,
2011,Levelock Electrical Coop,Not regulated,1,Electric Co-op,,Levelock,4710,3297,0.70,11223,7856,0.70,10426,7298,0.10,PCE,
2011,Manokotak Power Company,Not regulated,1,Private Electric Utility,26317,Manokotak,3693,2031,0.55,7096,3903,0.55,28229,15526,0.04,PCE,
2011,Matanuska Electric Association,Regulated,1,Electric Co-op,11824,,8480,1281,0.15,72450,9214,0.13,0,0,,EIA,
2011,Mcgrath Light & Power,Regulated,1,Private Electric Utility,12119,McGrath,3778,1924,0.51,14741,7509,0.51,15752,8024,0.06,PCE,
2011,Metlakatla Power & Light,Regulated,1,Private Electric Utility,12385,Metlakatla,13190,1204,0.09,47052,5643,0.12,286,52,3.50,EIA,
2011,Middle Kuskokwim Electric,Regulated,1,Electric Co-op,12485,Chuathbaluk,3549,3014,0.85,18203,15463,0.85,4496,3819,0.22,PCE,
2011,Middle Kuskokwim Electric,Regulated,1,Electric Co-op,12485,Crooked Creek,3087,2622,0.85,13202,11214,0.85,6317,5366,0.16,PCE,
2011,Middle Kuskokwim Electric,Regulated,1,Electric Co-op,12485,Red Devil,3504,2976,0.85,7728,6563,0.85,4804,4080,0.21,PCE,
2011,Middle Kuskokwim Electric,Regulated,1,Electric Co-op,12485,Sleetmute,3323,2823,0.85,9407,7991,0.85,11886,10097,0.08,PCE,
2011,Middle Kuskokwim Electric,Regulated,1,Electric Co-op,12485,Stony River,2351,1997,0.85,9794,8320,0.85,3928,3336,0.25,PCE,
2011,Naknek Electric Association,Not regulated,1,Electric Co-op,13201,"Naknek, King Salmon, South Naknek",4564,2303,0.50,39116,19736,0.50,22343,11273,0.04,PCE,Provides power to South Naknek and King Salmon via intertie. Data includes South Naknek's and King Salmon's information.
2011,Napakiak Ircinraq,Not regulated,1,Private Electric Utility,13211,Napakiak,3221,2658,0.83,9934,8199,0.83,4332,3575,0.23,PCE,Purchases power from Bethel Utilities Corporation
2011,Napaskiak Electric Utility,Not regulated,1,Private Electric Utility,,Napaskiak,4145,2643,0.64,43006,27416,0.64,18223,11617,0.05,PCE,
2011,Naterkaq Light Plant (City of Chefornak),Not regulated,1,Private Electric Utility,3422,Chefornak,4410,2550,0.58,25901,14980,0.58,68059,39361,0.01,PCE,
2011,Native Village of Perryville,"Regulated, rate exemption",1,Private Electric Utility,14832,Perryville,2751,2613,0.95,16316,15500,0.95,6328,6012,0.16,PCE,
2011,Nelson Lagoon Electrical Coop,Not regulated,1,Electric Co-op,13477,Nelson Lagoon,4277,3272,0.76,12003,9182,0.76,4865,3722,0.21,PCE,
2011,New Koliganek Village Council,"Regulated, rate exemption",1,Private Electric Utility,,Koliganek,3688,1863,0.50,10068,5084,0.50,40204,20303,0.02,PCE,
2011,"Nikolai, City of",Not regulated,1,Public Electric Utility,,Nikolai,4474,3598,0.80,11697,9406,0.80,17648,14192,0.06,PCE,
2011,Nome Joint Utility Systems,Not regulated,1,Private Electric Utility,13642,Nome,5419,1963,0.36,59882,21689,0.36,24058,8714,0.04,PCE,
2011,North Slope Borough Power & Light,Not regulated,1,Public Electric Utility,26616,Anaktuvuk Pass,7093,1064,0.15,43435,6515,0.15,1189,178,0.84,PCE,
2011,North Slope Borough Power & Light,Not regulated,1,Public Electric Utility,26616,Atqasuk,10113,1517,0.15,41454,6218,0.15,1581,237,0.63,PCE,
2011,North Slope Borough Power & Light,Not regulated,1,Public Electric Utility,26616,Kaktovik,8265,1240,0.15,68214,10232,0.15,17584,2638,0.06,PCE,
2011,North Slope Borough Power & Light,Not regulated,1,Public Electric Utility,26616,Nuiqsut,8540,683,0.08,53666,4293,0.08,1768,141,0.57,PCE,
2011,North Slope Borough Power & Light,Not regulated,1,Public Electric Utility,26616,Point Hope,9156,1373,0.15,41909,6286,0.15,3653,548,0.27,PCE,
2011,North Slope Borough Power & Light,Not regulated,1,Public Electric Utility,26616,Point Lay,7576,1136,0.15,41292,6194,0.15,2222,333,0.45,PCE,
2011,North Slope Borough Power & Light,Not regulated,1,Public Electric Utility,26616,Wainwright,8132,1220,0.15,47319,7098,0.15,1822,273,0.55,PCE,
2011,Nunam Iqua Electric Company,Not regulated,1,Public Electric Utility,,Nunam Iqua,4267,2262,0.53,56318,29848,0.53,32145,17037,0.03,PCE,
2011,Nushagak Electric Cooperative,Not regulated,1,Electric Co-op,13870,"Dillingham, Aleknagik",5692,2278,0.40,27277,10917,0.40,4446,1779,0.22,PCE,Provides power to Aleknagik via intertie. Data includes Aleknagik's information.
2011,"Ouzinkie, City of",Not regulated,1,Public Electric Utility,14234,Ouzinkie,4235,1754,0.41,25532,10576,0.41,11148,4618,0.09,PCE,
2011,Pedro Bay Village Council,"Regulated, rate exemption",1,Private Electric Utility,14633,Pedro Bay,2896,2635,0.91,10424,9486,0.91,3385,3080,0.30,PCE,
2011,Pelican Utility,Not regulated,1,Public Electric Utility,29297,Pelican,4890,3355,0.69,13293,9122,0.69,14385,9872,0.07,PCE,
2011,"Petersburg, City of",Not regulated,1,Public Electric Utility,14856,Petersburg,14915,1468,0.10,12034,1403,0.12,30443,3268,0.03,EIA,
2011,Pilot Point Electric Utility,Not regulated,1,Public Electric Utility,,Pilot Point,4288,2144,0.50,8036,4018,0.50,6991,3496,0.14,PCE,
2011,Port Heiden Utilities,Not regulated,1,Public Electric Utility,,Port Heiden,4365,3274,0.75,5153,3865,0.75,9447,7085,0.11,PCE,
2011,Puvurnaq Power Company,"Regulated, rate exemption",1,Private Electric Utility,,Kongiganak,4848,2707,0.56,11665,6514,0.56,6619,3696,0.15,PCE,
2011,"Ruby, City of",Not regulated,1,Public Electric Utility,,Ruby,1885,1583,0.84,20571,17280,0.84,8991,7553,0.11,PCE,
2011,"Saint George, City of",Not regulated,1,Public Electric Utility,,Saint George,2867,2387,0.83,6067,5051,0.83,12038,10021,0.08,PCE,
2011,Saint Paul Municipal Electric,Not regulated,1,Public Electric Utility,17898,Saint Paul,5800,3011,0.52,41746,21673,0.52,44173,22933,0.02,PCE,
2011,"Seward, City of",Not regulated,1,Public Electric Utility,16955,Seward,7913,1521,0.19,17065,3476,0.20,65613,10724,0.02,EIA,
2011,"Sitka, City & Borough of",Not regulated,1,Public Electric Utility,17271,Sitka,13117,1242,0.09,36445,3395,0.09,3470,326,0.29,EIA,
2011,Takotna Community Assoc Inc,Not regulated,1,Public Electric Utility,,Takotna,2411,2464,1.02,4959,5069,1.02,4331,4427,0.23,PCE,
2011,Tanalian Electric Cooperative,Not regulated,1,Public Electric Utility,,Port Alsworth,4180,2854,0.68,8499,5802,0.68,2522,1722,0.40,PCE,
2011,Tanana Power Company Inc,Regulated,1,Private Electric Utility,18474,Tanana,2859,2041,0.71,11734,8374,0.71,10347,7384,0.10,PCE,
2011,Tatitlek Village Ira Council,Regulated,1,Private Electric Utility,18480,Tatitlek,3447,2154,0.62,6075,3796,0.62,11772,7356,0.08,PCE,
2011,TDX Adak Generating LLC,Regulated,1,Public Electric Utility,,Adak,3495,2837,0.81,15744,12778,0.81,10125,8217,0.10,PCE,
2011,TDX Corporation,Regulated,1,Private Electric Utility,,Sand Point,5129,2996,0.58,10677,6236,0.58,4011,2343,0.25,PCE,
2011,TDX Manley Generating LLC,Regulated,1,Private Electric Utility,56503,Manley Hot Springs,1915,1290,0.67,10999,7410,0.67,1156,779,0.87,PCE,
2011,"Tenakee Springs, City of",Not regulated,1,Public Electric Utility,18541,Tenakee Springs,1947,1340,0.69,3914,2694,0.69,1728,1189,0.58,PCE,
2011,Tuluksak Traditional,"Regulated, rate exemption",1,Private Electric Utility,,Tuluksak,3150,1890,0.60,16168,9701,0.60,7265,4359,0.14,PCE,
2011,Tuntutuliak Community,"Regulated, rate exemption",1,Electric Co-op,19267,Tuntutuliak,4496,2922,0.65,16023,10415,0.65,2844,1848,0.35,PCE,
2011,Twin Hills Village Council,Not regulated,1,Private Electric Utility,,Twin Hills,3657,2029,0.55,11806,6549,0.55,13615,7552,0.07,PCE,
2011,Umnak Power Company,Not regulated,1,Private Electric Utility,,Nikolski,3480,2088,0.60,10303,6182,0.60,2949,1770,0.34,PCE,
2011,Unalakleet Valley Electric Cooperative,Regulated,1,Electric Co-op,40548,Unalakleet,5253,2056,0.39,43409,16989,0.39,16487,6453,0.06,PCE,
2011,"Unalaska, City of",Not regulated,1,Public Electric Utility,19454,Unalaska,5766,2570,0.45,188031,83826,0.45,18953,8449,0.05,PCE,
2011,Ungusraq Power Company,Not regulated,1,Private Electric Utility,,Newtok,3744,2996,0.80,7135,5708,0.80,2527,2022,0.40,PCE,
2011,"White Mountain, City of",Not regulated,1,Public Electric Utility,20535,White Mountain,1765,1212,0.69,8809,6049,0.69,3939,2705,0.25,PCE,
2011,"Wrangell, City of",Not regulated,1,Public Electric Utility,21015,Wrangell,13508,1434,0.11,33884,3626,0.11,0,0,,EIA,
2011,Yakutat Power Inc,Not regulated,1,Public Electric Utility,30150,Yakutat,5234,2633,0.50,39181,19710,0.50,13943,7014,0.07,PCE,
2012,Akiachak Native Community,Not regulated,1,Private Electric Utility,192,Akiachak,3915,2350,0.60,9778,5833,0.60,40857,24524,0.60,pce,
2012,Akiak City Council,Not regulated,1,Public Electric Utility,,Akiak,3208,2021,0.63,31667,19933,0.63,16231,10231,0.63,pce,
2012,"Akutan, City of",Not regulated,1,Public Electric Utility,24486,Akutan,4829,1561,0.32,12563,4063,0.32,6583,2083,0.32,pce,
2012,Alaska Electric Light & Power Company,Regulated,1,Private Electric Utility,213,Juneau,10225,1220,0.12,59697,5914,0.10,1352191,127585,0.09,eia,
2012,Alaska Power & Telephone Company,Regulated,1,Private Electric Utility,219,"Allakaket, Alatna",3028,2931,0.96,11438,11063,0.96,14500,14000,0.96,pce,
2012,Alaska Power & Telephone Company,Regulated,1,Private Electric Utility,219,"Bettles, Evansville",4133,3100,0.75,6545,4818,0.75,16000,11952,0.75,pce,
2012,Alaska Power & Telephone Company,Regulated,1,Private Electric Utility,219,Chistochina,3735,2612,0.70,8133,5667,0.70,13000,9000,0.70,pce,
2012,Alaska Power & Telephone Company,Regulated,1,Private Electric Utility,219,Coffman Cove,3705,1089,0.29,4030,1182,0.29,9615,2846,0.29,pce,
2012,Alaska Power & Telephone Company,Regulated,1,Private Electric Utility,219,Craig,5765,1435,0.25,18724,4660,0.25,30197,7521,0.25,pce,
2012,Alaska Power & Telephone Company,Regulated,1,Private Electric Utility,219,"Dot Lake, Dot Lake Village",4462,2154,0.48,7923,3846,0.48,21500,10333,0.48,pce,
2012,Alaska Power & Telephone Company,Regulated,1,Private Electric Utility,219,"Eagle, Eagle Village",2778,1844,0.66,6778,4500,0.66,8087,5348,0.66,pce,
2012,Alaska Power & Telephone Company,Regulated,1,Private Electric Utility,219,"Haines, Covenant Life",5243,1239,0.24,14429,3411,0.24,41615,9846,0.24,pce,
2012,Alaska Power & Telephone Company,Regulated,1,Private Electric Utility,219,Healy Lake,3833,3667,0.93,8000,7500,0.93,0,0,0.93,pce,
2012,Alaska Power & Telephone Company,Regulated,1,Private Electric Utility,219,Hollis,4863,1205,0.25,18800,4667,0.25,6250,1625,0.25,pce,
2012,Alaska Power & Telephone Company,Regulated,1,Private Electric Utility,219,Hydaburg,5623,1402,0.25,6974,1737,0.25,21625,5375,0.25,pce,
2012,Alaska Power & Telephone Company,Regulated,1,Private Electric Utility,219,Klawock,6196,1541,0.25,44241,11009,0.25,29314,7286,0.25,pce,
2012,Alaska Power & Telephone Company,Regulated,1,Private Electric Utility,219,Mentasta Lake,3057,2151,0.70,11889,8222,0.70,12500,8750,0.70,pce,
2012,Alaska Power & Telephone Company,Regulated,1,Private Electric Utility,219,Naukati Bay,4542,2627,0.58,8429,4857,0.58,0,0,0.58,pce,
2012,Alaska Power & Telephone Company,Regulated,1,Private Electric Utility,219,"Northway, Northway Village, Northway Junction",4250,2864,0.68,22810,15381,0.68,17684,11947,0.68,pce,
2012,Alaska Power & Telephone Company,Regulated,1,Private Electric Utility,219,Skagway,5180,1227,0.24,15735,3726,0.24,23278,5511,0.24,pce,
2012,Alaska Power & Telephone Company,Regulated,1,Private Electric Utility,219,Slana,3795,2654,0.70,6818,4727,0.70,20286,14143,0.70,pce,
2012,Alaska Power & Telephone Company,Regulated,1,Private Electric Utility,219,Tetlin,3930,1884,0.48,3600,1800,0.48,25500,12167,0.48,pce,
2012,Alaska Power & Telephone Company,Regulated,1,Private Electric Utility,219,"Thorne Bay, Kasaan",4801,1192,0.25,10019,2486,0.25,16774,4170,0.25,pce,
2012,Alaska Power & Telephone Company,Regulated,1,Private Electric Utility,219,"Tok, Tanacross",5374,2560,0.48,17074,8136,0.48,31500,15000,0.48,pce,
2012,Alaska Power & Telephone Company,Regulated,1,Private Electric Utility,219,Whale Pass,2790,1758,0.63,8375,5250,0.63,6000,3750,0.63,pce,
2012,Alaska Village Electric Cooperative,Not regulated,1,Electric Co-op,221,Alakanuk,4913,3100,0.63,16684,10526,0.63,44474,28053,0.63,pce,
2012,Alaska Village Electric Cooperative,Not regulated,1,Electric Co-op,221,Ambler,5106,3435,0.67,13182,8818,0.67,36421,24526,0.67,pce,
2012,Alaska Village Electric Cooperative,Not regulated,1,Electric Co-op,221,Anvik,3854,2512,0.65,9125,5875,0.65,8700,5650,0.65,pce,
2012,Alaska Village Electric Cooperative,Not regulated,1,Electric Co-op,221,Brevig Mission,5423,2969,0.55,17889,9778,0.55,27706,15176,0.55,pce,
2012,Alaska Village Electric Cooperative,Not regulated,1,Electric Co-op,221,Chevak,5177,2675,0.52,23471,12118,0.52,42375,21875,0.52,pce,
2012,Alaska Village Electric Cooperative,Not regulated,1,Electric Co-op,221,Eek,3398,2330,0.69,12583,8667,0.69,17294,11824,0.69,pce,
2012,Alaska Village Electric Cooperative,Not regulated,1,Electric Co-op,221,Ekwok,4721,3465,0.74,9708,7167,0.74,3625,2625,0.74,pce,
2012,Alaska Village Electric Cooperative,Not regulated,1,Electric Co-op,221,Elim,4918,2898,0.59,20900,12300,0.59,20455,12045,0.59,pce,
2012,Alaska Village Electric Cooperative,Not regulated,1,Electric Co-op,221,Emmonak,5132,3023,0.59,25564,15077,0.59,39345,23172,0.59,pce,
2012,Alaska Village Electric Cooperative,Not regulated,1,Electric Co-op,221,Gambell,4503,2526,0.56,22600,12667,0.56,34619,19429,0.56,pce,
2012,Alaska Village Electric Cooperative,Not regulated,1,Electric Co-op,221,Goodnews Bay,4869,3083,0.63,21250,13500,0.63,14800,9400,0.63,pce,
2012,Alaska Village Electric Cooperative,Not regulated,1,Electric Co-op,221,Grayling,3548,2274,0.64,15250,9750,0.64,14643,9357,0.64,pce,
2012,Alaska Village Electric Cooperative,Not regulated,1,Electric Co-op,221,Holy Cross,3988,2363,0.59,8000,4714,0.59,15063,8938,0.59,pce,
2012,Alaska Village Electric Cooperative,Not regulated,1,Electric Co-op,221,Hooper Bay,4630,2786,0.60,29889,18000,0.60,51500,30964,0.60,pce,
2012,Alaska Village Electric Cooperative,Not regulated,1,Electric Co-op,221,Huslia,5500,3260,0.59,4182,2455,0.59,18762,11095,0.59,pce,
2012,Alaska Village Electric Cooperative,Not regulated,1,Electric Co-op,221,Kalskag,4884,3130,0.64,9409,6045,0.64,35111,22444,0.64,pce,
2012,Alaska Village Electric Cooperative,Not regulated,1,Electric Co-op,221,Kaltag,3920,2227,0.57,7214,4071,0.57,17000,9684,0.57,pce,
2012,Alaska Village Electric Cooperative,Not regulated,1,Electric Co-op,221,Kasigluk,5761,3325,0.58,20300,11750,0.58,36647,21176,0.58,pce,
2012,Alaska Village Electric Cooperative,Not regulated,1,Electric Co-op,221,Kiana,5175,3483,0.67,17545,11818,0.67,33105,22263,0.67,pce,
2012,Alaska Village Electric Cooperative,Not regulated,1,Electric Co-op,221,Kivalina,5733,3837,0.67,21444,14333,0.67,28941,19353,0.67,pce,
2012,Alaska Village Electric Cooperative,Not regulated,1,Electric Co-op,221,Kotlik,5803,3752,0.65,28071,18143,0.65,39684,25684,0.65,pce,
2012,Alaska Village Electric Cooperative,Not regulated,1,Electric Co-op,221,Koyuk,5820,3494,0.60,15200,9133,0.60,23565,14130,0.60,pce,
2012,Alaska Village Electric Cooperative,Not regulated,1,Electric Co-op,221,Lower Kalskag,3417,2190,0.64,15750,10000,0.64,16778,10667,0.64,pce,
2012,Alaska Village Electric Cooperative,Not regulated,1,Electric Co-op,221,Marshall,5414,3144,0.58,16714,9714,0.58,28500,16538,0.58,pce,
2012,Alaska Village Electric Cooperative,Not regulated,1,Electric Co-op,221,Mekoryuk,3359,1826,0.54,12231,6615,0.54,20905,11333,0.54,pce,
2012,Alaska Village Electric Cooperative,Not regulated,1,Electric Co-op,221,Minto,4054,2568,0.63,8333,5333,0.63,19769,12538,0.63,pce,
2012,Alaska Village Electric Cooperative,Not regulated,1,Electric Co-op,221,Mountain Village,5633,3444,0.61,29000,17706,0.61,40571,24821,0.61,pce,
2012,Alaska Village Electric Cooperative,Not regulated,1,Electric Co-op,221,New Stuyahok,5645,3564,0.63,10037,6333,0.63,27889,17611,0.63,pce,
2012,Alaska Village Electric Cooperative,Not regulated,1,Electric Co-op,221,Nightmute,5291,3036,0.57,10250,5917,0.57,13400,7733,0.57,pce,
2012,Alaska Village Electric Cooperative,Not regulated,1,Electric Co-op,221,Noatak,6829,5545,0.81,23000,18700,0.81,50786,41214,0.81,pce,
2012,Alaska Village Electric Cooperative,Not regulated,1,Electric Co-op,221,Noorvik,6019,3903,0.65,15636,10091,0.65,42700,27650,0.65,pce,
2012,Alaska Village Electric Cooperative,Not regulated,1,Electric Co-op,221,Nulato,4241,2616,0.62,5667,3556,0.62,17963,11074,0.62,pce,
2012,Alaska Village Electric Cooperative,Not regulated,1,Electric Co-op,221,Nunapitchuk,4888,2821,0.58,10650,6150,0.58,21875,12625,0.58,pce,
2012,Alaska Village Electric Cooperative,Not regulated,1,Electric Co-op,221,Old Harbor,4072,2536,0.62,10571,6571,0.62,17529,10941,0.62,pce,
2012,Alaska Village Electric Cooperative,Not regulated,1,Electric Co-op,221,Pilot Station,5540,3353,0.60,25100,15200,0.60,35650,21600,0.60,pce,
2012,Alaska Village Electric Cooperative,Not regulated,1,Electric Co-op,221,Pitkas Point,4467,2600,0.58,4800,2800,0.58,24857,14571,0.58,pce,
2012,Alaska Village Electric Cooperative,Not regulated,1,Electric Co-op,221,Quinhagak,4949,2705,0.55,22300,12200,0.55,29647,16176,0.55,pce,
2012,Alaska Village Electric Cooperative,Not regulated,1,Electric Co-op,221,Russian Mission,5386,3271,0.61,8273,5000,0.61,37071,22429,0.61,pce,
2012,Alaska Village Electric Cooperative,Not regulated,1,Electric Co-op,221,"Saint Mary's, Andreafsky",4877,2850,0.58,22743,13286,0.58,42148,24630,0.58,pce,
2012,Alaska Village Electric Cooperative,Not regulated,1,Electric Co-op,221,Saint Michael,6745,4284,0.64,32000,20385,0.64,35667,22667,0.64,pce,
2012,Alaska Village Electric Cooperative,Not regulated,1,Electric Co-op,221,Savoonga,5247,2819,0.54,20824,11235,0.54,39273,21136,0.54,pce,
2012,Alaska Village Electric Cooperative,Not regulated,1,Electric Co-op,221,Scammon Bay,4780,3171,0.66,9381,6238,0.66,37333,24762,0.66,pce,
2012,Alaska Village Electric Cooperative,Not regulated,1,Electric Co-op,221,Selawik,6010,3881,0.65,17217,11130,0.65,44314,28600,0.65,pce,
2012,Alaska Village Electric Cooperative,Not regulated,1,Electric Co-op,221,Shageluk,2973,1946,0.66,16333,10667,0.66,11909,7818,0.66,pce,
2012,Alaska Village Electric Cooperative,Not regulated,1,Electric Co-op,221,Shaktoolik,6691,3985,0.60,24900,14800,0.60,14375,8563,0.60,pce,
2012,Alaska Village Electric Cooperative,Not regulated,1,Electric Co-op,221,Shishmaref,5041,3088,0.61,20211,12368,0.61,19292,11833,0.61,pce,
2012,Alaska Village Electric Cooperative,Not regulated,1,Electric Co-op,221,Shungnak,6770,6016,0.89,31429,27929,0.89,30077,26692,0.89,pce,
2012,Alaska Village Electric Cooperative,Not regulated,1,Electric Co-op,221,Stebbins,4359,2683,0.61,19000,11692,0.61,27500,16889,0.61,pce,
2012,Alaska Village Electric Cooperative,Not regulated,1,Electric Co-op,221,Teller,3580,2395,0.67,12545,8455,0.67,18263,12263,0.67,pce,
2012,Alaska Village Electric Cooperative,Not regulated,1,Electric Co-op,221,Togiak,5046,3131,0.62,28111,17444,0.62,27419,17000,0.62,pce,
2012,Alaska Village Electric Cooperative,Not regulated,1,Electric Co-op,221,Toksook Bay,5331,3059,0.57,17867,10267,0.57,26609,15261,0.57,pce,
2012,Alaska Village Electric Cooperative,Not regulated,1,Electric Co-op,221,Tununak,4902,2815,0.57,15091,8636,0.57,18800,10800,0.57,pce,
2012,Alaska Village Electric Cooperative,Not regulated,1,Electric Co-op,221,Wales,4471,3137,0.70,10727,7545,0.70,17667,12417,0.70,pce,
2012,Alutiiq Power Company,"Regulated, rate exemption",1,Private Electric Utility,,Karluk,7786,5071,0.65,10300,6700,0.65,0,0,0.65,pce,
2012,Anchorage Municipal Light & Power,Regulated,1,Public Electric Utility,599,Anchorage,6005,705,0.12,151312,13283,0.09,,,,eia,
2012,Aniak Light & Power,Regulated,1,Private Electric Utility,4959,Aniak,5672,4317,0.76,29037,22111,0.76,53667,40778,0.76,pce,
2012,"Atka, City of",Not regulated,1,Public Electric Utility,56256,Atka,5467,4167,0.76,14714,11143,0.76,4773,3636,0.76,pce,
2012,Atmautluak Tribal Utilities,Not regulated,1,Private Electric Utility,878,Atmautluak,4123,3301,0.80,25429,20286,0.80,4900,3900,0.80,pce,
2012,Barrow Utilities & Electric Cooperative Inc.,Not regulated,1,Electric Co-op,1276,Barrow,7825,927,0.12,95172,9823,0.10,,,,eia,
2012,Beaver Joint Utilities,Not regulated,1,Private Electric Utility,,Beaver,2974,2538,0.86,11000,9429,0.86,10250,8750,0.86,pce,
2012,Bethel Utilities Corporation,Regulated,1,Private Electric Utility,1651,"Bethel, Oscarville",6389,3585,0.56,29723,15833,0.53,,,,eia,
2012,"Buckland, City of",Not regulated,1,Public Electric Utility,,Buckland,6692,3176,0.47,46941,22294,0.47,0,0,0.47,pce,
2012,Chalkyitsik Village Council,"Regulated, rate exemption",1,Private Electric Utility,,Chalkyitsik,1190,1143,0.95,8833,8500,0.95,17000,16167,0.95,pce,
2012,Chenega Ira Council,"Regulated, rate exemption",1,Private Electric Utility,,Chenega Bay,4400,2320,0.53,10273,5364,0.53,5778,3000,0.53,pce,
2012,"Chignik, City of",Not regulated,1,Private Electric Utility,3421,Chignik,3895,2000,0.51,17645,9000,0.51,10909,5545,0.51,pce,
2012,Chignik Lagoon Power Utility,"Regulated, rate exemption",1,Private Electric Utility,,Chignik Lagoon,4463,3352,0.75,17375,13000,0.75,6778,5111,0.75,pce,
2012,Chignik Lake Electric Utility,Not regulated,1,Private Electric Utility,,Chignik Lake,3737,3211,0.86,29000,25000,0.86,11273,9636,0.86,pce,
2012,Chitina Electric Inc,Not regulated,1,Private Electric Utility,3465,Chitina,3288,2192,0.67,9231,6154,0.67,12667,8500,0.67,pce,
2012,Chugach Electric Assn Inc,Regulated,1,Electric Co-op,3522,Anchorage,7910,1095,0.14,62395,7320,0.12,7829142,843143,0.11,eia,"In addition to Anchorage, CEA serves eight communities."
2012,Circle Electric Utility,Not regulated,1,Private Electric Utility,,Circle,3737,2974,0.79,10444,8222,0.79,24000,19000,0.79,pce,
2012,Copper Valley Elec Assn Inc,Not regulated,1,Private Electric Utility,4329,Valdez,5872,1765,0.30,82505,22151,0.27,,,,eia,"In addition to Valdez, the CVEA service area includes 14 communities."
2012,Cordova Electric Cooperative,Not regulated,1,Electric Co-op,40215,"Cordova, Eyak",5379,2268,0.42,20177,6917,0.34,1600800,380400,0.24,eia,
2012,Diomede Joint Utilities,Not regulated,1,Public Electric Utility,,Diomede,3867,2311,0.60,24333,14583,0.60,6667,4000,0.60,pce,
2012,Egegik Light & Power Co,Not regulated,1,Public Electric Utility,57351,Egegik,3651,3140,0.86,18286,15714,0.86,7550,6500,0.86,pce,
2012,Elfin Cove Utility Commission,Not regulated,1,Electric Co-op,5721,Elfin Cove,1907,1488,0.78,5241,4069,0.78,1714,1286,0.78,pce,
2012,"False Pass, City of",Not regulated,1,Public Electric Utility,,False Pass,3520,1480,0.42,24385,10231,0.42,6923,2923,0.42,pce,
2012,"Galena, City of",Not regulated,1,Public Electric Utility,6915,Galena,4558,2767,0.61,18966,11513,0.61,28860,17520,0.61,pce,
2012,G & K Inc,Regulated,1,Private Electric Utility,6866,Cold Bay,6308,4513,0.72,42250,30208,0.72,25321,18125,0.72,pce,
2012,Gold Country Energy,Regulated,1,Private Electric Utility,56739,Central,2007,1547,0.77,8429,6429,0.77,15714,12143,0.77,pce,
2012,Golden Valley Elec Assn Inc,Regulated,1,Private Electric Utility,7353,Fairbanks,7932,1921,0.24,21665,4895,0.23,1724840,324339,0.19,eia,"In addition to Fairbanks, the GVEA service are includes 25 communities."
2012,Golovin Power Utilities,Not regulated,1,Public Electric Utility,,Golovin,4537,2722,0.60,12185,7296,0.60,10929,6571,0.60,pce,
2012,Gustavus Electric Co,Regulated,1,Private Electric Utility,7822,Gustavus,2139,944,0.44,4901,2165,0.44,10467,4600,0.44,pce,
2012,Gwitchyaa Zhee Utilities Company,Regulated,1,Private Electric Utility,7833,Fort Yukon,4333,2809,0.65,14929,9686,0.65,18194,11806,0.65,pce,
2012,Homer Electric Assn Inc,Regulated,1,Private Electric Utility,19558,Homer,6979,1414,0.20,46408,8163,0.18,5525043,482348,0.09,eia,"In addition to Homer, HEA serves 24 communities."
2012,Hughes Power & Light,Not regulated,1,Public Electric Utility,9000,Hughes,4486,3189,0.71,8750,6125,0.71,19000,13400,0.71,pce,
2012,Igiugig Electric Company,"Regulated, rate exemption",1,Private Electric Utility,9192,Igiugig,3692,3000,0.81,9300,7600,0.81,6867,5533,0.81,pce,
2012,"I-N-N Electric Coop, Inc",Not regulated,1,Electric Co-op,9188,"Iliamna, Newhalen, Nondalton",4807,2904,0.60,22190,13393,0.60,23440,14160,0.60,pce,
2012,Inside Passage Electric,Regulated,1,Electric Co-op,18963,Angoon,4660,2954,0.63,18360,11640,0.63,19133,12133,0.63,pce,
2012,Inside Passage Electric,Regulated,1,Electric Co-op,18963,Chilkat Valley,3320,2099,0.63,16160,10200,0.63,2533,1600,0.63,pce,
2012,Inside Passage Electric,Regulated,1,Electric Co-op,18963,Hoonah,4863,3085,0.63,29847,18932,0.63,17698,11233,0.63,pce,
2012,Inside Passage Electric,Regulated,1,Electric Co-op,18963,Kake,4726,2996,0.63,26660,16900,0.63,14238,9048,0.63,pce,
2012,Inside Passage Electric,Regulated,1,Electric Co-op,18963,Klukwan,4413,2804,0.63,11000,7000,0.63,0,0,0.63,pce,
2012,Ipnatchiaq Electric Company,Not regulated,1,Private Electric Utility,9416,Deering,5350,3775,0.70,39000,27429,0.70,13167,9250,0.70,pce,
2012,Ketchikan Public Utilities,Not regulated,1,Public Electric Utility,10210,"Ketchikan, Petersburg, Wrangell",11836,1205,0.10,59726,5809,0.10,1881000,157454,0.08,eia,
2012,"King Cove, City of",Not regulated,1,Public Electric Utility,9897,King Cove,7692,2308,0.30,9086,2727,0.30,35667,10697,0.30,pce,
2012,Kipnuk Light Plant,Regulated,1,Private Electric Utility,,Kipnuk,4951,2809,0.57,10069,5724,0.57,16429,9357,0.57,pce,
2012,Kobuk Valley Electric Company,,1,Electric Co-op,,Kobuk,5243,4486,0.86,18400,15800,0.86,25286,21714,0.86,pce,
2012,Kodiak Electric Assn Inc,Regulated,1,Electric Co-op,10433,Kodiak,7511,1392,0.19,21425,3850,0.18,853333,144804,0.17,eia,"The KEA service area also includes: Port Lions, Chiniak, Womens Bay and Woody Island."
2012,Kokhanok Village Council,"Regulated, rate exemption",1,Public Electric Utility,10455,Kokhanok,3481,3148,0.90,7625,6875,0.90,11286,10143,0.90,pce,
2012,Kotzebue Electric Association,Not regulated,1,Electric Co-op,10451,Kotzebue,7536,3246,0.43,99224,42738,0.43,31409,13527,0.43,pce,
2012,"Koyukuk, City of",Not regulated,1,Public Electric Utility,,Koyukuk,1690,1603,0.95,14000,13400,0.95,10700,10200,0.95,pce,
2012,Kwethluk Incorporated d/b/a Kuiggluum Kallugvia,Not regulated,1,Private Electric Utility,9832,Kwethluk,3893,2023,0.52,21625,11250,0.52,9111,4778,0.52,pce,
2012,Kwigillingok Power Company,Not regulated,1,Private Electric Utility,10491,Kwigillingok,5367,3278,0.61,33000,20083,0.61,6875,4188,0.61,pce,
2012,Larsen Bay Utility Company,Not regulated,1,Public Electric Utility,10716,Larsen Bay,3431,1510,0.44,8788,3879,0.44,16700,7300,0.44,pce,
2012,Levelock Electrical Coop,Not regulated,1,Electric Co-op,,Levelock,4257,2971,0.70,10583,7417,0.70,5308,3692,0.70,pce,
2012,Lime Village Electric Utility,Not regulated,1,Public Electric Utility,,Lime Village,1118,1941,1.70,19000,32000,1.70,2571,4429,1.70,pce,
2012,Manokotak Power Company,Not regulated,1,Private Electric Utility,26317,Manokotak,3800,2090,0.55,8048,4429,0.55,22667,12458,0.55,pce,
2012,Matanuska Electric Association,Regulated,1,Electric Co-op,11824,"Palmer, Wasilla",8491,1293,0.15,72243,9215,0.13,,,,eia,MEA services 29 communities including Palmer and Wasilla.
2012,Mcgrath Light & Power,Regulated,1,Private Electric Utility,12119,McGrath,3962,2330,0.59,15000,8814,0.59,18154,10673,0.59,pce,
2012,Middle Kuskokwim Electric,Regulated,1,Electric Co-op,12485,Chuathbaluk,3114,3543,1.14,21800,24800,1.14,5300,6000,1.14,pce,
2012,Middle Kuskokwim Electric,Regulated,1,Electric Co-op,12485,Crooked Creek,3219,3750,1.16,9625,11125,1.16,7000,8125,1.16,pce,
2012,Middle Kuskokwim Electric,Regulated,1,Electric Co-op,12485,Red Devil,3588,4118,1.15,5333,6000,1.15,1750,2000,1.15,pce,
2012,Middle Kuskokwim Electric,Regulated,1,Electric Co-op,12485,Sleetmute,3333,3879,1.16,8286,9714,1.16,9500,11000,1.16,pce,
2012,Middle Kuskokwim Electric,Regulated,1,Electric Co-op,12485,Stony River,2375,2750,1.16,8167,9500,1.16,6500,7500,1.16,pce,
2012,Naknek Electric Association,Not regulated,1,Electric Co-op,13201,"Naknek, South Naknek, King Salmon",4003,2223,0.56,41490,23042,0.56,34380,19093,0.56,pce,
2012,Napakiak Ircinraq,Not regulated,1,Private Electric Utility,13211,Napakiak,3436,2851,0.83,13938,11563,0.83,6300,5200,0.83,pce,
2012,Napaskiak Electric Utility,Not regulated,1,Private Electric Utility,,Napaskiak,3879,2710,0.70,25714,18000,0.70,6231,4308,0.70,pce,
2012,Naterkaq Light Plant (City of Chefornak),Not regulated,1,Private Electric Utility,3422,Chefornak,4525,3141,0.69,22100,15300,0.69,17875,12375,0.69,pce,
2012,Native Village of Perryville,"Regulated, rate exemption",1,Private Electric Utility,14832,Perryville,2563,2438,0.95,16111,15333,0.95,12889,12222,0.95,pce,
2012,Nelson Lagoon Electrical Coop,Not regulated,1,Electric Co-op,13477,Nelson Lagoon,4194,3516,0.84,7526,6316,0.84,7333,6111,0.84,pce,
2012,New Koliganek Village Council,"Regulated, rate exemption",1,Private Electric Utility,,Koliganek,3686,1843,0.50,10000,5000,0.50,12870,6435,0.50,pce,
2012,"Nikolai, City of",Not regulated,1,Public Electric Utility,,Nikolai,4421,3816,0.87,12500,10833,0.87,9538,8308,0.87,pce,
2012,Nome Joint Utility Systems,Not regulated,1,Private Electric Utility,13642,Nome,5739,2094,0.36,58617,21390,0.36,54715,19967,0.36,pce,
2012,North Slope Borough Power & Light,Not regulated,1,Public Electric Utility,26616,Anaktuvuk Pass,7149,1074,0.15,49443,7410,0.15,15400,2400,0.15,pce,
2012,North Slope Borough Power & Light,Not regulated,1,Public Electric Utility,26616,Atqasuk,10407,1559,0.15,51418,7709,0.15,19250,3000,0.15,pce,
2012,North Slope Borough Power & Light,Not regulated,1,Public Electric Utility,26616,Kaktovik,9077,1359,0.15,84306,12653,0.15,89000,13300,0.15,pce,
2012,North Slope Borough Power & Light,Not regulated,1,Public Electric Utility,26616,Nuiqsut,8829,705,0.08,69308,5538,0.08,23167,1833,0.08,pce,
2012,North Slope Borough Power & Light,Not regulated,1,Public Electric Utility,26616,Point Hope,9044,1355,0.15,44461,6671,0.15,24625,3750,0.15,pce,
2012,North Slope Borough Power & Light,Not regulated,1,Public Electric Utility,26616,Point Lay,7930,1193,0.15,60000,9000,0.15,34333,5000,0.15,pce,
2012,North Slope Borough Power & Light,Not regulated,1,Public Electric Utility,26616,Wainwright,8549,1282,0.15,57901,8690,0.15,22667,3333,0.15,pce,
2012,Nunam Iqua Electric Company,Not regulated,1,Public Electric Utility,,Nunam Iqua,4625,2450,0.53,82200,43600,0.53,28375,15000,0.53,pce,
2012,Nushagak Electric Cooperative,Not regulated,1,Electric Co-op,13870,"Dillingham, Aleknagik",5768,2662,0.46,27771,12817,0.46,18378,8480,0.46,pce,
2012,"Ouzinkie, City of",Not regulated,1,Public Electric Utility,14234,Ouzinkie,4130,1831,0.44,22636,10091,0.44,13900,6200,0.44,pce,
2012,Pedro Bay Village Council,"Regulated, rate exemption",1,Private Electric Utility,14633,Pedro Bay,3000,2750,0.91,8400,7600,0.91,6200,5600,0.91,pce,
2012,Pelican Utility,Not regulated,1,Public Electric Utility,29297,Pelican,4742,3288,0.69,18400,12800,0.69,8931,6172,0.69,pce,
2012,"Petersburg, City of",Not regulated,1,Public Electric Utility,14856,Petersburg,15364,1485,0.10,12641,1437,0.11,510384,56631,0.11,eia,
2012,Pilot Point Electric Utility,Not regulated,1,Public Electric Utility,,Pilot Point,4514,2243,0.50,8867,4400,0.50,7929,3929,0.50,pce,
2012,Port Heiden Utilities,Not regulated,1,Public Electric Utility,,Port Heiden,4255,3196,0.75,6571,4952,0.75,21286,15929,0.75,pce,
2012,Puvurnaq Power Company,"Regulated, rate exemption",1,Private Electric Utility,,Kongiganak,5420,3530,0.65,15111,9833,0.65,11444,7444,0.65,pce,
2012,"Ruby, City of",Not regulated,1,Public Electric Utility,,Ruby,1985,1664,0.84,21071,17714,0.84,5455,4591,0.84,pce,
2012,"Saint George, City of",Not regulated,1,Public Electric Utility,,Saint George,4381,3762,0.86,8467,7267,0.86,14381,12381,0.86,pce,
2012,Saint Paul Municipal Electric,Not regulated,1,Public Electric Utility,17898,Saint Paul,5564,3054,0.55,43061,23636,0.55,35021,19229,0.55,pce,
2012,"Seward, City of",Not regulated,1,Public Electric Utility,16955,Seward,7988,1620,0.20,17198,3716,0.22,266658,46254,0.17,eia,"The City of Seward services the communities of Crown Point, Primrose, Bear Creek and Lowell Point."
2012,"Sitka, City & Borough of",Not regulated,1,Public Electric Utility,17271,Sitka,13055,1246,0.10,36087,3476,0.10,331200,31733,0.10,eia,
2012,Takotna Community Assoc Inc,Not regulated,1,Public Electric Utility,,Takotna,3100,3150,1.02,5500,5700,1.02,6778,6889,1.02,pce,
2012,Tanalian Electric Cooperative,Not regulated,1,Public Electric Utility,,Port Alsworth,4239,2925,0.69,10212,7061,0.69,0,0,0.69,pce,
2012,Tanana Power Company Inc,Regulated,1,Private Electric Utility,18474,Tanana,3132,2368,0.76,12355,9323,0.76,20111,15222,0.76,pce,
2012,Tatitlek Village Ira Council,Regulated,1,Private Electric Utility,18480,Tatitlek,2830,2170,0.77,6500,5000,0.77,15909,12182,0.77,pce,
2012,TDX Adak Generating LLC,Regulated,1,Public Electric Utility,,Adak,3384,3659,1.08,25119,27186,1.08,26519,28704,1.08,pce,
2012,TDX Corporation,Regulated,1,Private Electric Utility,,Sand Point,5344,3590,0.67,11157,7503,0.67,16239,10913,0.67,pce,
2012,TDX Manley Generating LLC,Regulated,1,Private Electric Utility,56503,Manley Hot Springs,2414,2172,0.90,12400,11200,0.90,6250,5500,0.90,pce,
2012,"Tenakee Springs, City of",Not regulated,1,Public Electric Utility,18541,Tenakee Springs,1921,1444,0.75,2515,1879,0.75,2571,1929,0.75,pce,
2012,Tuluksak Traditional,"Regulated, rate exemption",1,Private Electric Utility,,Tuluksak,3298,1976,0.60,15400,9300,0.60,9500,5750,0.60,pce,
2012,Tuntutuliak Community,"Regulated, rate exemption",1,Electric Co-op,19267,Tuntutuliak,4768,3095,0.65,18227,11818,0.65,6154,4000,0.65,pce,
2012,Twin Hills Village Council,Not regulated,1,Private Electric Utility,,Twin Hills,3786,2107,0.55,16000,8750,0.55,7125,4000,0.55,pce,
2012,Umnak Power Company,Not regulated,1,Private Electric Utility,,Nikolski,3867,2333,0.60,9200,5500,0.60,9429,5714,0.60,pce,
2012,Unalakleet Valley Electric Cooperative,Regulated,1,Electric Co-op,40548,Unalakleet,5316,2200,0.41,41659,17227,0.41,25333,10467,0.41,pce,
2012,"Unalaska, City of",Not regulated,1,Public Electric Utility,19454,"Dutch Harbor, Unalaska",5844,2912,0.50,46210,20274,0.44,1689000,660750,0.39,eia,
2012,"Unalaska, City of",Not regulated,1,Public Electric Utility,19454,Unalaska,5807,2882,0.50,189355,93956,0.50,47413,23520,0.50,pce,
2012,Ungusraq Power Company,Not regulated,1,Private Electric Utility,,Newtok,4061,3242,0.80,7688,6125,0.80,7500,6000,0.80,pce,
2012,"White Mountain, City of",Not regulated,1,Public Electric Utility,20535,White Mountain,4016,2492,0.62,15350,9500,0.62,11538,7154,0.62,pce,
2012,"Wrangell, City of",Not regulated,1,Public Electric Utility,21015,Wrangell,13053,1371,0.11,25602,2740,0.11,,,,eia,
2012,Yakutat Power Inc,Not regulated,1,Public Electric Utility,30150,Yakutat,5007,2666,0.53,34169,18202,0.53,19500,10383,0.53,pce,
