name,gnis_feature_id,census_code,census_area__name,census_area__gnis_feature_id,census_area__census_code,census_area__county_code,census_area__historical,census_area__notes,alaska_native_regional_corporation__name,latitude,longitude,aea_energy_region__name,dcra_community_id
Adak,1418109,65,Aleutians West Census Area,1419965,99016,16,0,"Created from the remainder of the former Aleutian Islands Census Area (02-010) when the new Aleutians East Borough (02-013) was created effective October 23, 1987; 1980 population: 6,125.",Aleut Corporation,51.8800000,-176.6580556,Aleutians,3f694e33-bff6-4cb8-a468-60cb72e9f571
Afognak,1397926,425,Kodiak Island Borough,1419974,99150,150,0,,"Koniag, Incorporated",58.0221236,-152.7652264,,1c66652f-573d-4e46-8467-e27f4ea79fc7
Akhiok,1398007,650,Kodiak Island Borough,1419974,99150,150,0,,"Koniag, Incorporated",56.9455556,-154.1702778,Kodiak,0b1ab70f-3a34-46fe-8aac-c43348797f98
Akiachak,1398011,760,Bethel Census Area,1419966,99050,50,0,,Calista Corporation,60.9094444,-161.4313889,Lower Yukon-Kuskokwim,d9eef633-a710-4daa-9470-d36de6b53199
Akiak,1398012,870,Bethel Census Area,1419966,99050,50,0,,Calista Corporation,60.9122222,-161.2138889,Lower Yukon-Kuskokwim,f35f3e25-97e9-423d-8a37-f06d15b4edbf
Akutan,1418123,1090,Aleutians East Borough,1419964,99013,13,0,"Created from part of the former Aleutian Islands Census Area (02-010) effective October 23, 1987. The remainder of the former Aleutian Islands Census Area was established as the new Aleutians West Census Area (02-016); 1980 population: 1,643.",Aleut Corporation,54.1355556,-165.7730556,Aleutians,e569dafa-a01c-4f00-92c2-b27d9ee32ea8
Alakanuk,1398042,1200,Wade Hampton Census Area,1419985,99270,270,0,,Calista Corporation,62.6888889,-164.6152778,Lower Yukon-Kuskokwim,ce7e59f5-2ed0-4555-8468-0a18a3a36191
Alatna,1865542,1305,Yukon-Koyukuk Census Area,1419987,99290,290,0,"Part taken to create the new Denali Borough (02-068) effective December 7, 1990; 1990 detached population: 1,682.","Doyon, Limited",66.5572222,-152.7072222,Yukon-Koyukuk/Upper Tanana,cce9a1d7-6fd1-48d9-afa4-4922ec7861bb
Alcan Border,2418762,1390,Southeast Fairbanks Census Area,1419983,99240,240,0,"Unpopulated part taken to create the new Denali Borough (02-068) effective December 7, 1990.",,62.6747868,-141.1314000,Yukon-Koyukuk/Upper Tanana,659d30fc-23d2-41bb-811e-ada67194df1b
Aleknagik,1398091,1420,Dillingham Census Area,1419968,99070,70,0,"Part taken to create the new Lake and Peninsula Borough (02-164) effective April 24, 1989; 1980 detached population: 1,384.",Bristol Bay Native Corporation,59.2730556,-158.6177778,Bristol Bay,c47614a0-11f3-498d-b60d-89eee14e54af
Aleneva,1865543,1560,Kodiak Island Borough,1419974,99150,150,0,,,58.0600000,-152.9097222,,66cb1781-117f-4676-ba25-04d3c9cbf709
Allakaket,1398129,1860,Yukon-Koyukuk Census Area,1419987,99290,290,0,"Part taken to create the new Denali Borough (02-068) effective December 7, 1990; 1990 detached population: 1,682.","Doyon, Limited",66.5655556,-152.6455556,Yukon-Koyukuk/Upper Tanana,3dab0bf2-69d6-4a39-845b-722247ac6070
Alpine,1865544,1882,North Slope Borough,1419978,99185,185,0,"Unpopulated part plus all of the former Kobuk Census Area (02-140) taken to create the new Northwest Arctic Borough (02-188) effective June 2, 1986.",,70.3280556,-150.9775000,,a266f8ba-b5dd-4fdb-97f0-ae70c4fa552d
Ambler,1412509,1970,Northwest Arctic Borough,1419979,99188,188,0,"Created from all of the former Kobuk Census Area (02-140) and an unpopulated part of the North Slope Borough (02-185) effective June 2, 1986; 1980 population: 4,831.","NANA Regional Corporation, Incorporated",67.0861111,-157.8513889,Northwest Arctic,ceea5ed4-f88d-47ee-81dd-58cd8921b6da
Anaktuvuk Pass,1398235,2080,North Slope Borough,1419978,99185,185,0,"Unpopulated part plus all of the former Kobuk Census Area (02-140) taken to create the new Northwest Arctic Borough (02-188) effective June 2, 1986.",Arctic Slope Regional Corporation,68.1433333,-151.7358333,North Slope,825f1cab-ad43-490d-b829-4eb77828ab58
Anchorage,1398242,3000,Anchorage Municipality,1416061,99020,20,0,,,61.2180556,-149.9002778,Railbelt,e6c4e976-7e27-4809-a3e4-f168d67f1726
Anchor Point,1412516,3110,Kenai Peninsula Borough,1419972,99122,122,0,,,59.7766667,-151.8313889,Railbelt,cc5e52a2-3cac-48d0-98d0-db8f9325d4de
Anderson,1398245,3220,Denali Borough,1419988,99068,68,0,"Created from part of the Yukon-Koyukuk Census Area (02-290) and an unpopulated part of the Southeast Fairbanks Census Area (02-240) effective December 7, 1990; 1990 population: 1,682.",,64.3441667,-149.1869444,Railbelt,4a01f31c-e492-4d93-be8d-86d020b1d8b0
Andreafsky,2418771,-16,Wade Hampton Census Area,1419985,99270,270,0,,Calista Corporation,62.0715030,-163.2795150,Lower Yukon-Kuskokwim,52b44e86-bc0c-4365-95e8-b7ce946dc37c
Angoon,1420113,3440,Hoonah-Angoon Census Area,2371430,33390,105,0,"Created from the remainder of the former Skagway-Hoonah-Angoon Census Area (02-232) when the new Skagway Municipality (02-230) was created effective June 20, 2007; population: 2,574. Part taken to create new Petersburg Borough (02-195) effective January 3, 2013; estimated detached population: 1.",Sealaska Corporation,57.5033333,-134.5838889,Southeast,72294383-ddd6-4441-8c63-eb92786a82a1
Aniak,1398286,3550,Bethel Census Area,1419966,99050,50,0,,Calista Corporation,61.5783333,-159.5222222,Lower Yukon-Kuskokwim,319d7670-7304-4cb9-9b6b-afe9d3f2b94f
Anvik,1398335,3880,Yukon-Koyukuk Census Area,1419987,99290,290,0,"Part taken to create the new Denali Borough (02-068) effective December 7, 1990; 1990 detached population: 1,682.","Doyon, Limited",62.6561111,-160.2066667,Yukon-Koyukuk/Upper Tanana,c0a23263-bd61-47ba-9bd4-8152e95aed1a
Arctic Village,1398382,3990,Yukon-Koyukuk Census Area,1419987,99290,290,0,"Part taken to create the new Denali Borough (02-068) effective December 7, 1990; 1990 detached population: 1,682.",,68.1269444,-145.5377778,Yukon-Koyukuk/Upper Tanana,730fbd9e-539c-4aa5-821c-3f8e435c7ee2
Atka,1418170,4210,Aleutians West Census Area,1419965,99016,16,0,"Created from the remainder of the former Aleutian Islands Census Area (02-010) when the new Aleutians East Borough (02-013) was created effective October 23, 1987; 1980 population: 6,125.",Aleut Corporation,52.1961111,-174.2005556,Aleutians,1416bd82-ae8b-413c-a12c-5c56c233e3e3
Atmautluak,1699811,4430,Bethel Census Area,1419966,99050,50,0,,Calista Corporation,60.8669444,-162.2730556,Lower Yukon-Kuskokwim,da1c5373-d58a-489d-bcc9-4e348b4ec115
Atqasuk,1406178,4500,North Slope Borough,1419978,99185,185,0,"Unpopulated part plus all of the former Kobuk Census Area (02-140) taken to create the new Northwest Arctic Borough (02-188) effective June 2, 1986.","Koniag, Incorporated",70.4691667,-157.3994444,North Slope,ac7acc77-e5ba-495e-a707-20889836248b
Attu Station,2418783,4670,Aleutians West Census Area,1419965,99016,16,0,"Created from the remainder of the former Aleutian Islands Census Area (02-010) when the new Aleutians East Borough (02-013) was created effective October 23, 1987; 1980 population: 6,125.",,52.8947998,-173.1242450,,4b91a12e-2baf-4e49-be41-2b21ddfe9dc5
Auke Bay,1398469,4760,Juneau City and Borough,1419971,99110,110,0,,,58.3833333,-134.6597222,,
Ayakulik,1398512,4990,Kodiak Island Borough,1419974,99150,150,0,,,57.1949295,-154.5072442,,E86EFD59-86D0-407C-9847-9B81971AD04B
Badger,1893447,5000,Fairbanks North Star Borough,1419969,99090,90,0,,,64.8000000,-147.5333333,Railbelt,ac4d6633-7a80-4007-8619-e70f206933ef
Barrow,1398635,5200,North Slope Borough,1419978,99185,185,0,"Unpopulated part plus all of the former Kobuk Census Area (02-140) taken to create the new Northwest Arctic Borough (02-188) effective June 2, 1986.",Arctic Slope Regional Corporation,71.2905556,-156.7886111,North Slope,e5e04958-b820-4acc-a275-6fd306506f01
Bear Creek,1865547,5585,Kenai Peninsula Borough,1419972,99122,122,0,,,60.1641667,-149.3950000,Railbelt,82454069-da0a-4629-b67d-af302a38c547
Beaver,1398776,5750,Yukon-Koyukuk Census Area,1419987,99290,290,0,"Part taken to create the new Denali Borough (02-068) effective December 7, 1990; 1990 detached population: 1,682.","Doyon, Limited",66.3594444,-147.3963889,Yukon-Koyukuk/Upper Tanana,a682d92f-c007-41e0-8716-608ade611699
Belkofski,1418210,5970,Aleutians East Borough,1419964,99013,13,0,"Created from part of the former Aleutian Islands Census Area (02-010) effective October 23, 1987. The remainder of the former Aleutian Islands Census Area was established as the new Aleutians West Census Area (02-016); 1980 population: 1,643.",Aleut Corporation,55.0888889,-162.0305556,,8970b929-9432-462a-94c0-bb14108ddc62
Beluga,1865548,6245,Kenai Peninsula Borough,1419972,99122,122,0,,,61.1411111,-151.0827778,Railbelt,02f813a5-5b1d-4e19-bd52-8e64ab3b1461
Bethel,1398908,6520,Bethel Census Area,1419966,99050,50,0,,Calista Corporation,60.7922222,-161.7558333,Lower Yukon-Kuskokwim,2c6b7ef0-abb6-4b5a-b041-606be4389f11
Bettles,1926949,6630,Yukon-Koyukuk Census Area,1419987,99290,290,0,"Part taken to create the new Denali Borough (02-068) effective December 7, 1990; 1990 detached population: 1,682.",,66.9188889,-151.5161111,Yukon-Koyukuk/Upper Tanana,be1892b0-4ae0-4577-b84d-9591b56c47ee
Big Delta,1398949,6850,Southeast Fairbanks Census Area,1419983,99240,240,0,"Unpopulated part taken to create the new Denali Borough (02-068) effective December 7, 1990.",,64.1525000,-145.8422222,Railbelt,35d7da4d-4d09-4435-b20b-22ff834baace
Big Lake,1866933,7070,Matanuska-Susitna Borough,1419976,99170,170,0,,,61.5213889,-149.9544444,Railbelt,6712351c-7dbe-422b-aa97-f5067c977e92
Bill Moore's Slough,1399024,7390,Wade Hampton Census Area,1419985,99270,270,0,,Calista Corporation,62.9497222,-163.7788889,,70b89993-2760-4a9f-8976-0769b63faa85
Birch Creek,1399049,7620,Yukon-Koyukuk Census Area,1419987,99290,290,0,"Part taken to create the new Denali Borough (02-068) effective December 7, 1990; 1990 detached population: 1,682.","Doyon, Limited",66.2590355,-145.8190168,Yukon-Koyukuk/Upper Tanana,0631f05e-7610-4490-a656-f8ef9c4b84f3
Brevig Mission,1420670,8740,Nome Census Area,1419977,99180,180,0,,Bering Straits Native Corporation,65.3347222,-166.4891667,Bering Straits,d586375e-1fe7-4401-a259-67b70b1c4bf4
Buckland,1412684,9600,Northwest Arctic Borough,1419979,99188,188,0,"Created from all of the former Kobuk Census Area (02-140) and an unpopulated part of the North Slope Borough (02-185) effective June 2, 1986; 1980 population: 4,831.","NANA Regional Corporation, Incorporated",65.9797222,-161.1230556,Northwest Arctic,525f1c5e-cc76-415c-9b62-38721d36914b
Buffalo Soapstone,2418798,9657,Matanuska-Susitna Borough,1419976,99170,170,0,,,61.7162325,-149.0999900,Railbelt,4c88c1e9-ffe3-4b99-9a0d-9f489300d2af
Butte,1416898,9710,Matanuska-Susitna Borough,1419976,99170,170,0,,,61.5422222,-149.0333333,Railbelt,6b548bb4-6717-4f40-91f8-5d3160871555
Candle,1412708,10040,Northwest Arctic Borough,1419979,99188,188,0,"Created from all of the former Kobuk Census Area (02-140) and an unpopulated part of the North Slope Borough (02-185) effective June 2, 1986; 1980 population: 4,831.",,65.9133333,-161.9244444,,
Cantwell,1399788,10150,Denali Borough,1419988,99068,68,0,"Created from part of the Yukon-Koyukuk Census Area (02-290) and an unpopulated part of the Southeast Fairbanks Census Area (02-240) effective December 7, 1990; 1990 population: 1,682.","Ahtna, Incorporated",63.3916667,-148.9508333,Railbelt,c013168c-7c74-4619-af61-1bf3f142b541
Central,1400106,11690,Yukon-Koyukuk Census Area,1419987,99290,290,0,"Part taken to create the new Denali Borough (02-068) effective December 7, 1990; 1990 detached population: 1,682.",,65.5725000,-144.8030556,Yukon-Koyukuk/Upper Tanana,c107ec14-d56b-4fb6-b2de-e32657346231
Chalkyitsik,1400128,11800,Yukon-Koyukuk Census Area,1419987,99290,290,0,"Part taken to create the new Denali Borough (02-068) effective December 7, 1990; 1990 detached population: 1,682.","Doyon, Limited",66.6544444,-143.7222222,Yukon-Koyukuk/Upper Tanana,40631564-dc6c-41e1-8244-51e396e74b07
Chandalar,1400137,11910,Yukon-Koyukuk Census Area,1419987,99290,290,0,"Part taken to create the new Denali Borough (02-068) effective December 7, 1990; 1990 detached population: 1,682.",,67.5052778,-148.4936111,,
Chase,1866934,12350,Matanuska-Susitna Borough,1419976,99170,170,0,,,62.4491667,-150.1016667,Railbelt,c880d30f-e9e4-4015-8df4-7369b0aa854f
Chefornak,1400188,12680,Bethel Census Area,1419966,99050,50,0,,Calista Corporation,60.1600000,-164.2658333,Lower Yukon-Kuskokwim,9ac24aaf-73bd-45f6-a5cd-be30f687c04d
Chena Hot Springs,1400199,12900,Fairbanks North Star Borough,1419969,99090,90,0,,,65.0530556,-146.0555556,,
Chena Ridge,2582710,12920,Fairbanks North Star Borough,1419969,99090,90,0,,,64.7940907,-148.0357455,Railbelt,63083e9b-72b1-4b15-bb50-44aed1dd7477
Chenega Bay,1421254,12970,Valdez-Cordova Census Area,1419984,99261,261,0,,Chugach Alaska Corporation,60.0633333,-148.0113889,Copper River/Chugach,68e5b39b-797a-442a-9e10-4a6d0ad4312f
Chevak,1400219,13230,Wade Hampton Census Area,1419985,99270,270,0,,Calista Corporation,61.5277778,-165.5863889,Lower Yukon-Kuskokwim,8e7880f3-b3ce-491f-b78a-d2aa82e10443
Chickaloon,1400239,13340,Matanuska-Susitna Borough,1419976,99170,170,0,,"Cook Inlet Region, Incorporated",61.7966667,-148.4627778,Railbelt,2c07dfc6-bf80-4e9b-a90d-9e8c32dd9646
Chicken,1400245,13450,Southeast Fairbanks Census Area,1419983,99240,240,0,"Unpopulated part taken to create the new Denali Borough (02-068) effective December 7, 1990.",,64.0733333,-141.9361111,,6dbec657-050c-4e12-90c8-24aa1c9bc628
Chignik,1400269,13550,Lake and Peninsula Borough,1419975,99164,164,0,"Created from part of the Dillingham Census Area (02-070) effective April 24, 1989; 1980 population: 1,384.",Bristol Bay Native Corporation,56.2952778,-158.4022222,Bristol Bay,157ef888-ad6e-4979-9e3b-1cd2bbfc709b
Chignik Lagoon,1400274,13670,Lake and Peninsula Borough,1419975,99164,164,0,"Created from part of the Dillingham Census Area (02-070) effective April 24, 1989; 1980 population: 1,384.",Bristol Bay Native Corporation,56.3084393,-158.5302391,Bristol Bay,10731136-5069-4ca6-95dd-bd568b19fa45
Chignik Lake,1893911,13780,Lake and Peninsula Borough,1419975,99164,164,0,"Created from part of the Dillingham Census Area (02-070) effective April 24, 1989; 1980 population: 1,384.",Bristol Bay Native Corporation,56.2555556,-158.7625000,Bristol Bay,366bb81f-bff1-442d-9af0-aa0c5ee4a90b
Chilkat Valley,1421022,13825,Haines Borough,1419970,99100,100,0,,,59.3997020,-135.8964089,Southeast,
Chiniak,1866935,13860,Kodiak Island Borough,1419974,99150,150,0,,,57.6319444,-152.1825000,Kodiak,eee33b30-bec4-4d01-b9ed-78107e8463d0
Chisana,1400321,13890,Valdez-Cordova Census Area,1419984,99261,261,0,,,62.0661111,-142.0408333,,37f66959-6b82-4e66-965a-e4395ef79b7d
Chistochina,1400333,14000,Valdez-Cordova Census Area,1419984,99261,261,0,,"Ahtna, Incorporated",62.5717828,-144.6541704,Copper River/Chugach,516984a3-4e07-4f33-9e16-b61ecc85a69c
Chitina,1400337,14110,Valdez-Cordova Census Area,1419984,99261,261,0,,"Ahtna, Incorporated",61.5158333,-144.4369444,Copper River/Chugach,bc65e04c-31f2-4727-bfac-25556e31ff62
Chuathbaluk,1400376,14330,Bethel Census Area,1419966,99050,50,0,,Calista Corporation,61.5719444,-159.2450000,Lower Yukon-Kuskokwim,1a3ce5fe-fd09-4fd4-a31e-df8e509e99bb
Chugiak,1400378,14440,Anchorage Municipality,1416061,99020,20,0,,,61.3888889,-149.4819444,Railbelt,59f3ba7f-0f92-42ad-8991-b6e092104fa1
Chuloonawick,1893942,14790,Wade Hampton Census Area,1419985,99270,270,0,,Calista Corporation,62.9461111,-164.1722222,,626c406a-3f07-458b-9be3-dfb8e8c44f41
Circle,1400404,14880,Yukon-Koyukuk Census Area,1419987,99290,290,0,"Part taken to create the new Denali Borough (02-068) effective December 7, 1990; 1990 detached population: 1,682.","Doyon, Limited",65.8255556,-144.0605556,Yukon-Koyukuk/Upper Tanana,ce10b1fc-4474-48f2-b1d2-618935e53777
Clam Gulch,1412797,15320,Kenai Peninsula Borough,1419972,99122,122,0,,,60.2311111,-151.3936111,Railbelt,d7b8ddf0-dfc8-4baa-8754-a9bbcac035a8
Clark's Point,1400426,15430,Dillingham Census Area,1419968,99070,70,0,"Part taken to create the new Lake and Peninsula Borough (02-164) effective April 24, 1989; 1980 detached population: 1,384.",Bristol Bay Native Corporation,58.8441667,-158.5508333,Bristol Bay,73e463dc-1b49-4674-a305-e2e72bd487c2
Clear,1400433,,Denali Borough,1419988,99068,68,0,"Created from part of the Yukon-Koyukuk Census Area (02-290) and an unpopulated part of the Southeast Fairbanks Census Area (02-240) effective December 7, 1990; 1990 population: 1,682.",,64.3361111,-149.1630556,Railbelt,
Coffman Cove,1669437,16360,Prince of Wales-Hyder Census Area,1419980,99198,198,0,"Created from the remainder of the former Prince of Wales-Outer Ketchikan Census Area (02-201) after part (Outer Ketchikan area) was annexed by Ketchikan Gateway Borough (02-130) effective May 19, 2008, and part (Meyers Chuck area) included in the new Wrangell City and Borough effective June 1, 2008; estimated population: 6,115. Prince of Wales-Hyder Census Area (02-198) added part of the former Petersburg Census Area (02-195) effective January 3, 2013; estimated added population 613.",,56.0138889,-132.8277778,Southeast,fd3a3628-45c9-43ed-90e6-7b58c8af7172
Cohoe,1412828,16420,Kenai Peninsula Borough,1419972,99122,122,0,,,60.3686111,-151.3063889,Railbelt,60de94bd-19f5-4db1-920a-13258c2314a6
Cold Bay,1418448,16530,Aleutians East Borough,1419964,99013,13,0,"Created from part of the former Aleutian Islands Census Area (02-010) effective October 23, 1987. The remainder of the former Aleutian Islands Census Area was established as the new Aleutians West Census Area (02-016); 1980 population: 1,643.",Aleut Corporation,55.1858333,-162.7211111,Aleutians,043ef124-57d0-4477-803b-9803a5a64e03
Coldfoot,1412829,16630,Yukon-Koyukuk Census Area,1419987,99290,290,0,"Part taken to create the new Denali Borough (02-068) effective December 7, 1990; 1990 detached population: 1,682.",,67.2563889,-150.1841667,,e1610596-d177-4bab-bea4-c1bc0034cdb6
College,1400578,16750,Fairbanks North Star Borough,1419969,99090,90,0,,,64.8569444,-147.8027778,Railbelt,1bab1b61-6967-4716-9d25-35cd06f3c5d2
Cooper Landing,1421192,17190,Kenai Peninsula Borough,1419972,99122,122,0,,,60.4900000,-149.8341667,Railbelt,ae982eeb-7ea9-4e27-87d5-4833b72b778a
Copper Center,1400669,17300,Valdez-Cordova Census Area,1419984,99261,261,0,,"Ahtna, Incorporated",61.9769598,-145.3297294,Copper River/Chugach,50f2cef2-126c-4560-80d2-47c37d452ad4
Copperville,1866937,17380,Valdez-Cordova Census Area,1419984,99261,261,0,,,62.0438889,-145.4205556,Copper River/Chugach,f589c71c-b334-48b4-a687-3098527795c6
Cordova,1421215,17410,Valdez-Cordova Census Area,1419984,99261,261,0,,Chugach Alaska Corporation,60.5427778,-145.7575000,Copper River/Chugach,19933dbf-2637-4b88-ba6a-9021796c9354
Council,1400735,17630,Nome Census Area,1419977,99180,180,0,,Bering Straits Native Corporation,64.8950000,-163.6763889,,7e5a12a7-212b-43b3-afc9-382dbbae265d
Covenant Life,1866938,17670,Haines Borough,1419970,99100,100,0,,,59.4172222,-136.0250000,Southeast,a4f1efac-8ff8-4aa5-81a5-b7c432000171
Craig,1421260,17740,Prince of Wales-Hyder Census Area,1419980,99198,198,0,"Created from the remainder of the former Prince of Wales-Outer Ketchikan Census Area (02-201) after part (Outer Ketchikan area) was annexed by Ketchikan Gateway Borough (02-130) effective May 19, 2008, and part (Meyers Chuck area) included in the new Wrangell City and Borough effective June 1, 2008; estimated population: 6,115. Prince of Wales-Hyder Census Area (02-198) added part of the former Petersburg Census Area (02-195) effective January 3, 2013; estimated added population 613.",Sealaska Corporation,55.4763889,-133.1483333,Southeast,03f82d00-0463-4dfc-b0e5-536ef93f176e
Crooked Creek,1400824,17850,Bethel Census Area,1419966,99050,50,0,,Calista Corporation,61.8700000,-158.1108333,Lower Yukon-Kuskokwim,887dd41c-5594-49b8-b7b9-0c9255a36e77
Crown Point,1417059,17960,Kenai Peninsula Borough,1419972,99122,122,0,,,60.4222222,-149.3666667,Railbelt,a734302f-395e-4868-bef2-60b9a38bd7da
Cube Cove,1866940,18030,Hoonah-Angoon Census Area,2371430,33390,105,0,"Created from the remainder of the former Skagway-Hoonah-Angoon Census Area (02-232) when the new Skagway Municipality (02-230) was created effective June 20, 2007; population: 2,574. Part taken to create new Petersburg Borough (02-195) effective January 3, 2013; estimated detached population: 1.",,57.9350000,-134.7111111,,98d81ced-7a75-4f3e-b7b4-1c2cc3e96457
Deadhorse,1866941,18290,North Slope Borough,1419978,99185,185,0,"Unpopulated part plus all of the former Kobuk Census Area (02-140) taken to create the new Northwest Arctic Borough (02-188) effective June 2, 1986.",,70.2055556,-148.5116667,North Slope,
Deering,1412894,18510,Northwest Arctic Borough,1419979,99188,188,0,"Created from all of the former Kobuk Census Area (02-140) and an unpopulated part of the North Slope Borough (02-185) effective June 2, 1986; 1980 population: 4,831.","NANA Regional Corporation, Incorporated",66.0755556,-162.7172222,Northwest Arctic,a4fffa30-0aa6-4d10-8399-d86e555a9182
Delta Junction,1401104,18620,Southeast Fairbanks Census Area,1419983,99240,240,0,"Unpopulated part taken to create the new Denali Borough (02-068) effective December 7, 1990.",,64.0377778,-145.7322222,Railbelt,225541d2-3491-4ea7-ac9b-d79f001ee3fc
Deltana,2418552,18675,Southeast Fairbanks Census Area,1419983,99240,240,0,"Unpopulated part taken to create the new Denali Borough (02-068) effective December 7, 1990.",,63.8721715,-145.2177300,Railbelt,6af88968-5c75-4572-884c-d00891ecd721
Diamond Ridge,1865549,18925,Kenai Peninsula Borough,1419972,99122,122,0,,,59.6761111,-151.5575000,Railbelt,799a8d54-796a-41b1-abc0-12761d2e91d3
Dillingham,1401203,18950,Dillingham Census Area,1419968,99070,70,0,"Part taken to create the new Lake and Peninsula Borough (02-164) effective April 24, 1989; 1980 detached population: 1,384.",Bristol Bay Native Corporation,59.0397222,-158.4575000,Bristol Bay,44c25e97-55c1-4587-b3f6-8e4e27bf5c65
Diomede,1401213,19060,Nome Census Area,1419977,99180,180,0,,Bering Straits Native Corporation,65.7537652,-168.9231500,Bering Straits,9770db48-3493-41e4-b104-a4f5ea1a723a
Dot Lake,1401364,19720,Southeast Fairbanks Census Area,1419983,99240,240,0,"Unpopulated part taken to create the new Denali Borough (02-068) effective December 7, 1990.","Doyon, Limited",63.6613889,-144.0644444,Yukon-Koyukuk/Upper Tanana,695836fe-f34a-4aed-aaaf-57bcdf103bfb
Dot Lake Village,1865550,19750,Southeast Fairbanks Census Area,1419983,99240,240,0,"Unpopulated part taken to create the new Denali Borough (02-068) effective December 7, 1990.",,63.6508333,-144.0438889,Yukon-Koyukuk/Upper Tanana,234a20b9-9dbe-4af5-bb6a-d44b913e329b
Douglas,1401374,19830,Juneau City and Borough,1419971,99110,110,0,,,58.2755556,-134.3925000,Southeast,5b105d05-88ef-46f3-b9fe-3f81fcd5756a
Dry Creek,1866943,20020,Southeast Fairbanks Census Area,1419983,99240,240,0,"Unpopulated part taken to create the new Denali Borough (02-068) effective December 7, 1990.",,63.6533333,-144.6652778,,6bf94758-977f-4c2f-bc31-f0de30fcf483
Dutch Harbor,1419726,20270,Aleutians West Census Area,1419965,99016,16,0,"Created from the remainder of the former Aleutian Islands Census Area (02-010) when the new Aleutians East Borough (02-013) was created effective October 23, 1987; 1980 population: 6,125.",,53.8898000,-166.5422000,Aleutians,
Eagle,1401499,20380,Southeast Fairbanks Census Area,1419983,99240,240,0,"Unpopulated part taken to create the new Denali Borough (02-068) effective December 7, 1990.","Doyon, Limited",64.7880556,-141.2000000,Yukon-Koyukuk/Upper Tanana,2aa1abd2-2ff1-4d02-8ceb-dc748838d7ca
Eagle River,1401545,20490,Anchorage Municipality,1416061,99020,20,0,,,61.3213889,-149.5677778,Railbelt,891784b1-fdf1-4724-8a3c-515d88d9117d
Eagle Village,1401553,20600,Southeast Fairbanks Census Area,1419983,99240,240,0,"Unpopulated part taken to create the new Denali Borough (02-068) effective December 7, 1990.",,64.7805556,-141.1136111,Yukon-Koyukuk/Upper Tanana,cf3f31f8-17c0-4226-9071-29071e072187
Edna Bay,1421658,20970,Prince of Wales-Hyder Census Area,1419980,99198,198,0,"Created from the remainder of the former Prince of Wales-Outer Ketchikan Census Area (02-201) after part (Outer Ketchikan area) was annexed by Ketchikan Gateway Borough (02-130) effective May 19, 2008, and part (Meyers Chuck area) included in the new Wrangell City and Borough effective June 1, 2008; estimated population: 6,115. Prince of Wales-Hyder Census Area (02-198) added part of the former Petersburg Census Area (02-195) effective January 3, 2013; estimated added population 613.",,55.9488889,-133.6622222,,27583caa-0784-431a-b104-743eff982074
Eek,1401666,21040,Bethel Census Area,1419966,99050,50,0,,Calista Corporation,60.2188889,-162.0244444,Lower Yukon-Kuskokwim,9418cfec-15c9-46b2-81f6-838e8a029049
Egegik,1401686,21150,Lake and Peninsula Borough,1419975,99164,164,0,"Created from part of the Dillingham Census Area (02-070) effective April 24, 1989; 1980 population: 1,384.",Bristol Bay Native Corporation,58.2155556,-157.3758333,Bristol Bay,ca76b94a-6892-414c-97c7-cf2de526a1a7
Eielson AFB,2418568,21370,Fairbanks North Star Borough,1419969,99090,90,0,,,64.6632652,-147.0544200,,29b43fcf-f9e9-49d3-8671-6fc3673d5374
Eklutna,1401727,21475,Anchorage Municipality,1416061,99020,20,0,,"Cook Inlet Region, Incorporated",61.4580556,-149.3622222,Railbelt,a2375cd9-9c18-4a70-876c-a479719e2991
Ekuk,1401735,21700,Dillingham Census Area,1419968,99070,70,0,"Part taken to create the new Lake and Peninsula Borough (02-164) effective April 24, 1989; 1980 detached population: 1,384.",Bristol Bay Native Corporation,58.8035099,-158.5533853,,3697ae44-edd6-4266-9f5a-86797508fe4c
Ekwok,1401738,21810,Dillingham Census Area,1419968,99070,70,0,"Part taken to create the new Lake and Peninsula Borough (02-164) effective April 24, 1989; 1980 detached population: 1,384.",Bristol Bay Native Corporation,59.3497222,-157.4752778,Bristol Bay,bd8ff4d2-31bc-45c7-b405-9b1fced18032
Elfin Cove,1401787,22140,Hoonah-Angoon Census Area,2371430,33390,105,0,"Created from the remainder of the former Skagway-Hoonah-Angoon Census Area (02-232) when the new Skagway Municipality (02-230) was created effective June 20, 2007; population: 2,574. Part taken to create new Petersburg Borough (02-195) effective January 3, 2013; estimated detached population: 1.",,58.1944444,-136.3433333,Southeast,95e65a3f-7d2b-468f-9750-94e0c5c647b8
Elim,1401788,22250,Nome Census Area,1419977,99180,180,0,,,64.6175000,-162.2605556,Bering Straits,3ddee3e5-ea12-477c-a1d6-29cb4dc4c3ae
Emmonak,1401837,22910,Wade Hampton Census Area,1419985,99270,270,0,,Calista Corporation,62.7777778,-164.5230556,Lower Yukon-Kuskokwim,a450b1ef-2187-4c99-8dc7-3d059027c810
Ester,1397658,23460,Fairbanks North Star Borough,1419969,99090,90,0,,,64.8472222,-148.0144444,Railbelt,45bec8c0-07d5-4f40-ab4f-48db122799e1
Eureka,1401908,23680,Yukon-Koyukuk Census Area,1419987,99290,290,0,"Part taken to create the new Denali Borough (02-068) effective December 7, 1990; 1990 detached population: 1,682.",,65.1794444,-150.2144444,,
Eureka Roadhouse,1401927,23720,Matanuska-Susitna Borough,1419976,99170,170,0,,,61.9386111,-147.1680556,,26e9b73b-fdee-4c36-9226-ee9224e83492
Evansville,1401936,23790,Yukon-Koyukuk Census Area,1419987,99290,290,0,"Part taken to create the new Denali Borough (02-068) effective December 7, 1990; 1990 detached population: 1,682.","Doyon, Limited",66.9227778,-151.5080556,Yukon-Koyukuk/Upper Tanana,ef00bfe9-e951-423e-852e-6c3fd090209f
Excursion Inlet,1401951,23900,Haines Borough,1419970,99100,100,0,,,58.4213889,-135.4366667,Southeast,7cb07d49-fd16-45cc-9f6c-81315427acac
Eyak,1805281,24010,Valdez-Cordova Census Area,1419984,99261,261,0,,Chugach Alaska Corporation,60.5262940,-145.6351157,Copper River/Chugach,cb9ed81c-83e8-46b1-bd3f-e5490e6c5941
Fairbanks,1401958,24230,Fairbanks North Star Borough,1419969,99090,90,0,,"Doyon, Limited",64.8377778,-147.7163889,Railbelt,c9d4609d-cf63-4dde-a353-338b12d79046
False Pass,1418574,24660,Aleutians East Borough,1419964,99013,13,0,"Created from part of the former Aleutian Islands Census Area (02-010) effective October 23, 1987. The remainder of the former Aleutian Islands Census Area was established as the new Aleutians West Census Area (02-016); 1980 population: 1,643.",Aleut Corporation,54.8508333,-163.4150000,Aleutians,aef38de0-855c-4be4-ba16-f0a0f40d3d7c
Farmers Loop,2582712,24980,Fairbanks North Star Borough,1419969,99090,90,0,,,64.9061824,-147.6953910,Railbelt,ff6ff605-e38f-495e-aa88-d0085c350ddb
Farm Loop,2418580,25000,Matanuska-Susitna Borough,1419976,99170,170,0,,,61.6389068,-149.1421500,Railbelt,50f14f75-ea96-445f-95c8-357282eb7965
Ferry,1866944,25220,Denali Borough,1419988,99068,68,0,"Created from part of the Yukon-Koyukuk Census Area (02-290) and an unpopulated part of the Southeast Fairbanks Census Area (02-240) effective December 7, 1990; 1990 population: 1,682.",,63.9277778,-149.1302778,,776fc2f2-5e9d-4441-8398-ff0b1c0e4e82
Fishhook,2418582,25550,Matanuska-Susitna Borough,1419976,99170,170,0,,,61.7440172,-149.2361300,Railbelt,f11072e7-e0f6-4d5f-b170-4e282008e83f
Flat,1402165,25880,Yukon-Koyukuk Census Area,1419987,99290,290,0,"Part taken to create the new Denali Borough (02-068) effective December 7, 1990; 1990 detached population: 1,682.",,62.4536111,-158.0075000,,816af04c-f775-4c58-b8f9-d7ecd8f8dd02
Fort Greely,2418584,26100,Southeast Fairbanks Census Area,1419983,99240,240,0,"Unpopulated part taken to create the new Denali Borough (02-068) effective December 7, 1990.",,63.9412020,-145.5739800,,b5ca1ceb-508b-4b10-8afb-f6df17d21660
Fort Yukon,1402276,26760,Yukon-Koyukuk Census Area,1419987,99290,290,0,"Part taken to create the new Denali Borough (02-068) effective December 7, 1990; 1990 detached population: 1,682.","Doyon, Limited",66.5647222,-145.2738889,Yukon-Koyukuk/Upper Tanana,55046141-8e15-453b-8d4b-377858142554
Four Mile Road,2418586,26835,Yukon-Koyukuk Census Area,1419987,99290,290,0,"Part taken to create the new Denali Borough (02-068) effective December 7, 1990; 1990 detached population: 1,682.",,64.6028341,-149.1200600,Railbelt,6d52fa9d-d922-42b1-a8ea-840b650c0f28
Fox,1402342,26870,Fairbanks North Star Borough,1419969,99090,90,0,,,64.9580556,-147.6183333,Railbelt,70fb7521-5f1f-492a-881e-d639371d6108
Fox River,1866945,26910,Kenai Peninsula Borough,1419972,99122,122,0,,,59.8583333,-150.9583333,Railbelt,43a1fed5-95a3-4e27-bedc-97dd2b9f93e1
Fritz Creek,1866947,27090,Kenai Peninsula Borough,1419972,99122,122,0,,,59.7361111,-151.2952778,Railbelt,2d91bf09-525f-4c95-ba10-8adcb0de4c4c
Funny River,1865552,27145,Kenai Peninsula Borough,1419972,99122,122,0,,,60.5019444,-150.7622222,Railbelt,d8d2a0ab-2a59-4747-90c2-46b369598383
Gakona,1402448,27420,Valdez-Cordova Census Area,1419984,99261,261,0,,"Ahtna, Incorporated",62.3019444,-145.3019444,Copper River/Chugach,c60b50ca-2a7a-47ef-89fb-35559aec8c19
Galena,1402457,27530,Yukon-Koyukuk Census Area,1419987,99290,290,0,"Part taken to create the new Denali Borough (02-068) effective December 7, 1990; 1990 detached population: 1,682.","Doyon, Limited",64.7333333,-156.9275000,Yukon-Koyukuk/Upper Tanana,25bf6c14-97ff-404b-a0f6-edfe2f1b6727
Gambell,1402463,27640,Nome Census Area,1419977,99180,180,0,,,63.7797222,-171.7411111,Bering Straits,2c81665b-90d4-4726-9530-2e2ae081de3f
Game Creek,1866948,27700,Hoonah-Angoon Census Area,2371430,33390,105,0,"Created from the remainder of the former Skagway-Hoonah-Angoon Census Area (02-232) when the new Skagway Municipality (02-230) was created effective June 20, 2007; population: 2,574. Part taken to create new Petersburg Borough (02-195) effective January 3, 2013; estimated detached population: 1.",,58.0566667,-135.5077778,,c5180009-9bb7-4d39-b857-db9285079ee6
Gateway,1865553,28200,Matanuska-Susitna Borough,1419976,99170,170,0,,,61.5727778,-149.2408333,Railbelt,f5b7d141-acd2-4236-a74d-ca90b4114c99
Georgetown,1402539,28350,Bethel Census Area,1419966,99050,50,0,,Calista Corporation,61.8938889,-157.7177778,,c3a6fa73-3250-429e-a237-00df5d36c109
Girdwood,1422161,28410,Anchorage Municipality,1416061,99020,20,0,,,60.9425000,-149.1663889,Railbelt,9f7b6723-cff4-491b-8dbf-a1f215385225
Glacier View,2418599,28590,Matanuska-Susitna Borough,1419976,99170,170,0,,,61.9074835,-147.5048400,Railbelt,151e1e83-fe22-4812-83df-fd96a5b2d249
Glennallen,1402643,28740,Valdez-Cordova Census Area,1419984,99261,261,0,,,62.1091667,-145.5463889,Copper River/Chugach,f817207e-7c46-44c2-ae89-1ff22eda3f09
Goldstream,2582713,29130,Fairbanks North Star Borough,1419969,99090,90,0,,,64.9339114,-148.0083822,Railbelt,e68c9a10-8de8-494d-99bb-00750a3e0f10
Golovin,1402760,29180,Nome Census Area,1419977,99180,180,0,,Bering Straits Native Corporation,64.5433333,-163.0291667,Bering Straits,b45416b3-6619-4f0a-9a0b-7e236e56992a
Goodnews Bay,1415910,29290,Bethel Census Area,1419966,99050,50,0,,Calista Corporation,59.1188889,-161.5875000,Lower Yukon-Kuskokwim,e3b95016-4d9a-4f3b-a38b-9991cf5fdc99
Grayling,1402921,30060,Yukon-Koyukuk Census Area,1419987,99290,290,0,"Part taken to create the new Denali Borough (02-068) effective December 7, 1990; 1990 detached population: 1,682.","Doyon, Limited",62.9036111,-160.0647222,Yukon-Koyukuk/Upper Tanana,8753c4bc-aaed-431c-8d34-5f37fead934a
Gulkana,1403046,30500,Valdez-Cordova Census Area,1419984,99261,261,0,,"Ahtna, Incorporated",62.2713889,-145.3822222,Copper River/Chugach,06a23837-4ad1-4056-9a44-55fdfa4d9037
Gustavus,1403078,30940,Hoonah-Angoon Census Area,2371430,33390,105,0,"Created from the remainder of the former Skagway-Hoonah-Angoon Census Area (02-232) when the new Skagway Municipality (02-230) was created effective June 20, 2007; population: 2,574. Part taken to create new Petersburg Borough (02-195) effective January 3, 2013; estimated detached population: 1.",,58.4133333,-135.7369444,Southeast,74866bc7-44d7-4184-9c42-2bf36bea4fec
Haines,1422400,31050,Haines Borough,1419970,99100,100,0,,,59.2285890,-135.4441140,Southeast,405c7c19-f64b-4b6a-8175-f1c6eaa71b88
Halibut Cove,1781963,31270,Kenai Peninsula Borough,1419972,99122,122,0,,,59.5950000,-151.2250000,Railbelt,4d380541-dba4-4fe6-839d-449e2bffa8a3
Hamilton,1403136,31375,Wade Hampton Census Area,1419985,99270,270,0,,Calista Corporation,62.8961111,-163.8941667,,ad3131af-743f-4ad0-8dd9-b7a61518d644
Happy Valley,1866949,31710,Kenai Peninsula Borough,1419972,99122,122,0,,,59.9472222,-151.7322222,Railbelt,3000a9ea-90a7-49d1-84be-7dc727d5b2a3
Harding-Birch Lakes,2418611,31765,Fairbanks North Star Borough,1419969,99090,90,0,,,64.3714024,-146.5991000,Railbelt,dfb10845-1444-4f28-9dc3-7f68bcb4d798
Healy,1403275,32150,Denali Borough,1419988,99068,68,0,"Created from part of the Yukon-Koyukuk Census Area (02-290) and an unpopulated part of the Southeast Fairbanks Census Area (02-240) effective December 7, 1990; 1990 population: 1,682.",,63.8569444,-148.9661111,Railbelt,7efc08e9-545e-4dda-aaa9-d35176afb7e5
Healy Lake,2419534,32310,Southeast Fairbanks Census Area,1419983,99240,240,0,"Unpopulated part taken to create the new Denali Borough (02-068) effective December 7, 1990.","Doyon, Limited",63.9872308,-144.6998325,Yukon-Koyukuk/Upper Tanana,6749ff1b-904b-40d3-95a9-4737cfd53249
Hobart Bay,1866951,32550,Hoonah-Angoon Census Area,2371430,33390,105,0,"Created from the remainder of the former Skagway-Hoonah-Angoon Census Area (02-232) when the new Skagway Municipality (02-230) was created effective June 20, 2007; population: 2,574. Part taken to create new Petersburg Borough (02-195) effective January 3, 2013; estimated detached population: 1.",,57.4658333,-133.3533333,,46c1eca2-3204-4b17-9905-41f8a7aefd0c
Hollis,1866952,32810,Prince of Wales-Hyder Census Area,1419980,99198,198,0,"Created from the remainder of the former Prince of Wales-Outer Ketchikan Census Area (02-201) after part (Outer Ketchikan area) was annexed by Ketchikan Gateway Borough (02-130) effective May 19, 2008, and part (Meyers Chuck area) included in the new Wrangell City and Borough effective June 1, 2008; estimated population: 6,115. Prince of Wales-Hyder Census Area (02-198) added part of the former Petersburg Census Area (02-195) effective January 3, 2013; estimated added population 613.",,55.5566667,-132.6363889,Southeast,1d27dec8-755e-4915-a92f-130c0547f498
Holy Cross,1403447,33030,Yukon-Koyukuk Census Area,1419987,99290,290,0,"Part taken to create the new Denali Borough (02-068) effective December 7, 1990; 1990 detached population: 1,682.","Doyon, Limited",62.1994444,-159.7713889,Yukon-Koyukuk/Upper Tanana,11ab6f2b-cfe3-41be-b6e5-aaa0a1f88f28
Homer,1413141,33140,Kenai Peninsula Borough,1419972,99122,122,0,,,59.6425000,-151.5483333,Railbelt,9c16b6f1-1486-4cf4-a1ff-21a74ecd4967
Hoonah,1403488,33360,Hoonah-Angoon Census Area,2371430,33390,105,0,"Created from the remainder of the former Skagway-Hoonah-Angoon Census Area (02-232) when the new Skagway Municipality (02-230) was created effective June 20, 2007; population: 2,574. Part taken to create new Petersburg Borough (02-195) effective January 3, 2013; estimated detached population: 1.",Sealaska Corporation,58.1100000,-135.4436111,Southeast,7b1783c7-a548-47fe-b944-dc9bb6ebfc0d
Hooper Bay,1403493,33470,Wade Hampton Census Area,1419985,99270,270,0,,Calista Corporation,61.5311111,-166.0966667,Lower Yukon-Kuskokwim,931e232d-fbe2-4411-aa2b-0c2516e5af1b
Hope,1422645,33580,Kenai Peninsula Borough,1419972,99122,122,0,,,60.9202778,-149.6402778,Railbelt,3333968c-4d2c-44f7-aac7-5842cb38e52e
Houston,1416613,33800,Matanuska-Susitna Borough,1419976,99170,170,0,,,61.6302778,-149.8180556,Railbelt,2fcb61fa-6783-451d-8c63-145d953c8666
Hughes,1403596,33910,Yukon-Koyukuk Census Area,1419987,99290,290,0,"Part taken to create the new Denali Borough (02-068) effective December 7, 1990; 1990 detached population: 1,682.","Doyon, Limited",66.0488889,-154.2555556,Yukon-Koyukuk/Upper Tanana,4a615452-5e25-422a-85f3-c6b7307be136
Huslia,1403644,34350,Yukon-Koyukuk Census Area,1419987,99290,290,0,"Part taken to create the new Denali Borough (02-068) effective December 7, 1990; 1990 detached population: 1,682.","Doyon, Limited",65.6986111,-156.3997222,Yukon-Koyukuk/Upper Tanana,8512f541-02bb-4e22-8094-13046df08ce2
Hydaburg,1422709,34460,Prince of Wales-Hyder Census Area,1419980,99198,198,0,"Created from the remainder of the former Prince of Wales-Outer Ketchikan Census Area (02-201) after part (Outer Ketchikan area) was annexed by Ketchikan Gateway Borough (02-130) effective May 19, 2008, and part (Meyers Chuck area) included in the new Wrangell City and Borough effective June 1, 2008; estimated population: 6,115. Prince of Wales-Hyder Census Area (02-198) added part of the former Petersburg Census Area (02-195) effective January 3, 2013; estimated added population 613.",Sealaska Corporation,55.2080556,-132.8266667,Southeast,bdc1808a-7ebe-489d-864d-2bc1ac07bd88
Hyder,1422711,34570,Prince of Wales-Hyder Census Area,1419980,99198,198,0,"Created from the remainder of the former Prince of Wales-Outer Ketchikan Census Area (02-201) after part (Outer Ketchikan area) was annexed by Ketchikan Gateway Borough (02-130) effective May 19, 2008, and part (Meyers Chuck area) included in the new Wrangell City and Borough effective June 1, 2008; estimated population: 6,115. Prince of Wales-Hyder Census Area (02-198) added part of the former Petersburg Census Area (02-195) effective January 3, 2013; estimated added population 613.",,55.9169444,-130.0247222,,2dce25e6-732b-4475-82fd-1a31f090239f
Igiugig,1403706,34790,Lake and Peninsula Borough,1419975,99164,164,0,"Created from part of the Dillingham Census Area (02-070) effective April 24, 1989; 1980 population: 1,384.",Bristol Bay Native Corporation,59.3277778,-155.8947222,Bristol Bay,2ee2bb1c-de5e-43e6-8e79-58b766d877e2
Iliamna,1403763,35120,Lake and Peninsula Borough,1419975,99164,164,0,"Created from part of the Dillingham Census Area (02-070) effective April 24, 1989; 1980 population: 1,384.",Bristol Bay Native Corporation,59.7567965,-154.9110837,Bristol Bay,b626b803-d7a6-4a8a-95f3-5c2061727c76
Indian,1422736,,Anchorage Municipality,1416061,99020,20,0,,,60.9872222,-149.5136111,Railbelt,
Ivanof Bay,1894909,35890,Lake and Peninsula Borough,1419975,99164,164,0,"Created from part of the Dillingham Census Area (02-070) effective April 24, 1989; 1980 population: 1,384.",Bristol Bay Native Corporation,55.9000000,-159.4833333,,8a27cce3-5720-43b2-9258-c5f2fdb986af
Jakolof Bay,1866953,35950,Kenai Peninsula Borough,1419972,99122,122,0,,,59.4469444,-151.5102778,Railbelt,11815533-753d-489f-a92f-bb1b6f7575a6
Juneau,1404263,36400,Juneau City and Borough,1419971,99110,110,0,,Sealaska Corporation,58.3019444,-134.4197222,Southeast,1a737990-4076-4de6-b8ef-4ca63da201dd
Kachemak,1413247,36550,Kenai Peninsula Borough,1419972,99122,122,0,,,59.6700000,-151.4341667,Railbelt,b5a177f1-ee19-44fb-a053-94fd9ae96d0b
Kachemak Selo,1415989,,Kenai Peninsula Borough,1419972,99122,122,0,,,59.7915000,-151.0747000,,6e64b851-8ecb-4f84-8052-d59a7db095e3
Kaguyak,1404309,36655,Kodiak Island Borough,1419974,99150,150,0,,"Koniag, Incorporated",56.8689310,-153.7955164,,2d25c7f9-4e72-4283-9022-a8c51d058cf7
Kake,1422926,36770,Petersburg Census Area,2516404,99195,195,0,"Created from the remainder of the former Wrangell-Petersburg Census Area (02-280) when the new Wrangell City and Borough was created effective June 1, 2008; estimated population: 4,260. Created from part of former Petersburg Census Area (02-195) and part of Hoonah-Angoon Census Area (02-105) effective January 3, 2013; estimated population 3,203.",Sealaska Corporation,56.9758333,-133.9472222,Southeast,9aa30fae-6452-4097-83b9-10a4cd761165
Kaktovik,1404349,36990,North Slope Borough,1419978,99185,185,0,"Unpopulated part plus all of the former Kobuk Census Area (02-140) taken to create the new Northwest Arctic Borough (02-188) effective June 2, 1986.",Arctic Slope Regional Corporation,70.1319444,-143.6238889,North Slope,d3b6b64d-90c9-4cec-8fe9-4d3b910a7b01
Kalifornsky,1413260,37250,Kenai Peninsula Borough,1419972,99122,122,0,,,60.4183333,-151.2900000,Railbelt,b248add4-e334-45e6-979c-a62e539acfc6
Kalskag,1404378,81320,Bethel Census Area,1419966,99050,50,0,,"Koniag, Incorporated",61.5372222,-160.3052778,Lower Yukon-Kuskokwim,fcc2db94-2e36-4e5c-b35f-3768faf942fa
Kaltag,1404379,37430,Yukon-Koyukuk Census Area,1419987,99290,290,0,"Part taken to create the new Denali Borough (02-068) effective December 7, 1990; 1990 detached population: 1,682.","Doyon, Limited",64.3272222,-158.7219444,Yukon-Koyukuk/Upper Tanana,1c478003-280c-46e8-b893-f98ffa651efe
Kanatak,1404401,37480,Kodiak Island Borough,1419974,99150,150,0,,,57.5727792,-156.0431783,,1e995347-657e-4c01-80f7-1718b5ef3c1e
Karluk,1404456,37540,Kodiak Island Borough,1419974,99150,150,0,,"Koniag, Incorporated",57.5719444,-154.4555556,Kodiak,2d985aa9-e05e-4dff-8e44-e14973dc3f9b
Kasaan,1404468,37650,Prince of Wales-Hyder Census Area,1419980,99198,198,0,"Created from the remainder of the former Prince of Wales-Outer Ketchikan Census Area (02-201) after part (Outer Ketchikan area) was annexed by Ketchikan Gateway Borough (02-130) effective May 19, 2008, and part (Meyers Chuck area) included in the new Wrangell City and Borough effective June 1, 2008; estimated population: 6,115. Prince of Wales-Hyder Census Area (02-198) added part of the former Petersburg Census Area (02-195) effective January 3, 2013; estimated added population 613.",Sealaska Corporation,55.5388889,-132.4008333,Southeast,86bf03e7-a916-43d9-a99b-faf796d0d507
Kasigluk,1404483,37975,Bethel Census Area,1419966,99050,50,0,,Calista Corporation,60.8955556,-162.5180556,Lower Yukon-Kuskokwim,2f7923cc-1cea-4335-86ad-08151d8d4eec
Kasilof,1413283,38090,Kenai Peninsula Borough,1419972,99122,122,0,,,60.3375000,-151.2744444,Railbelt,8fe00781-f371-45c9-b8ef-fc8982951b65
Kenai,1413299,38420,Kenai Peninsula Borough,1419972,99122,122,0,,"Cook Inlet Region, Incorporated",60.5544444,-151.2583333,Railbelt,873fdc7a-04c6-47fb-9926-34d524f0e919
Kenny Lake,1866955,38910,Valdez-Cordova Census Area,1419984,99261,261,0,,,61.7191667,-144.9483333,Copper River/Chugach,f8474256-a3b8-4bba-8e4b-defb86e99629
Ketchikan,1423039,38970,Ketchikan Gateway Borough,1419973,99130,130,0,"Annexed a substantial portion of the former Prince of Wales-Outer Ketchikan Census Area (02-201), including most of the area known as Outer Ketchikan effective May 19, 2008; estimated added population: 7. As a result, the remaining area of the former Prince of Wales-Outer Ketchikan Census Area was renamed Prince of Wales-Hyder Census Area (02-198).",,55.3422222,-131.6461111,Southeast,1bf4ffe8-2534-4163-8660-078cc02feb1a
Kiana,1413311,39300,Northwest Arctic Borough,1419979,99188,188,0,"Created from all of the former Kobuk Census Area (02-140) and an unpopulated part of the North Slope Borough (02-185) effective June 2, 1986; 1980 population: 4,831.","NANA Regional Corporation, Incorporated",66.9750000,-160.4227778,Northwest Arctic,a7e777c1-ab8a-4211-bcdd-6725f0143eb3
King Cove,1418792,39410,Aleutians East Borough,1419964,99013,13,0,"Created from part of the former Aleutian Islands Census Area (02-010) effective October 23, 1987. The remainder of the former Aleutian Islands Census Area was established as the new Aleutians West Census Area (02-016); 1980 population: 1,643.",Aleut Corporation,55.0616667,-162.3102778,Aleutians,836b5df4-ba45-4a74-af1d-568f90d6eeb1
King Island,1411501,80175,Nome Census Area,1419977,99180,180,0,,Bering Straits Native Corporation,64.9775000,-168.0572222,,a1dae376-19df-4d28-aad8-ef5f713ee8d3
King Salmon,1404738,39630,Bristol Bay Borough,1419967,99060,60,0,,Bristol Bay Native Corporation,58.6883333,-156.6613889,Bristol Bay,62dcb87c-f6c4-4272-b690-0e970eeee597
Kipnuk,1404781,39740,Bethel Census Area,1419966,99050,50,0,,Calista Corporation,59.9388889,-164.0413889,Lower Yukon-Kuskokwim,e4e22ec7-cd34-4dd7-9cd2-030e473400e4
Kivalina,1413348,39960,Northwest Arctic Borough,1419979,99188,188,0,"Created from all of the former Kobuk Census Area (02-140) and an unpopulated part of the North Slope Borough (02-185) effective June 2, 1986; 1980 population: 4,831.","NANA Regional Corporation, Incorporated",67.7269444,-164.5333333,Northwest Arctic,d0e03d80-1671-4b3e-ad86-f1e195e7467d
Klawock,1423100,40400,Prince of Wales-Hyder Census Area,1419980,99198,198,0,"Created from the remainder of the former Prince of Wales-Outer Ketchikan Census Area (02-201) after part (Outer Ketchikan area) was annexed by Ketchikan Gateway Borough (02-130) effective May 19, 2008, and part (Meyers Chuck area) included in the new Wrangell City and Borough effective June 1, 2008; estimated population: 6,115. Prince of Wales-Hyder Census Area (02-198) added part of the former Petersburg Census Area (02-195) effective January 3, 2013; estimated added population 613.",Sealaska Corporation,55.5522222,-133.0958333,Southeast,d826ef12-da35-4950-b2cf-89915b8675ef
Klukwan,1866956,40510,Hoonah-Angoon Census Area,2371430,33390,105,0,"Created from the remainder of the former Skagway-Hoonah-Angoon Census Area (02-232) when the new Skagway Municipality (02-230) was created effective June 20, 2007; population: 2,574. Part taken to create new Petersburg Borough (02-195) effective January 3, 2013; estimated detached population: 1.",Sealaska Corporation,59.4038889,-135.8844444,Southeast,0baf70be-c0aa-4053-8d87-e9bcabae2bf8
Knik-Fairview,2418663,40645,Matanuska-Susitna Borough,1419976,99170,170,0,,,61.5126174,-149.6001200,Railbelt,70896c13-38c1-4d1a-a084-bcdde29648cd
Knik River,2418662,40670,Matanuska-Susitna Borough,1419976,99170,170,0,,"Cook Inlet Region, Incorporated",61.4600112,-148.9123700,Railbelt,995402bc-ed28-44f3-a42b-d8f5b28a13fd
Kobuk,1413362,40840,Northwest Arctic Borough,1419979,99188,188,0,"Created from all of the former Kobuk Census Area (02-140) and an unpopulated part of the North Slope Borough (02-185) effective June 2, 1986; 1980 population: 4,831.","NANA Regional Corporation, Incorporated",66.9072222,-156.8811111,Northwest Arctic,95e28c5b-af2e-4bd5-990b-fd4de3191c3e
Kodiak,1404875,40950,Kodiak Island Borough,1419974,99150,150,0,,"Koniag, Incorporated",57.7900000,-152.4072222,Kodiak,d91d5e68-90a3-45f5-ab73-9f89f2652c5a
Kodiak Station,2418665,41210,Kodiak Island Borough,1419974,99150,150,0,,,57.7658667,-152.6000400,Kodiak,6876b873-4295-4312-9e2b-4af16efb9555
Kokhanok,1404333,41280,Lake and Peninsula Borough,1419975,99164,164,0,"Created from part of the Dillingham Census Area (02-070) effective April 24, 1989; 1980 population: 1,384.",Bristol Bay Native Corporation,59.4394444,-154.7761111,Bristol Bay,5a9a2965-3bce-4655-af6f-1861b119bebb
Koliganek,1404914,41500,Dillingham Census Area,1419968,99070,70,0,"Part taken to create the new Lake and Peninsula Borough (02-164) effective April 24, 1989; 1980 detached population: 1,384.",Bristol Bay Native Corporation,59.7286111,-157.2844444,Bristol Bay,89f05e8d-5f77-44d3-9207-a9a1a6dd5f22
Kongiganak,1404934,41610,Bethel Census Area,1419966,99050,50,0,,Calista Corporation,59.9532731,-162.8951327,Lower Yukon-Kuskokwim,41bf65a8-2e69-4eba-b06a-509c25d4f9f9
Kotlik,1404964,41720,Wade Hampton Census Area,1419985,99270,270,0,,Calista Corporation,63.0341667,-163.5533333,Lower Yukon-Kuskokwim,60e21fe5-6ada-442a-8366-b3615583bacf
Kotzebue,1413378,41830,Northwest Arctic Borough,1419979,99188,188,0,"Created from all of the former Kobuk Census Area (02-140) and an unpopulated part of the North Slope Borough (02-185) effective June 2, 1986; 1980 population: 4,831.","NANA Regional Corporation, Incorporated",66.8983333,-162.5966667,Northwest Arctic,8aa56b8f-c01a-44a4-8f66-cbac5c6f2f4e
Koyuk,1404981,41940,Nome Census Area,1419977,99180,180,0,,Bering Straits Native Corporation,64.9319444,-161.1569444,Bering Straits,af72c3c9-7512-46c8-bc6c-28e100128806
Koyukuk,1404984,42050,Yukon-Koyukuk Census Area,1419987,99290,290,0,"Part taken to create the new Denali Borough (02-068) effective December 7, 1990; 1990 detached population: 1,682.","Doyon, Limited",64.8802778,-157.7008333,Yukon-Koyukuk/Upper Tanana,d9a69055-96fa-404b-a32e-a754f6d256d0
Kupreanof,1424959,42160,Petersburg Census Area,2516404,99195,195,0,"Created from the remainder of the former Wrangell-Petersburg Census Area (02-280) when the new Wrangell City and Borough was created effective June 1, 2008; estimated population: 4,260. Created from part of former Petersburg Census Area (02-195) and part of Hoonah-Angoon Census Area (02-105) effective January 3, 2013; estimated population 3,203.",,56.8144444,-132.9805556,,dd9e1299-8214-43c4-b9dc-1873d4978f20
Kwethluk,1405119,42380,Bethel Census Area,1419966,99050,50,0,,Calista Corporation,60.8122222,-161.4358333,Lower Yukon-Kuskokwim,697b5816-c44a-4e0a-8653-5f5ded02c156
Kwigillingok,1405122,42490,Bethel Census Area,1419966,99050,50,0,,Calista Corporation,59.8644444,-163.1341667,Lower Yukon-Kuskokwim,240d8e7e-eb06-4c50-a167-9626412459ce
Lake Louise,1865556,42805,Matanuska-Susitna Borough,1419976,99170,170,0,,,62.2813889,-146.5511111,Railbelt,2d4016fb-5349-4acd-be15-f86a91216bc1
Lake Minchumina,1405185,42820,Yukon-Koyukuk Census Area,1419987,99290,290,0,"Part taken to create the new Denali Borough (02-068) effective December 7, 1990; 1990 detached population: 1,682.",,63.8827778,-152.3122222,Yukon-Koyukuk/Upper Tanana,68471756-5f21-48ea-b07f-2d514f8b6a7f
Lakes,2418681,42832,Matanuska-Susitna Borough,1419976,99170,170,0,,,61.6052854,-149.3066138,Railbelt,683fec24-e955-4dad-91ac-5a4f4f1e11d5
Larsen Bay,1405216,43040,Kodiak Island Borough,1419974,99150,150,0,,"Koniag, Incorporated",57.5400000,-153.9786111,Kodiak,c712c2ee-2345-4f1f-96a1-e88d9dbd93b2
Lazy Mountain,1866958,43260,Matanuska-Susitna Borough,1419976,99170,170,0,,,61.6261111,-148.9455556,Railbelt,788d9f67-f546-4672-830f-75f4237c073c
Levelock,1405300,43810,Lake and Peninsula Borough,1419975,99164,164,0,"Created from part of the Dillingham Census Area (02-070) effective April 24, 1989; 1980 population: 1,384.",Bristol Bay Native Corporation,59.1141667,-156.8588889,Bristol Bay,3461e6af-9e16-45b3-b908-7ae08fb87d42
Lime Village,1405351,44030,Bethel Census Area,1419966,99050,50,0,,Calista Corporation,61.3563889,-155.4355556,Lower Yukon-Kuskokwim,5db73dd9-b52c-486a-acf4-a323b8d8f3cf
Livengood,1405579,44580,Yukon-Koyukuk Census Area,1419987,99290,290,0,"Part taken to create the new Denali Borough (02-068) effective December 7, 1990; 1990 detached population: 1,682.",,65.5244444,-148.5447222,,39be1361-9069-408f-8ed2-1eae1a70c1c4
Loring,1423422,45020,Ketchikan Gateway Borough,1419973,99130,130,0,"Annexed a substantial portion of the former Prince of Wales-Outer Ketchikan Census Area (02-201), including most of the area known as Outer Ketchikan effective May 19, 2008; estimated added population: 7. As a result, the remaining area of the former Prince of Wales-Outer Ketchikan Census Area was renamed Prince of Wales-Hyder Census Area (02-198).",,55.6025000,-131.6361111,Southeast,e85ebb88-73f0-4832-93f8-2ef2cc330f36
Lowell Point,1865557,45295,Kenai Peninsula Borough,1419972,99122,122,0,,,60.0725000,-149.4411111,Railbelt,e5bee98f-4921-4d39-9de2-23c2693be038
Lower Kalskag,1405763,45460,Bethel Census Area,1419966,99050,50,0,,Calista Corporation,61.5122222,-160.3580556,Lower Yukon-Kuskokwim,6b517207-fff8-42d5-a914-21337156b33f
Lutak,1866960,45700,Haines Borough,1419970,99100,100,0,,,59.3411111,-135.5655556,,d61fa733-d9e1-4f50-b238-3fe969200e08
Manley Hot Springs,1405922,46780,Yukon-Koyukuk Census Area,1419987,99290,290,0,"Part taken to create the new Denali Borough (02-068) effective December 7, 1990; 1990 detached population: 1,682.","Doyon, Limited",65.0011111,-150.6338889,Yukon-Koyukuk/Upper Tanana,e4ebbff7-5056-4ce9-919e-ee2f6101052b
Manokotak,1405927,46890,Dillingham Census Area,1419968,99070,70,0,"Part taken to create the new Lake and Peninsula Borough (02-164) effective April 24, 1989; 1980 detached population: 1,384.",Bristol Bay Native Corporation,58.9813889,-159.0583333,Bristol Bay,bfce1319-9a9a-4b1b-86b2-6d9067351939
Marshall,1405984,47000,Wade Hampton Census Area,1419985,99270,270,0,,Calista Corporation,61.8777778,-162.0811111,Lower Yukon-Kuskokwim,8da404f6-21fb-4235-85de-678936ad02c6
Mary's Igloo,1895603,47220,Nome Census Area,1419977,99180,180,0,,Bering Straits Native Corporation,65.1488994,-165.0677585,,f85322de-9e1e-46a2-89b1-9a5fd74b059a
McCarthy,1406098,45790,Valdez-Cordova Census Area,1419984,99261,261,0,,,61.4333333,-142.9216667,,f59d9a30-01ca-4a12-941c-ad822f747fd0
McGrath,1406131,46010,Yukon-Koyukuk Census Area,1419987,99290,290,0,"Part taken to create the new Denali Borough (02-068) effective December 7, 1990; 1990 detached population: 1,682.","Doyon, Limited",62.9563889,-155.5958333,Yukon-Koyukuk/Upper Tanana,e87f0b43-c6a0-4c7f-b013-dbbf132f4a3e
McKinley Park,1423625,46560,Denali Borough,1419988,99068,68,0,"Created from part of the Yukon-Koyukuk Census Area (02-290) and an unpopulated part of the Southeast Fairbanks Census Area (02-240) effective December 7, 1990; 1990 population: 1,682.",,63.7327778,-148.9141667,Railbelt,be7ba217-124a-4c07-844a-e13b8119b592
Meadow Lakes,1866961,47735,Matanuska-Susitna Borough,1419976,99170,170,0,,,61.6247222,-149.6011111,Railbelt,1690588e-3947-48dc-b126-4086a128d05f
Mekoryuk,1406211,47990,Bethel Census Area,1419966,99050,50,0,,Calista Corporation,60.3880556,-166.1850000,Lower Yukon-Kuskokwim,b1df202d-fed0-4f6f-8370-aa0d13299ac8
Mendeltna,1866962,48200,Valdez-Cordova Census Area,1419984,99261,261,0,,,62.0661111,-146.4500000,Copper River/Chugach,d925935e-37ce-42e8-b601-c8c8c0970eaa
Mentasta Lake,1406241,48540,Valdez-Cordova Census Area,1419984,99261,261,0,,"Ahtna, Incorporated",62.9211111,-143.7691667,Copper River/Chugach,21a274da-64f7-4cbc-829c-ee1d20c8737c
Mertarvik,2582714,48590,Bethel Census Area,1419966,99050,50,0,,,60.8109892,-164.4991078,,7300d730-2bc1-4025-a098-e3790ce17e68
Metlakatla,1423661,48870,Prince of Wales-Hyder Census Area,1419980,99198,198,0,"Created from the remainder of the former Prince of Wales-Outer Ketchikan Census Area (02-201) after part (Outer Ketchikan area) was annexed by Ketchikan Gateway Borough (02-130) effective May 19, 2008, and part (Meyers Chuck area) included in the new Wrangell City and Borough effective June 1, 2008; estimated population: 6,115. Prince of Wales-Hyder Census Area (02-198) added part of the former Petersburg Census Area (02-195) effective January 3, 2013; estimated added population 613.",,55.1291667,-131.5722222,Southeast,b8384cdc-89f6-458a-94b7-a21c8b73be33
Meyers Chuck,1423664,48980,Wrangell City and Borough,2516402,99275,275,0,"Created from part of the former Wrangell-Petersburg Census Area (02-280) and part of Prince of Wales-Outer Ketchikan Census Area (02-201) (Meyers Chuck area) effective June 1, 2008; estimated population: 2,448. The remainder of the former Wrangell-Petersburg Census Area was established as the new Petersburg Census Area (02-195) effective June 1, 2008.",,55.7408333,-132.2563889,,77dec18b-5ee1-4bbf-8cf5-8cb1c8d63d6f
Miller Landing,1413533,49450,Kenai Peninsula Borough,1419972,99122,122,0,,,59.6675000,-151.4347222,,51f8c48d-dfb2-4f66-9803-2a244cd98f7d
Minto,1406419,49530,Yukon-Koyukuk Census Area,1419987,99290,290,0,"Part taken to create the new Denali Borough (02-068) effective December 7, 1990; 1990 detached population: 1,682.","Doyon, Limited",65.1504110,-149.3497080,Yukon-Koyukuk/Upper Tanana,55f08896-dfaa-41c2-a407-442fbcb3c093
Moose Creek,1406548,50080,Fairbanks North Star Borough,1419969,99090,90,0,,,64.7100000,-147.1436111,Railbelt,0dda69f0-648e-421a-9aaa-e94f9df054cc
Moose Pass,1417076,50190,Kenai Peninsula Borough,1419972,99122,122,0,,,60.4875000,-149.3688889,Railbelt,d07bb477-67e7-4423-bec3-dec2f6fdb76c
Mosquito Lake,1866963,50800,Haines Borough,1419970,99100,100,0,,,59.5291667,-136.0911111,Southeast,b7b03f17-4050-424b-a4de-ddc8748f6588
Mountain Village,1406655,51180,Wade Hampton Census Area,1419985,99270,270,0,,Calista Corporation,62.0855556,-163.7294444,Lower Yukon-Kuskokwim,2e645af5-b369-4401-aca6-47cba6bed98a
Mud Bay,1865558,51455,Haines Borough,1419970,99100,100,0,,,59.1597222,-135.3758333,,1bba2fe8-efb9-4ddc-96ef-34777f5c88e3
Nabesna,1406770,51960,Valdez-Cordova Census Area,1419984,99261,261,0,,,62.3719444,-143.0086111,Copper River/Chugach,522f0b95-a753-4f01-8846-57dddc34a0d9
Naknek,1406798,52060,Bristol Bay Borough,1419967,99060,60,0,,Bristol Bay Native Corporation,58.7283333,-157.0138889,Bristol Bay,486421d9-6ee1-4571-896e-a508d951420d
Nanwalek,1412986,52210,Kenai Peninsula Borough,1419972,99122,122,0,,Chugach Alaska Corporation,59.3563889,-151.9208333,Railbelt,a40c5644-a2b3-4bf9-a05d-e5c13b810dd0
Napaimute,1406828,52250,Bethel Census Area,1419966,99050,50,0,,Calista Corporation,61.5400000,-158.6741667,,bd0ec7fd-ad93-42fa-bc4e-39b6a8f4bfe5
Napakiak,1406829,52390,Bethel Census Area,1419966,99050,50,0,,Calista Corporation,60.6966667,-161.9519444,Lower Yukon-Kuskokwim,06611ed2-12b6-47f0-a3f3-f3f3dd9775a5
Napaskiak,1406834,52720,Bethel Census Area,1419966,99050,50,0,,Calista Corporation,60.7080556,-161.7661111,Lower Yukon-Kuskokwim,7479359b-3bd3-4858-9b68-c2d008906575
Naukati Bay,1866964,52845,Prince of Wales-Hyder Census Area,1419980,99198,198,0,"Created from the remainder of the former Prince of Wales-Outer Ketchikan Census Area (02-201) after part (Outer Ketchikan area) was annexed by Ketchikan Gateway Borough (02-130) effective May 19, 2008, and part (Meyers Chuck area) included in the new Wrangell City and Borough effective June 1, 2008; estimated population: 6,115. Prince of Wales-Hyder Census Area (02-198) added part of the former Petersburg Census Area (02-195) effective January 3, 2013; estimated added population 613.",,55.8736111,-133.1847222,Southeast,0fccde8e-a67e-4239-9a4e-a2a7fc6c4333
Nelchina,1865559,52915,Valdez-Cordova Census Area,1419984,99261,261,0,,,61.9919444,-146.7686111,Copper River/Chugach,fd739f87-b93f-4be1-9dc9-68dfc375f97e
Nelson Lagoon,1418948,52940,Aleutians East Borough,1419964,99013,13,0,"Created from part of the former Aleutian Islands Census Area (02-010) effective October 23, 1987. The remainder of the former Aleutian Islands Census Area was established as the new Aleutians West Census Area (02-016); 1980 population: 1,643.",Aleut Corporation,56.0006152,-161.2069740,Aleutians,199f49f0-a6ef-4622-b597-d4c015ba33f2
Nenana,1406940,53050,Yukon-Koyukuk Census Area,1419987,99290,290,0,"Part taken to create the new Denali Borough (02-068) effective December 7, 1990; 1990 detached population: 1,682.","Doyon, Limited",64.5638889,-149.0930556,Railbelt,f8109851-d2f7-4c51-bcd7-b8538003d22d
New Allakaket,2419536,53162,Yukon-Koyukuk Census Area,1419987,99290,290,0,"Part taken to create the new Denali Borough (02-068) effective December 7, 1990; 1990 detached population: 1,682.",,66.5426800,-152.6476900,Yukon-Koyukuk/Upper Tanana,76f9b1e6-b242-4e17-8ecf-1c0899651cc5
Newhalen,1406978,53270,Lake and Peninsula Borough,1419975,99164,164,0,"Created from part of the Dillingham Census Area (02-070) effective April 24, 1989; 1980 population: 1,384.",Bristol Bay Native Corporation,59.7200000,-154.8972222,Bristol Bay,fee547b4-0479-4fee-8443-2c28ed7bda15
New Stuyahok,1406972,53710,Dillingham Census Area,1419968,99070,70,0,"Part taken to create the new Lake and Peninsula Borough (02-164) effective April 24, 1989; 1980 detached population: 1,384.",Bristol Bay Native Corporation,59.4527778,-157.3119444,Bristol Bay,e12f5cec-01a1-48cb-97e8-a0efd9c45949
Newtok,1406985,53820,Bethel Census Area,1419966,99050,50,0,,Calista Corporation,60.9427778,-164.6294444,Lower Yukon-Kuskokwim,272a57f6-7fcd-4399-baf2-123e4a420e93
Nightmute,1407008,53930,Bethel Census Area,1419966,99050,50,0,,Calista Corporation,60.4794444,-164.7238889,Lower Yukon-Kuskokwim,afb04cee-3c95-4b2f-bdf7-8f5e07c503c4
Nikiski,1416651,54050,Kenai Peninsula Borough,1419972,99122,122,0,,,60.6902778,-151.2888889,Railbelt,763156a2-5a06-4344-8413-dbf6b225e730
Nikolaevsk,1417063,54085,Kenai Peninsula Borough,1419972,99122,122,0,,,59.8119444,-151.6105556,Railbelt,629b5007-94ef-4fc3-959f-f4126649ea00
Nikolai,1407022,54150,Yukon-Koyukuk Census Area,1419987,99290,290,0,"Part taken to create the new Denali Borough (02-068) effective December 7, 1990; 1990 detached population: 1,682.","Doyon, Limited",63.0133333,-154.3750000,Yukon-Koyukuk/Upper Tanana,615ac9ab-bb86-49b4-bda4-4dcc7dfd7a22
Nikolski,1418954,54260,Aleutians West Census Area,1419965,99016,16,0,"Created from the remainder of the former Aleutian Islands Census Area (02-010) when the new Aleutians East Borough (02-013) was created effective October 23, 1987; 1980 population: 6,125.",Aleut Corporation,52.9380556,-168.8677778,Aleutians,06afc3d9-b26d-407e-8c0a-791dee3d79eb
Ninilchik,1413634,54480,Kenai Peninsula Borough,1419972,99122,122,0,,"Cook Inlet Region, Incorporated",60.0513889,-151.6688889,Railbelt,1312e096-cece-4f8c-9ce4-bb16958f4ffc
Noatak,1413638,54700,Northwest Arctic Borough,1419979,99188,188,0,"Created from all of the former Kobuk Census Area (02-140) and an unpopulated part of the North Slope Borough (02-185) effective June 2, 1986; 1980 population: 4,831.","NANA Regional Corporation, Incorporated",67.5711111,-162.9652778,Northwest Arctic,9398f142-5b1c-49f1-8ea3-abb26c685372
Nome,1407125,54920,Nome Census Area,1419977,99180,180,0,,Bering Straits Native Corporation,64.5011111,-165.4063889,Bering Straits,7831002d-cf78-477b-a4f8-b1c9bba1a96c
Nondalton,1407129,55030,Lake and Peninsula Borough,1419975,99164,164,0,"Created from part of the Dillingham Census Area (02-070) effective April 24, 1989; 1980 population: 1,384.",Bristol Bay Native Corporation,59.9736111,-154.8458333,Bristol Bay,e1f817cb-83d3-43c2-9762-b7a3ded4f656
Noorvik,1413646,55140,Northwest Arctic Borough,1419979,99188,188,0,"Created from all of the former Kobuk Census Area (02-140) and an unpopulated part of the North Slope Borough (02-185) effective June 2, 1986; 1980 population: 4,831.","NANA Regional Corporation, Incorporated",66.8383333,-161.0327778,Northwest Arctic,c70ceaa1-b8dc-4f8b-8c49-1c38db04015d
North Pole,1407230,55910,Fairbanks North Star Borough,1419969,99090,90,0,,,64.7511111,-147.3494444,Railbelt,c56413d3-2295-418d-979f-8c99fdc29ad4
Northway,1407253,56220,Southeast Fairbanks Census Area,1419983,99240,240,0,"Unpopulated part taken to create the new Denali Borough (02-068) effective December 7, 1990.","Doyon, Limited",62.9616667,-141.9372222,Yukon-Koyukuk/Upper Tanana,3ccc1fda-6f92-455d-ad87-e4d6885b0163
Northway Junction,1866965,56250,Southeast Fairbanks Census Area,1419983,99240,240,0,"Unpopulated part taken to create the new Denali Borough (02-068) effective December 7, 1990.",,63.0022222,-141.7772222,Yukon-Koyukuk/Upper Tanana,41c9537b-e6ca-439c-9b97-7b08d2c850e4
Northway Village,1407254,56260,Southeast Fairbanks Census Area,1419983,99240,240,0,"Unpopulated part taken to create the new Denali Borough (02-068) effective December 7, 1990.",,62.9822222,-141.9516667,Yukon-Koyukuk/Upper Tanana,b6650fff-672c-46af-90c1-3f157a4ab13e
Nuiqsut,1416680,56320,North Slope Borough,1419978,99185,185,0,"Unpopulated part plus all of the former Kobuk Census Area (02-140) taken to create the new Northwest Arctic Borough (02-188) effective June 2, 1986.",Arctic Slope Regional Corporation,70.2175000,-150.9763889,North Slope,c8bdb2ef-7075-4eab-9adc-743057baad86
Nulato,1407321,56350,Yukon-Koyukuk Census Area,1419987,99290,290,0,"Part taken to create the new Denali Borough (02-068) effective December 7, 1990; 1990 detached population: 1,682.","Doyon, Limited",64.7194444,-158.1030556,Yukon-Koyukuk/Upper Tanana,b34949b0-487f-4dca-a5ca-325c85999e64
Nunam Iqua,1409405,56600,Wade Hampton Census Area,1419985,99270,270,0,,Calista Corporation,62.5336111,-164.8411111,Lower Yukon-Kuskokwim,3f0e76d9-b7bf-42ac-8e93-e5d6440c71eb
Nunapitchuk,1407339,56680,Bethel Census Area,1419966,99050,50,0,,Calista Corporation,60.8969444,-162.4594444,Lower Yukon-Kuskokwim,9d306c13-9008-46cd-97aa-70c59268ce15
Ohogamiut,1407436,57060,Wade Hampton Census Area,1419985,99270,270,0,,Calista Corporation,61.5677778,-161.8636111,,60fa56be-e5a6-4913-8861-34aca851bf1e
Old Harbor,1407483,57340,Kodiak Island Borough,1419974,99150,150,0,,"Koniag, Incorporated",57.2027778,-153.3038889,Kodiak,0516405d-a65c-408e-b33e-e4058a4033a1
Oscarville,1407624,58330,Bethel Census Area,1419966,99050,50,0,,Calista Corporation,60.7227778,-161.7700000,Lower Yukon-Kuskokwim,776f04e5-8590-484e-a895-03496588c1a3
Ouzinkie,1407684,58550,Kodiak Island Borough,1419974,99150,150,0,,"Koniag, Incorporated",57.9236111,-152.5022222,Kodiak,19d565bc-8743-48bd-91ae-6001975d91e2
Paimiut,1407723,58600,Wade Hampton Census Area,1419985,99270,270,0,,Calista Corporation,61.7013889,-165.8394444,,fd8202ec-07e5-459a-b830-ab07fa7f2205
Palmer,1407737,58660,Matanuska-Susitna Borough,1419976,99170,170,0,,,61.5997222,-149.1127778,Railbelt,8843531a-c888-4166-a63d-e3fee6c8887f
Pauloff Harbor,2419532,58985,Aleutians East Borough,1419964,99013,13,0,"Created from part of the former Aleutian Islands Census Area (02-010) effective October 23, 1987. The remainder of the former Aleutian Islands Census Area was established as the new Aleutians West Census Area (02-016); 1980 population: 1,643.",Aleut Corporation,54.4576992,-162.7071458,,42e4c953-44b2-41b2-9c78-0275eced916e
Paxson,1866966,59320,Valdez-Cordova Census Area,1419984,99261,261,0,,,63.0897222,-145.6130556,,3d10acae-12c1-4545-a35f-c206ac899fbf
Pedro Bay,1407862,59540,Lake and Peninsula Borough,1419975,99164,164,0,"Created from part of the Dillingham Census Area (02-070) effective April 24, 1989; 1980 population: 1,384.",Bristol Bay Native Corporation,59.7872222,-154.1061111,Bristol Bay,783cae27-a2c6-4965-8fb0-64c858305d5b
Pelican,1424201,59650,Hoonah-Angoon Census Area,2371430,33390,105,0,"Created from the remainder of the former Skagway-Hoonah-Angoon Census Area (02-232) when the new Skagway Municipality (02-230) was created effective June 20, 2007; population: 2,574. Part taken to create new Petersburg Borough (02-195) effective January 3, 2013; estimated detached population: 1.",,57.9608333,-136.2275000,Southeast,a9848929-7e35-490a-9798-1161afb36a0e
Perryville,1407902,60200,Lake and Peninsula Borough,1419975,99164,164,0,"Created from part of the Dillingham Census Area (02-070) effective April 24, 1989; 1980 population: 1,384.",Bristol Bay Native Corporation,55.9139846,-159.1632767,Bristol Bay,16006398-f9dd-4c8b-b37d-e66e9d05ed86
Petersburg,1424228,60310,Petersburg Census Area,2516404,99195,195,0,"Created from the remainder of the former Wrangell-Petersburg Census Area (02-280) when the new Wrangell City and Borough was created effective June 1, 2008; estimated population: 4,260. Created from part of former Petersburg Census Area (02-195) and part of Hoonah-Angoon Census Area (02-105) effective January 3, 2013; estimated population 3,203.",,56.8112667,-132.9512425,Southeast,fb79d9b5-9c46-4f7b-b140-2487865ca0c4
Petersville,1407927,60460,Matanuska-Susitna Borough,1419976,99170,170,0,,,62.4963889,-150.7655556,Railbelt,838d4ae6-6612-4a68-aa60-0cb36794515f
Pilot Point,1407992,60640,Lake and Peninsula Borough,1419975,99164,164,0,"Created from part of the Dillingham Census Area (02-070) effective April 24, 1989; 1980 population: 1,384.",Bristol Bay Native Corporation,57.5641667,-157.5791667,Bristol Bay,71865914-5343-4f88-8a8a-11be07f7eb57
Pilot Station,1407993,60750,Wade Hampton Census Area,1419985,99270,270,0,,Calista Corporation,61.9388889,-162.8750000,Lower Yukon-Kuskokwim,259b133b-e1b5-4a7b-ac9c-a978720e33f3
Pitkas Point,1408054,60860,Wade Hampton Census Area,1419985,99270,270,0,,Calista Corporation,62.0327778,-163.2877778,Lower Yukon-Kuskokwim,c9ece4dc-52bf-4561-96f1-cc0179c42dbd
Platinum,1408072,61080,Bethel Census Area,1419966,99050,50,0,,Calista Corporation,59.0130556,-161.8163889,Lower Yukon-Kuskokwim,5f5caa4c-16c5-4214-a132-288746986df0
Pleasant Valley,1866967,61120,Fairbanks North Star Borough,1419969,99090,90,0,,,64.8813889,-146.8686111,Railbelt,c0b2bb3a-2750-4ecd-913e-baf3ab1aa32a
Point Baker,1424323,61190,Prince of Wales-Hyder Census Area,1419980,99198,198,0,"Created from the remainder of the former Prince of Wales-Outer Ketchikan Census Area (02-201) after part (Outer Ketchikan area) was annexed by Ketchikan Gateway Borough (02-130) effective May 19, 2008, and part (Meyers Chuck area) included in the new Wrangell City and Borough effective June 1, 2008; estimated population: 6,115. Prince of Wales-Hyder Census Area (02-198) added part of the former Petersburg Census Area (02-195) effective January 3, 2013; estimated added population 613.",,56.3527778,-133.6211111,Southeast,f14464e9-869a-4682-b7d2-1f47fd5e873f
Point Hope,1408110,61630,North Slope Borough,1419978,99185,185,0,"Unpopulated part plus all of the former Kobuk Census Area (02-140) taken to create the new Northwest Arctic Borough (02-188) effective June 2, 1986.",Arctic Slope Regional Corporation,68.3486111,-166.7347222,North Slope,7de8d732-febd-4a66-9837-001caaab4361
Point Lay,1408115,61700,North Slope Borough,1419978,99185,185,0,"Unpopulated part plus all of the former Kobuk Census Area (02-140) taken to create the new Northwest Arctic Borough (02-188) effective June 2, 1986.",Arctic Slope Regional Corporation,69.7438570,-163.0084420,North Slope,d838c9ef-9ae5-4c4c-91ea-ebef6e48bf5d
Point MacKenzie,1865561,61788,Matanuska-Susitna Borough,1419976,99170,170,0,,,61.3597222,-149.9783333,Railbelt,106a3ade-3596-43c7-a084-a06e38c71b98
Point Possession,2582716,61825,Kenai Peninsula Borough,1419972,99122,122,0,,"Cook Inlet Region, Incorporated",60.9230990,-150.6882074,Railbelt,d6955ffc-c209-49c3-85c0-66a39c2775e7
Pope-Vannoy Landing,2419181,62125,Lake and Peninsula Borough,1419975,99164,164,0,"Created from part of the Dillingham Census Area (02-070) effective April 24, 1989; 1980 population: 1,384.",,59.5584786,-154.4910900,,bda49e61-c6c3-4734-835f-7673739387cc
Portage Creek,1865562,62285,Dillingham Census Area,1419968,99070,70,0,"Part taken to create the new Lake and Peninsula Borough (02-164) effective April 24, 1989; 1980 detached population: 1,384.",Bristol Bay Native Corporation,58.9061111,-157.7175000,,a0dcb993-2084-4ee4-94cd-1964d4ca1fa8
Port Alexander,1424551,62510,Petersburg Census Area,2516404,99195,195,0,"Created from the remainder of the former Wrangell-Petersburg Census Area (02-280) when the new Wrangell City and Borough was created effective June 1, 2008; estimated population: 4,260. Created from part of former Petersburg Census Area (02-195) and part of Hoonah-Angoon Census Area (02-105) effective January 3, 2013; estimated population 3,203.",,56.2497222,-134.6444444,,0df75627-2c5f-40bb-98c5-30b72c8c78af
Port Alsworth,1408208,62620,Lake and Peninsula Borough,1419975,99164,164,0,"Created from part of the Dillingham Census Area (02-070) effective April 24, 1989; 1980 population: 1,384.",,60.2025000,-154.3127778,Bristol Bay,eafa9307-aba9-408e-9205-49add3d28813
Port Clarence,1408213,63170,Nome Census Area,1419977,99180,180,0,,,65.2622222,-166.8458333,,f9ffc8fd-bc38-4c58-94d9-cb675b633c39
Port Graham,1413800,63280,Kenai Peninsula Borough,1419972,99122,122,0,,Chugach Alaska Corporation,59.3513889,-151.8297222,Railbelt,f9a2a69f-701f-4c86-ac7c-14d9174a3421
Port Heiden,1419072,63390,Lake and Peninsula Borough,1419975,99164,164,0,"Created from part of the Dillingham Census Area (02-070) effective April 24, 1989; 1980 population: 1,384.",Bristol Bay Native Corporation,56.9325614,-158.6249699,Bristol Bay,05f9feb8-d7fc-43f8-a388-f62d04058b78
Port Lions,1408218,63610,Kodiak Island Borough,1419974,99150,150,0,,"Koniag, Incorporated",57.8675000,-152.8822222,Kodiak,9d10822b-d342-4af2-9f27-668b0ff75b6b
Port Protection,1866970,63870,Prince of Wales-Hyder Census Area,1419980,99198,198,0,"Created from the remainder of the former Prince of Wales-Outer Ketchikan Census Area (02-201) after part (Outer Ketchikan area) was annexed by Ketchikan Gateway Borough (02-130) effective May 19, 2008, and part (Meyers Chuck area) included in the new Wrangell City and Borough effective June 1, 2008; estimated population: 6,115. Prince of Wales-Hyder Census Area (02-198) added part of the former Petersburg Census Area (02-195) effective January 3, 2013; estimated added population 613.",,56.3172222,-133.5980556,Southeast,512e8aee-4d06-493c-809f-f3659ec4d901
Port William,1408228,63940,Kodiak Island Borough,1419974,99150,150,0,,"Koniag, Incorporated",58.4922222,-152.5827778,,c9e6fffe-4522-4edb-b5bc-260e1ad950af
Primrose,1424646,64240,Kenai Peninsula Borough,1419972,99122,122,0,,,60.3436111,-149.3441667,Railbelt,4bcbf8dc-d38a-4971-8e56-d028e15acc44
Prudhoe Bay,1408327,64380,North Slope Borough,1419978,99185,185,0,"Unpopulated part plus all of the former Kobuk Census Area (02-140) taken to create the new Northwest Arctic Borough (02-188) effective June 2, 1986.",,70.2552778,-148.3372222,,33743d95-1024-4f9a-96f5-aedd348dd539
Quinhagak,1408462,64600,Bethel Census Area,1419966,99050,50,0,,Calista Corporation,59.7488889,-161.9158333,Lower Yukon-Kuskokwim,22a95db7-915d-413d-9546-ebd322367e6e
Rampart,1408519,64820,Yukon-Koyukuk Census Area,1419987,99290,290,0,"Part taken to create the new Denali Borough (02-068) effective December 7, 1990; 1990 detached population: 1,682.","Doyon, Limited",65.5050000,-150.1700000,Yukon-Koyukuk/Upper Tanana,6d93636e-c75b-4173-9d62-2500d83cea41
Red Devil,1408580,64930,Bethel Census Area,1419966,99050,50,0,,Calista Corporation,61.7611111,-157.3125000,Lower Yukon-Kuskokwim,ed2bf034-8a2a-4adb-abd1-5d9a622d87f6
Red Dog Mine,1865564,64980,Northwest Arctic Borough,1419979,99188,188,0,"Created from all of the former Kobuk Census Area (02-140) and an unpopulated part of the North Slope Borough (02-185) effective June 2, 1986; 1980 population: 4,831.",,68.0755556,-162.8561111,,1d93156a-3d28-442a-ba60-ea6179311222
Ridgeway,1866972,65345,Kenai Peninsula Borough,1419972,99122,122,0,,,60.5319444,-151.0852778,Railbelt,c4c1646c-ddb2-4dcc-86c0-b2352babf56e
Ruby,1408878,65590,Yukon-Koyukuk Census Area,1419987,99290,290,0,"Part taken to create the new Denali Borough (02-068) effective December 7, 1990; 1990 detached population: 1,682.","Doyon, Limited",64.7394444,-155.4869444,Yukon-Koyukuk/Upper Tanana,9f227993-e0c4-4306-99b4-aa06efcb0a4f
Russian Mission,1408925,65700,Wade Hampton Census Area,1419985,99270,270,0,,Calista Corporation,61.7850000,-161.3202778,Lower Yukon-Kuskokwim,cb0ec832-bac4-4c40-94c2-ca03f539c986
Saint George,1419161,65800,Aleutians West Census Area,1419965,99016,16,0,"Created from the remainder of the former Aleutian Islands Census Area (02-010) when the new Aleutians East Borough (02-013) was created effective October 23, 1987; 1980 population: 6,125.",Aleut Corporation,56.6000000,-169.5416667,Aleutians,e9619849-0d3a-4cf7-9895-88eabd2bd697
Saint Mary's,1398261,66140,Wade Hampton Census Area,1419985,99270,270,0,,Calista Corporation,62.0530556,-163.1658333,Lower Yukon-Kuskokwim,1ad37cec-4f93-4135-ac2f-03faf342a1b7
Saint Michael,1408977,66360,Nome Census Area,1419977,99180,180,0,,Bering Straits Native Corporation,63.4780556,-162.0391667,Bering Straits,e565d757-3b9d-4dbf-90b4-fcdd2b696ab8
Saint Paul,1419163,66470,Aleutians West Census Area,1419965,99016,16,0,"Created from the remainder of the former Aleutian Islands Census Area (02-010) when the new Aleutians East Borough (02-013) was created effective October 23, 1987; 1980 population: 6,125.",Aleut Corporation,57.1222222,-170.2750000,Aleutians,1f2a29c3-65c7-4e5f-a83b-807f17a3ab25
Salamatof,1413901,66510,Kenai Peninsula Borough,1419972,99122,122,0,,"Cook Inlet Region, Incorporated",60.6153750,-151.3194369,Railbelt,ec0ee835-1a16-47d6-b504-4f134837e5b1
Salcha,2419205,66550,Fairbanks North Star Borough,1419969,99090,90,0,,,64.5239904,-146.9021000,Railbelt,7083f96c-af76-4e9d-bd7d-749fbad7d80b
Sand Point,1419182,67020,Aleutians East Borough,1419964,99013,13,0,"Created from part of the former Aleutian Islands Census Area (02-010) effective October 23, 1987. The remainder of the former Aleutian Islands Census Area was established as the new Aleutians West Census Area (02-016); 1980 population: 1,643.",Aleut Corporation,55.3397222,-160.4972222,Aleutians,7a28bb85-2a63-417e-90ef-521d02ed6b92
Savoonga,1409106,67460,Nome Census Area,1419977,99180,180,0,,,63.6941667,-170.4788889,Bering Straits,923b8c80-42ae-4db8-8b32-88bc399ab416
Saxman,1414511,67570,Ketchikan Gateway Borough,1419973,99130,130,0,"Annexed a substantial portion of the former Prince of Wales-Outer Ketchikan Census Area (02-201), including most of the area known as Outer Ketchikan effective May 19, 2008; estimated added population: 7. As a result, the remaining area of the former Prince of Wales-Outer Ketchikan Census Area was renamed Prince of Wales-Hyder Census Area (02-198).",Sealaska Corporation,55.3183333,-131.5958333,,8b6e1134-d36c-4559-8c38-1b117d97d48b
Scammon Bay,1409133,67680,Wade Hampton Census Area,1419985,99270,270,0,,The Thirteenth Regional Corp,61.8427778,-165.5816667,Lower Yukon-Kuskokwim,aeb89185-de2a-40f7-ad74-2e0ef5b0628b
Selawik,1413930,68230,Northwest Arctic Borough,1419979,99188,188,0,"Created from all of the former Kobuk Census Area (02-140) and an unpopulated part of the North Slope Borough (02-185) effective June 2, 1986; 1980 population: 4,831.","NANA Regional Corporation, Incorporated",66.6038889,-160.0069444,Northwest Arctic,93eafa16-4a9d-4d9a-8ece-50cd4ff2b364
Seldovia,1413937,68340,Kenai Peninsula Borough,1419972,99122,122,0,,"Cook Inlet Region, Incorporated",59.4380556,-151.7113889,Railbelt,59e7dbcf-a1db-4ce3-996b-85175e7e5595
Seldovia Village,1865565,68370,Kenai Peninsula Borough,1419972,99122,122,0,,,59.4780556,-151.6519444,,6b89345a-3538-4162-8ad2-0d74ec8bc86d
Seward,1414598,68560,Kenai Peninsula Borough,1419972,99122,122,0,,Chugach Alaska Corporation,60.1041667,-149.4422222,Railbelt,326d957a-dc0c-4e28-9406-fc2c89a68cef
Shageluk,1409306,68670,Yukon-Koyukuk Census Area,1419987,99290,290,0,"Part taken to create the new Denali Borough (02-068) effective December 7, 1990; 1990 detached population: 1,682.","Doyon, Limited",62.6822222,-159.5619444,Yukon-Koyukuk/Upper Tanana,6c699e75-8cd0-41ab-b2f9-66537dcc26f7
Shaktoolik,1669434,68890,Nome Census Area,1419977,99180,180,0,,Bering Straits Native Corporation,64.3338889,-161.1538889,Bering Straits,714db5e4-899f-423c-a78d-e2396ee6bfe8
Shemya Station,2369534,,Aleutians West Census Area,1419965,99016,16,0,"Created from the remainder of the former Aleutian Islands Census Area (02-010) when the new Aleutians East Borough (02-013) was created effective October 23, 1987; 1980 population: 6,125.",,52.7246000,174.1121000,,6a06e465-a4aa-451d-a327-8a7d14c2ebe0
Shishmaref,1409434,69770,Nome Census Area,1419977,99180,180,0,,Bering Straits Native Corporation,66.2566667,-166.0719444,Bering Straits,c075af9a-a51e-47bb-9dfb-60fd2513da0a
Shungnak,1413983,70100,Northwest Arctic Borough,1419979,99188,188,0,"Created from all of the former Kobuk Census Area (02-140) and an unpopulated part of the North Slope Borough (02-185) effective June 2, 1986; 1980 population: 4,831.","NANA Regional Corporation, Incorporated",66.8880556,-157.1363889,Northwest Arctic,c7c0d5ad-dab5-40d3-bfd2-abd8a8969c17
Silver Springs,2419219,70320,Valdez-Cordova Census Area,1419984,99261,261,0,,,62.0191984,-145.3554100,Copper River/Chugach,a4f32b34-e7d4-46ab-9892-0d1808020935
Sitka,1414736,70540,Sitka City and Borough,1419981,99220,220,0,,Sealaska Corporation,57.0530556,-135.3300000,Southeast,61300339-a614-43fb-a30f-41604e5e0c1c
Skagway,1414754,70760,Skagway Municipality,2339479,99230,230,0,"Created from part of the former Skagway-Hoonah-Angoon Census Area (02-232) effective June 20, 2007; boundaries are identical to Skagway census subarea; population: 862. The remainder of the former Skagway-Hoonah-Angoon Census Area was established as the new Hoonah-Angoon Census Area (02-105).",,59.4583333,-135.3138889,Southeast,2fa901e2-54a9-4807-9027-73982c3ba746
Skwentna,1866975,70870,Matanuska-Susitna Borough,1419976,99170,170,0,,,61.9902778,-151.3977778,,d87a744a-d1c8-47bb-b966-6bedfac9ea1b
Slana,1409698,70930,Valdez-Cordova Census Area,1419984,99261,261,0,,,62.7069444,-143.9611111,Copper River/Chugach,df27d3fe-4ede-4869-935b-939ffe8610dc
Sleetmute,1409747,71090,Bethel Census Area,1419966,99050,50,0,,Calista Corporation,61.7025000,-157.1697222,Lower Yukon-Kuskokwim,5c9f92a9-ee75-48c0-b533-22fbedfa4289
Soldotna,1414025,71640,Kenai Peninsula Borough,1419972,99122,122,0,,,60.4877778,-151.0583333,Railbelt,1d198cdc-d747-4b4e-8785-ad041e1be428
Solomon,1409869,71750,Nome Census Area,1419977,99180,180,0,,Bering Straits Native Corporation,64.5608333,-164.4391667,,d9738a9c-93ca-4540-96df-16cc017e64f8
South Naknek,1409961,72190,Bristol Bay Borough,1419967,99060,60,0,,Bristol Bay Native Corporation,58.7155556,-156.9980556,Bristol Bay,30ff920d-849e-4326-9fb2-4bffd8704967
South Van Horn,2582717,72230,Fairbanks North Star Borough,1419969,99090,90,0,,,64.8090848,-147.7854312,Railbelt,2ebe7a5d-161d-4fe2-b633-5752426771a0
Stebbins,1410158,72960,Nome Census Area,1419977,99180,180,0,,Bering Straits Native Corporation,63.5222222,-162.2880556,Bering Straits,9f750437-a2da-4911-999a-c3337536f796
Steele Creek,2582718,72985,Fairbanks North Star Borough,1419969,99090,90,0,,,64.9295332,-147.3953282,Railbelt,52c8c20a-dc8c-456e-9229-a74a03d1d515
Sterling,1414063,73070,Kenai Peninsula Borough,1419972,99122,122,0,,,60.5372222,-150.7647222,Railbelt,e5ae75a8-08c6-474f-8810-e693af0b1fb7
Stevens Village,1410198,73290,Yukon-Koyukuk Census Area,1419987,99290,290,0,"Part taken to create the new Denali Borough (02-068) effective December 7, 1990; 1990 detached population: 1,682.","Doyon, Limited",66.0063889,-149.0908333,Yukon-Koyukuk/Upper Tanana,ec8466c6-0e5a-4fcc-8a9c-f7fef6b557fc
Stony River,1410241,73400,Bethel Census Area,1419966,99050,50,0,,Calista Corporation,61.7830556,-156.5880556,Lower Yukon-Kuskokwim,3a81f0c7-b00c-4be3-8eaa-3eef29610985
Sunrise,1415091,73950,Kenai Peninsula Borough,1419972,99122,122,0,,,60.8897222,-149.4211111,Railbelt,76699241-2c83-4f50-942e-e778dae175d0
Susitna,1410439,74340,Matanuska-Susitna Borough,1419976,99170,170,0,,,61.5436111,-150.5125000,,851e23c5-bb9d-40a2-b390-aa640d621ae2
Susitna North,2419291,74350,Matanuska-Susitna Borough,1419976,99170,170,0,,,62.1522556,-149.7343710,Railbelt,379c52c0-cf19-4169-98ee-22beebf1479a
Sutton-Alpine,2419240,74525,Matanuska-Susitna Borough,1419976,99170,170,0,,,61.7962564,-148.8505100,Railbelt,4555500c-51b9-4809-b50e-30a96a563e1a
Takotna,1410562,74610,Yukon-Koyukuk Census Area,1419987,99290,290,0,"Part taken to create the new Denali Borough (02-068) effective December 7, 1990; 1990 detached population: 1,682.","Doyon, Limited",62.9886111,-156.0641667,Yukon-Koyukuk/Upper Tanana,917679b9-be2d-4b05-94af-22856a03a9b3
Talkeetna,1410591,74830,Matanuska-Susitna Borough,1419976,99170,170,0,,,62.3238889,-150.1094444,Railbelt,951c6828-cc06-4d75-be2c-b37b18f2a092
Tanacross,1410618,75050,Southeast Fairbanks Census Area,1419983,99240,240,0,"Unpopulated part taken to create the new Denali Borough (02-068) effective December 7, 1990.","Doyon, Limited",63.3852778,-143.3463889,Yukon-Koyukuk/Upper Tanana,6dcacd72-3f24-4063-8b8b-f10d4969d8b2
Tanaina,1865567,75077,Matanuska-Susitna Borough,1419976,99170,170,0,,,61.6269444,-149.4280556,Railbelt,c5adfe1d-0244-452d-b4cf-e9b1ca7bd573
Tanana,1410629,75160,Yukon-Koyukuk Census Area,1419987,99290,290,0,"Part taken to create the new Denali Borough (02-068) effective December 7, 1990; 1990 detached population: 1,682.","Doyon, Limited",65.1719444,-152.0788889,Yukon-Koyukuk/Upper Tanana,a6949f52-35a8-476e-ab6e-935d67c97b6b
Tatitlek,1415193,75380,Valdez-Cordova Census Area,1419984,99261,261,0,,Chugach Alaska Corporation,60.8647222,-146.6786111,Copper River/Chugach,a2a99384-09b7-436f-a5ef-ee1d9ff948e1
Tazlina,1410694,75480,Valdez-Cordova Census Area,1419984,99261,261,0,,"Ahtna, Incorporated",62.0588695,-145.4284212,Copper River/Chugach,b3f326df-0113-4610-b54a-81a371a4a8e3
Telida,1410727,75800,Yukon-Koyukuk Census Area,1419987,99290,290,0,"Part taken to create the new Denali Borough (02-068) effective December 7, 1990; 1990 detached population: 1,682.","Doyon, Limited",63.3838889,-153.2822222,Yukon-Koyukuk/Upper Tanana,7f7b49f7-d068-46af-9440-67575df853ad
Teller,1410730,75930,Nome Census Area,1419977,99180,180,0,,Bering Straits Native Corporation,65.2636111,-166.3608333,Bering Straits,ee50efb0-bbf1-428a-bf43-e6b2d79361b7
Tenakee Springs,1415210,76260,Hoonah-Angoon Census Area,2371430,33390,105,0,"Created from the remainder of the former Skagway-Hoonah-Angoon Census Area (02-232) when the new Skagway Municipality (02-230) was created effective June 20, 2007; population: 2,574. Part taken to create new Petersburg Borough (02-195) effective January 3, 2013; estimated detached population: 1.",,57.7808333,-135.2188889,Southeast,ecaf2206-4d4a-46d7-bdfa-1760ebbf3564
Tetlin,1410765,76590,Southeast Fairbanks Census Area,1419983,99240,240,0,"Unpopulated part taken to create the new Denali Borough (02-068) effective December 7, 1990.",,63.1350512,-142.5238796,Yukon-Koyukuk/Upper Tanana,59ba8184-9c32-4637-91cb-5069c313f8d2
Thom's Place,1865568,76970,Wrangell City and Borough,2516402,99275,275,0,"Created from part of the former Wrangell-Petersburg Census Area (02-280) and part of Prince of Wales-Outer Ketchikan Census Area (02-201) (Meyers Chuck area) effective June 1, 2008; estimated population: 2,448. The remainder of the former Wrangell-Petersburg Census Area was established as the new Petersburg Census Area (02-195) effective June 1, 2008.",,56.2019444,-132.1850000,,417dd921-83ed-4b30-be50-8de5b0b8e31f
Thorne Bay,1669435,77140,Prince of Wales-Hyder Census Area,1419980,99198,198,0,"Created from the remainder of the former Prince of Wales-Outer Ketchikan Census Area (02-201) after part (Outer Ketchikan area) was annexed by Ketchikan Gateway Borough (02-130) effective May 19, 2008, and part (Meyers Chuck area) included in the new Wrangell City and Borough effective June 1, 2008; estimated population: 6,115. Prince of Wales-Hyder Census Area (02-198) added part of the former Petersburg Census Area (02-195) effective January 3, 2013; estimated added population 613.",,55.6877778,-132.5222222,Southeast,4e6cc7c9-137e-4b57-b549-c367df971985
Togiak,1411039,77690,Dillingham Census Area,1419968,99070,70,0,"Part taken to create the new Lake and Peninsula Borough (02-164) effective April 24, 1989; 1980 detached population: 1,384.",Bristol Bay Native Corporation,59.0619444,-160.3763889,Bristol Bay,f8243f99-b938-4f9f-9db4-faa11f8ac1f6
Tok,1411046,77800,Southeast Fairbanks Census Area,1419983,99240,240,0,"Unpopulated part taken to create the new Denali Borough (02-068) effective December 7, 1990.",,63.3366667,-142.9855556,Yukon-Koyukuk/Upper Tanana,ab6ef320-baf8-4200-bd06-2515b83119cc
Toksook Bay,1411060,78240,Bethel Census Area,1419966,99050,50,0,,Calista Corporation,60.5337752,-165.1036627,Lower Yukon-Kuskokwim,e6bd07fb-a6a9-428f-a4a7-2ea03ccb1c04
Tolsona,1865569,78297,Valdez-Cordova Census Area,1419984,99261,261,0,,,62.0838889,-146.0702778,Copper River/Chugach,c825b514-f3ce-4aa5-b5f4-998c17902236
Tonsina,1411105,78350,Valdez-Cordova Census Area,1419984,99261,261,0,,,61.6558333,-145.1752778,Copper River/Chugach,926492a3-584e-4931-a00d-ffa68ebd7013
Trapper Creek,1417100,78680,Matanuska-Susitna Borough,1419976,99170,170,0,,,62.3166667,-150.2313889,Railbelt,13a12931-a127-4dd4-a9e9-f83e2520f4de
Tuluksak,1411295,78790,Bethel Census Area,1419966,99050,50,0,,Calista Corporation,61.1025000,-160.9616667,Lower Yukon-Kuskokwim,8740efb7-559f-49ea-ab3b-519debc195a3
Tuntutuliak,1411324,79120,Bethel Census Area,1419966,99050,50,0,,Calista Corporation,60.3430556,-162.6630556,Lower Yukon-Kuskokwim,ac960487-de00-46db-9577-ad854a643375
Tununak,1410644,79230,Bethel Census Area,1419966,99050,50,0,,Calista Corporation,60.5855556,-165.2558333,Lower Yukon-Kuskokwim,b3b97917-176e-4ace-9b18-8d5760bfd5bb
Twin Hills,1416737,79780,Dillingham Census Area,1419968,99070,70,0,"Part taken to create the new Lake and Peninsula Borough (02-164) effective April 24, 1989; 1980 detached population: 1,384.",Bristol Bay Native Corporation,59.0791667,-160.2750000,Bristol Bay,41aeb3a3-628f-41c0-bdc3-f9a2fb9d8f19
Two Rivers,1397685,79830,Fairbanks North Star Borough,1419969,99090,90,0,,,64.8722222,-147.0383333,Railbelt,a6b6d5cd-06bd-4e6e-9bd1-e502600f6c9f
Tyonek,1414206,79890,Kenai Peninsula Borough,1419972,99122,122,0,,"Koniag, Incorporated",61.0680556,-151.1369444,Railbelt,1e0c07a4-3963-4c6a-9789-df49bb6add59
Uganik,1897130,,Kodiak Island Borough,1419974,99150,150,0,,,57.7667000,-153.4000000,,6539c67a-6e54-4956-bb26-dec1ea249cf0
Ugashik,1411486,80100,Lake and Peninsula Borough,1419975,99164,164,0,"Created from part of the Dillingham Census Area (02-070) effective April 24, 1989; 1980 population: 1,384.",Bristol Bay Native Corporation,57.5130556,-157.3975000,,aeb6575a-eb41-4d1e-8ad3-43fcfa3c55bb
Umkumiute,1411511,80330,Bethel Census Area,1419966,99050,50,0,,Calista Corporation,60.4996523,-165.1988597,,129b1918-7c91-47da-a1f7-202cea468f9a
Unalakleet,1411517,80660,Nome Census Area,1419977,99180,180,0,,Bering Straits Native Corporation,63.8730556,-160.7880556,Bering Straits,57a6ea26-a741-4233-8ca5-48e47a21869f
Unalaska,1419424,80770,Aleutians West Census Area,1419965,99016,16,0,"Created from the remainder of the former Aleutian Islands Census Area (02-010) when the new Aleutians East Borough (02-013) was created effective October 23, 1987; 1980 population: 6,125.",Aleut Corporation,53.8736111,-166.5366667,Aleutians,bc972abc-3475-4cab-bf2f-df84f7741efe
Unga,1419430,80880,Aleutians East Borough,1419964,99013,13,0,"Created from part of the former Aleutian Islands Census Area (02-010) effective October 23, 1987. The remainder of the former Aleutian Islands Census Area was established as the new Aleutians West Census Area (02-016); 1980 population: 1,643.",Aleut Corporation,55.1840915,-160.5050438,,772a31f5-cee3-4fe1-9cc6-cd13a308650c
Uyak,1411608,81980,Kodiak Island Borough,1419974,99150,150,0,,,57.6377778,-153.9994444,,452734ec-43fc-4e77-b6ed-a82fe9e77545
Valdez,1412465,82200,Valdez-Cordova Census Area,1419984,99261,261,0,,Chugach Alaska Corporation,61.1308333,-146.3483333,Copper River/Chugach,45aecac6-0726-4d62-a20e-b5fa1ec6dbe8
Venetie,1411644,82420,Yukon-Koyukuk Census Area,1419987,99290,290,0,"Part taken to create the new Denali Borough (02-068) effective December 7, 1990; 1990 detached population: 1,682.",,67.0138889,-146.4186111,Yukon-Koyukuk/Upper Tanana,916b06db-23c9-4c32-9ea2-2ab0b342199b
Wainwright,1411728,82750,North Slope Borough,1419978,99185,185,0,"Unpopulated part plus all of the former Kobuk Census Area (02-140) taken to create the new Northwest Arctic Borough (02-188) effective June 2, 1986.",Arctic Slope Regional Corporation,70.6369444,-160.0383333,North Slope,7abfd6d5-43bf-4bf2-b1bd-486dd9801b97
Wales,1404755,82860,Nome Census Area,1419977,99180,180,0,,Bering Straits Native Corporation,65.6091667,-168.0875000,Bering Straits,8013f28c-6207-4254-8100-f279957cff10
Ward Cove,1415612,82970,Ketchikan Gateway Borough,1419973,99130,130,0,"Annexed a substantial portion of the former Prince of Wales-Outer Ketchikan Census Area (02-201), including most of the area known as Outer Ketchikan effective May 19, 2008; estimated added population: 7. As a result, the remaining area of the former Prince of Wales-Outer Ketchikan Census Area was renamed Prince of Wales-Hyder Census Area (02-198).",,55.4119444,-131.7227778,,
Wasilla,1411788,83080,Matanuska-Susitna Borough,1419976,99170,170,0,,,61.5813889,-149.4394444,Railbelt,1120cf75-5bf9-47bb-a468-2589b2b89ffe
Whale Pass,1744590,84000,Prince of Wales-Hyder Census Area,1419980,99198,198,0,"Created from the remainder of the former Prince of Wales-Outer Ketchikan Census Area (02-201) after part (Outer Ketchikan area) was annexed by Ketchikan Gateway Borough (02-130) effective May 19, 2008, and part (Meyers Chuck area) included in the new Wrangell City and Borough effective June 1, 2008; estimated population: 6,115. Prince of Wales-Hyder Census Area (02-198) added part of the former Petersburg Census Area (02-195) effective January 3, 2013; estimated added population 613.",,56.1152778,-133.1208333,Southeast,af275217-6ab8-4442-a7a8-047c865e2b6f
White Mountain,1411989,84070,Nome Census Area,1419977,99180,180,0,,Bering Straits Native Corporation,64.6813889,-163.4055556,Bering Straits,03fd2a7b-c694-478a-be3d-31ac75dd444f
Whitestone,2582719,84120,Southeast Fairbanks Census Area,1419983,99240,240,0,"Unpopulated part taken to create the new Denali Borough (02-068) effective December 7, 1990.",,64.1528375,-145.9064053,Railbelt,60fbbb16-0d49-43f0-9373-a4eeb38198f0
Whitestone Logging Camp,1866976,84200,Hoonah-Angoon Census Area,2371430,33390,105,0,"Created from the remainder of the former Skagway-Hoonah-Angoon Census Area (02-232) when the new Skagway Municipality (02-230) was created effective June 20, 2007; population: 2,574. Part taken to create new Petersburg Borough (02-195) effective January 3, 2013; estimated detached population: 1.",,58.0711111,-135.4297222,,c25b7d26-2ea4-467c-8b8d-18d3db101be4
Whittier,1415757,84510,Valdez-Cordova Census Area,1419984,99261,261,0,,Chugach Alaska Corporation,60.7730556,-148.6838889,Railbelt,52b88c78-4ad3-40dc-9084-2fba9736f94d
Willow,1417146,85280,Matanuska-Susitna Borough,1419976,99170,170,0,,,61.7472222,-150.0375000,Railbelt,53377138-3298-47f6-bf68-8bb04d22b61f
Willow Creek,1412074,85290,Valdez-Cordova Census Area,1419984,99261,261,0,,,61.8197222,-145.2122222,Copper River/Chugach,09f7d41b-9b1b-4a4c-a0fd-cc3d118168d4
Wiseman,1414284,85610,Yukon-Koyukuk Census Area,1419987,99290,290,0,"Part taken to create the new Denali Borough (02-068) effective December 7, 1990; 1990 detached population: 1,682.",,67.4100000,-150.1075000,,7aeac875-b74b-4ef1-acb5-5887b0c1d433
Womens Bay,1866977,85680,Kodiak Island Borough,1419974,99150,150,0,,,57.6822222,-152.6686111,Kodiak,69182079-affd-4ebf-ae26-a7dc3c9df5a1
Woody Island,2575186,-188,Kodiak Island Borough,1419974,99150,150,0,,"Koniag, Incorporated",57.7817370,-152.3490750,,14da4f76-0def-49f6-8be5-ac9046fc286a
Wrangell,1415843,86380,Wrangell City and Borough,2516402,99275,275,0,"Created from part of the former Wrangell-Petersburg Census Area (02-280) and part of Prince of Wales-Outer Ketchikan Census Area (02-201) (Meyers Chuck area) effective June 1, 2008; estimated population: 2,448. The remainder of the former Wrangell-Petersburg Census Area was established as the new Petersburg Census Area (02-195) effective June 1, 2008.",,56.4708333,-132.3766667,Southeast,7dc49d03-4394-46d6-a4f2-850b79e3f2b8
Yakutat,1415858,86490,Yakutat City and Borough,1419986,99282,282,0,"Created from part of the former Skagway-Yakutat-Angoon Census Area (02-231) effective September 22, 1992. The remainder of the former Skagway-Yakutat-Angoon Census Area was established as the new Skagway-Hoonah-Angoon Census Area (02-232) effective September 22, 1992; 1990 population: 725.",Sealaska Corporation,59.5469444,-139.7272222,Southeast,10c921c7-f6e4-45de-aedd-95e84fce89aa
