year,utility__name,utility__regulatory_status__name,utility__certificate,utility__utility_type__name,utility__eia_operator_id,community_names,residential_revenue,residential_sales,residential_customers,residential_rate,commercial_revenue,commercial_sales,commercial_customers,commercial_rate,other_revenue,other_sales,other_customers,other_rate,total_revenue,total_sales,total_customers,total_rate,source,notes
2011,Akiachak Native Community,Not regulated,1,Private Electric Utility,192,Akiachak,361,597,160,0.60,111,184,22,0.60,433,716,27,0.60,905,1496,209,0.60,PCE,
2011,Akiak City Council,Not regulated,1,Public Electric Utility,,Akiak,181,287,92,0.63,260,412,15,0.63,89,141,13,0.63,529,840,120,0.63,PCE,
2011,"Akutan, City of",Not regulated,1,Public Electric Utility,24486,Akutan,67,206,41,0.32,63,195,17,0.32,31,95,11,0.32,160,497,69,0.32,PCE,
2011,Alaska Electric Light & Power Company,Regulated,1,Private Electric Utility,213,Juneau,16931,139936,13842,0.12,12721,126493,2166,0.10,9273,98281,94,0.09,38925,364710,16102,0.11,EIA,
2011,Alaska Power & Telephone Company,Regulated,1,Private Electric Utility,219,"Allakaket, Alatna",186,217,75,0.86,138,161,19,0.86,192,224,17,0.86,517,601,111,0.86,PCE,Provides power to Alatna via intertie. Data includes Alatna's information.
2011,Alaska Power & Telephone Company,Regulated,1,Private Electric Utility,219,"Bettles, Evansville",81,128,33,0.64,40,62,10,0.64,215,339,21,0.64,336,529,64,0.64,PCE,Provides power to Evansville via intertie. Data includes Evansville's information.
2011,Alaska Power & Telephone Company,Regulated,1,Private Electric Utility,219,Chistochina,108,160,48,0.67,87,129,13,0.67,39,59,3,0.67,234,348,65,0.67,PCE,Receives power from Slana via intertie.
2011,Alaska Power & Telephone Company,Regulated,1,Private Electric Utility,219,Coffman Cove,250,536,148,0.47,52,111,29,0.47,65,140,13,0.47,367,787,190,0.47,PCE,Part of the Alaska Power Company's grid on Prince of Wales Island.
2011,Alaska Power & Telephone Company,Regulated,1,Private Electric Utility,219,Craig,918,3821,655,0.24,1353,5633,293,0.24,529,2202,73,0.24,2800,11655,1022,0.24,PCE,"Provides power to Hollis, Klawock, Thorne Bay/Kasaan and Hydaburg via intertie."
2011,Alaska Power & Telephone Company,Regulated,1,Private Electric Utility,219,"Dot Lake, Dot Lake Village",49,100,25,0.49,49,101,14,0.49,72,147,5,0.49,171,348,44,0.49,PCE,"Receives power form Tok via intertie. Dot Lake's data includes Dot Lake Village's information. For fuel use and cost information, please refer to Tok."
2011,Alaska Power & Telephone Company,Regulated,1,Private Electric Utility,219,"Eagle, Eagle Village",202,340,133,0.59,69,117,20,0.59,127,213,24,0.59,398,670,176,0.59,PCE,Provides power to Eagle Village via intertie. Data includes Eagle Village's information.
2011,Alaska Power & Telephone Company,Regulated,1,Private Electric Utility,219,Haines,1218,5534,1054,0.22,1077,4891,329,0.22,516,2344,49,0.22,2812,12769,1432,0.22,PCE,Plant is also referred to as Lutak. Part of the Alaska Power Company's grid in the Upper Lynn Canal service area.
2011,Alaska Power & Telephone Company,Regulated,1,Private Electric Utility,219,Healy Lake,22,27,8,0.83,27,32,7,0.83,10,12,4,0.83,59,72,19,0.83,PCE,
2011,Alaska Power & Telephone Company,Regulated,1,Private Electric Utility,219,Hollis,138,574,114,0.24,67,277,14,0.24,12,48,8,0.24,216,899,136,0.24,PCE,Part of the Alaska Power Company's grid on Prince of Wales Island. Receives power from Craig. Refer to Craig for fuel use and cost.
2011,Alaska Power & Telephone Company,Regulated,1,Private Electric Utility,219,Hydaburg,164,681,123,0.24,68,283,35,0.24,99,410,20,0.24,330,1374,178,0.24,PCE,Part of the Alaska Power Company's grid on Prince of Wales Island. Receives power from Craig. Refer to Craig for fuel use and cost.
2011,Alaska Power & Telephone Company,Regulated,1,Private Electric Utility,219,Klawock,552,2297,368,0.24,1196,4980,114,0.24,252,1049,35,0.24,2000,8326,517,0.24,PCE,Part of the Alaska Power Company's grid on Prince of Wales Island. Receives power from Craig. Refer to Craig for fuel use and cost.
2011,Alaska Power & Telephone Company,Regulated,1,Private Electric Utility,219,Mentasta Lake,98,146,47,0.67,74,110,11,0.67,66,99,8,0.67,239,356,66,0.67,PCE,
2011,Alaska Power & Telephone Company,Regulated,1,Private Electric Utility,219,Naukati Bay,164,296,60,0.55,32,57,7,0.55,40,72,1,0.55,235,425,69,0.55,PCE,
2011,Alaska Power & Telephone Company,Regulated,1,Private Electric Utility,219,"Northway, Northway Village",238,358,87,0.67,324,487,20,0.67,227,341,17,0.67,788,1186,125,0.67,PCE,Provides power to Northway Village via intertie. Data includes Northway Village's information.
2011,Alaska Power & Telephone Company,Regulated,1,Private Electric Utility,219,Skagway,670,3047,579,0.22,1544,7019,435,0.22,462,2101,88,0.22,2676,12167,1102,0.22,PCE,Plant is also referred to as Dewey Lake. Part of the Alaska Power Company's grid in the Upper Lynn Canal service area.
2011,Alaska Power & Telephone Company,Regulated,1,Private Electric Utility,219,"Slana, Chistochina",192,286,80,0.67,57,86,11,0.67,107,159,6,0.67,356,530,97,0.67,PCE,Provides power to Chistochina via intertie. Includes Chistochina's fuel use and fuel cost.
2011,Alaska Power & Telephone Company,Regulated,1,Private Electric Utility,219,Tetlin,80,163,44,0.49,8,17,5,0.49,75,152,6,0.49,163,333,55,0.49,PCE,Receives power from Tok via intertie. For fuel use and cost information please refer to Tok.
2011,Alaska Power & Telephone Company,Regulated,1,Private Electric Utility,219,"Thorne Bay, Kasaan",320,1334,285,0.24,233,971,104,0.24,209,868,54,0.24,762,3174,443,0.24,PCE,Part of the Alaska Power Company's grid on Prince of Wales Island. Receives power from Craig. Refer to Craig for fuel use and cost. Includes data for Kaasan.
2011,Alaska Power & Telephone Company,Regulated,1,Private Electric Utility,219,"Tok, Tanacross",1980,4038,749,0.49,1401,2857,172,0.49,797,1625,48,0.49,4178,8520,969,0.49,PCE,"Provides power to Tanacross, Tetlin and Dot Lake via intertie. Includes Tanacross' information. Fuel use and cost also includes Tetlin's and Dot Lake's information."
2011,Alaska Power & Telephone Company,Regulated,1,Private Electric Utility,219,Whale Pass,96,160,60,0.60,34,56,9,0.60,8,13,5,0.60,137,229,73,0.60,PCE,
2011,Alaska Village Electric Cooperative,Not regulated,1,Electric Co-op,221,Alakanuk,459,775,145,0.59,136,229,18,0.59,550,927,19,0.59,1145,1930,182,0.59,PCE,
2011,Alaska Village Electric Cooperative,Not regulated,1,Electric Co-op,221,Ambler,265,419,88,0.63,75,119,11,0.63,445,705,19,0.63,785,1243,119,0.63,PCE,
2011,Alaska Village Electric Cooperative,Not regulated,1,Electric Co-op,221,Anvik,95,160,57,0.59,33,56,9,0.59,102,173,21,0.59,230,389,86,0.59,PCE,
2011,Alaska Village Electric Cooperative,Not regulated,1,Electric Co-op,221,Brevig Mission,270,504,103,0.54,73,137,7,0.54,271,505,19,0.54,614,1146,130,0.54,PCE,
2011,Alaska Village Electric Cooperative,Not regulated,1,Electric Co-op,221,Chevak,495,1021,182,0.48,184,379,17,0.48,450,929,22,0.48,1128,2329,221,0.48,PCE,
2011,Alaska Village Electric Cooperative,Not regulated,1,Electric Co-op,221,Eek,210,348,98,0.60,86,142,12,0.60,171,284,17,0.60,467,773,127,0.60,PCE,
2011,Alaska Village Electric Cooperative,Not regulated,1,Electric Co-op,221,Ekwok,76,103,43,0.74,86,116,23,0.74,25,34,6,0.74,187,252,72,0.74,PCE,
2011,Alaska Village Electric Cooperative,Not regulated,1,Electric Co-op,221,Elim,272,462,103,0.59,136,232,13,0.59,245,416,22,0.59,653,1111,138,0.59,PCE,
2011,Alaska Village Electric Cooperative,Not regulated,1,Electric Co-op,221,Emmonak,596,1082,198,0.55,454,824,33,0.55,634,1152,30,0.55,1685,3058,261,0.55,PCE,
2011,Alaska Village Electric Cooperative,Not regulated,1,Electric Co-op,221,Gambell,374,717,155,0.52,174,333,14,0.52,379,727,20,0.52,927,1776,189,0.52,PCE,
2011,Alaska Village Electric Cooperative,Not regulated,1,Electric Co-op,221,Goodnews Bay,218,369,80,0.59,80,136,8,0.59,153,259,18,0.59,450,764,106,0.59,PCE,
2011,Alaska Village Electric Cooperative,Not regulated,1,Electric Co-op,221,Grayling,117,211,82,0.56,59,107,11,0.56,128,230,16,0.56,304,547,108,0.56,PCE,
2011,Alaska Village Electric Cooperative,Not regulated,1,Electric Co-op,221,Holy Cross,170,318,80,0.53,26,48,7,0.53,126,237,17,0.53,322,603,104,0.53,PCE,
2011,Alaska Village Electric Cooperative,Not regulated,1,Electric Co-op,221,Hooper Bay,611,1181,244,0.52,297,574,19,0.52,633,1224,27,0.52,1542,2980,290,0.52,PCE,
2011,Alaska Village Electric Cooperative,Not regulated,1,Electric Co-op,221,Huslia,293,539,90,0.54,31,56,9,0.54,216,397,22,0.54,540,992,121,0.54,PCE,
2011,Alaska Village Electric Cooperative,Not regulated,1,Electric Co-op,221,"Kalskag, Lower Kalskag",200,345,75,0.58,97,167,12,0.58,247,427,21,0.58,544,939,108,0.58,PCE,Provides power to Lower Kalskag via intertie. Fuel use and cost data includes information for Lower Kalskag.
2011,Alaska Village Electric Cooperative,Not regulated,1,Electric Co-op,221,Kaltag,154,296,76,0.52,32,62,15,0.52,170,327,19,0.52,356,685,110,0.52,PCE,
2011,Alaska Village Electric Cooperative,Not regulated,1,Electric Co-op,221,"Kasigluk, Nunapitchuk",324,610,125,0.53,199,374,19,0.53,304,572,20,0.53,826,1556,163,0.53,PCE,Provides power to Nunapitchuk via intertie.  Fuel use and cost includes Nunapitchuk's information.
2011,Alaska Village Electric Cooperative,Not regulated,1,Electric Co-op,221,Kiana,391,600,124,0.65,127,194,12,0.65,419,643,19,0.65,937,1437,155,0.65,PCE,
2011,Alaska Village Electric Cooperative,Not regulated,1,Electric Co-op,221,Kivalina,311,487,85,0.64,113,177,10,0.64,314,492,18,0.64,738,1155,112,0.64,PCE,
2011,Alaska Village Electric Cooperative,Not regulated,1,Electric Co-op,221,Kotlik,436,745,132,0.59,174,297,14,0.59,465,793,20,0.59,1075,1835,165,0.59,PCE,
2011,Alaska Village Electric Cooperative,Not regulated,1,Electric Co-op,221,Koyuk,276,502,91,0.55,133,241,19,0.55,294,533,21,0.55,703,1276,131,0.55,PCE,
2011,Alaska Village Electric Cooperative,Not regulated,1,Electric Co-op,221,Lower Kalskag,179,308,84,0.58,35,60,5,0.58,97,167,9,0.58,310,534,97,0.58,PCE,"Receives power from (Upper) Kalskag via intertie. For fuel use and cost, please refer to (Upper) Kalskag."
2011,Alaska Village Electric Cooperative,Not regulated,1,Electric Co-op,221,Marshall,287,569,112,0.50,104,207,14,0.50,412,818,25,0.50,804,1594,150,0.50,PCE,
2011,Alaska Village Electric Cooperative,Not regulated,1,Electric Co-op,221,Mekoryuk,178,325,102,0.55,94,172,19,0.55,211,387,27,0.55,483,884,148,0.55,PCE,
2011,Alaska Village Electric Cooperative,Not regulated,1,Electric Co-op,221,Minto,180,305,86,0.59,30,50,12,0.59,156,264,12,0.59,365,619,111,0.59,PCE,
2011,Alaska Village Electric Cooperative,Not regulated,1,Electric Co-op,221,Mountain Village,563,1036,181,0.54,266,490,16,0.54,634,1165,28,0.54,1463,2690,224,0.54,PCE,
2011,Alaska Village Electric Cooperative,Not regulated,1,Electric Co-op,221,New Stuyahok,387,623,110,0.62,185,299,28,0.62,314,506,16,0.62,887,1428,153,0.62,PCE,
2011,Alaska Village Electric Cooperative,Not regulated,1,Electric Co-op,221,Nightmute,149,287,78,0.52,58,111,12,0.52,103,199,16,0.52,310,598,107,0.52,PCE,"Receives power from Toksook Bay via intertie. For fuel use and cost, please refer to Toksook Bay."
2011,Alaska Village Electric Cooperative,Not regulated,1,Electric Co-op,221,Noatak,595,803,122,0.74,164,222,10,0.74,533,720,15,0.74,1292,1746,147,0.74,PCE,
2011,Alaska Village Electric Cooperative,Not regulated,1,Electric Co-op,221,Noorvik,576,939,141,0.61,121,197,10,0.61,496,808,19,0.61,1193,1943,170,0.61,PCE,
2011,Alaska Village Electric Cooperative,Not regulated,1,Electric Co-op,221,Nulato,275,516,112,0.53,26,49,7,0.53,292,549,27,0.53,593,1114,145,0.53,PCE,
2011,Alaska Village Electric Cooperative,Not regulated,1,Electric Co-op,221,Nunapitchuk,341,638,138,0.53,101,189,21,0.53,188,352,18,0.53,630,1179,177,0.53,PCE,Receives power from Kasigluk. Please refer to Kasigluk for fuel use and cost.
2011,Alaska Village Electric Cooperative,Not regulated,1,Electric Co-op,221,Old Harbor,215,373,101,0.58,51,89,13,0.58,169,293,16,0.58,435,756,131,0.58,PCE,
2011,Alaska Village Electric Cooperative,Not regulated,1,Electric Co-op,221,Pilot Station,387,723,133,0.54,127,237,13,0.54,389,726,20,0.54,903,1685,166,0.54,PCE,
2011,Alaska Village Electric Cooperative,Not regulated,1,Electric Co-op,221,Pitkas Point,68,137,44,0.50,33,67,7,0.50,87,176,8,0.50,189,380,59,0.50,PCE,"Receives power from Saint Mary's via intertie. For fuel use and cost, please refer to Saint Mary's."
2011,Alaska Village Electric Cooperative,Not regulated,1,Electric Co-op,221,Quinhagak,431,803,164,0.54,216,402,17,0.54,284,529,18,0.54,931,1734,200,0.54,PCE,
2011,Alaska Village Electric Cooperative,Not regulated,1,Electric Co-op,221,Russian Mission,209,382,83,0.55,49,90,13,0.55,333,610,15,0.55,591,1082,112,0.55,PCE,
2011,Alaska Village Electric Cooperative,Not regulated,1,Electric Co-op,221,"Saint Mary's, Andreafsky, Pitkas Point",409,828,186,0.49,403,816,34,0.49,523,1060,29,0.49,1334,2703,249,0.49,PCE,Provides power to Andreafsky and Pitkas Point via intertie. Includes Andreafsky's information. Fuel use and cost also includes Pitkas Point.
2011,Alaska Village Electric Cooperative,Not regulated,1,Electric Co-op,221,Saint Michael,348,629,103,0.55,205,371,12,0.55,378,683,18,0.55,931,1683,133,0.55,PCE,
2011,Alaska Village Electric Cooperative,Not regulated,1,Electric Co-op,221,Savoonga,429,874,157,0.49,174,355,13,0.49,428,871,26,0.49,1031,2100,196,0.49,PCE,
2011,Alaska Village Electric Cooperative,Not regulated,1,Electric Co-op,221,Scammon Bay,340,601,110,0.57,131,231,19,0.57,480,847,20,0.57,951,1678,149,0.57,PCE,
2011,Alaska Village Electric Cooperative,Not regulated,1,Electric Co-op,221,Selawik,624,1086,165,0.57,222,387,23,0.57,720,1253,29,0.57,1566,2726,216,0.57,PCE,
2011,Alaska Village Electric Cooperative,Not regulated,1,Electric Co-op,221,Shageluk,69,115,51,0.60,56,93,8,0.60,83,138,11,0.60,207,345,69,0.60,PCE,
2011,Alaska Village Electric Cooperative,Not regulated,1,Electric Co-op,221,Shaktoolik,226,393,75,0.58,127,220,12,0.58,157,272,15,0.58,510,886,101,0.58,PCE,
2011,Alaska Village Electric Cooperative,Not regulated,1,Electric Co-op,221,Shishmaref,432,731,139,0.59,223,377,18,0.59,280,473,23,0.59,934,1580,180,0.59,PCE,
2011,Alaska Village Electric Cooperative,Not regulated,1,Electric Co-op,221,"Shungnak, Kobuk",282,388,68,0.73,525,722,14,0.73,287,394,15,0.73,1094,1505,97,0.73,PCE,Provides power to Kobuk via intertie. Fuel use and cost includes Kobuk's information.
2011,Alaska Village Electric Cooperative,Not regulated,1,Electric Co-op,221,Stebbins,318,569,149,0.56,153,273,15,0.56,282,506,20,0.56,752,1348,184,0.56,PCE,
2011,Alaska Village Electric Cooperative,Not regulated,1,Electric Co-op,221,Teller,180,288,80,0.62,101,162,13,0.62,211,339,19,0.62,492,789,111,0.62,PCE,
2011,Alaska Village Electric Cooperative,Not regulated,1,Electric Co-op,221,Togiak,738,1298,249,0.57,445,783,25,0.57,486,855,32,0.57,1669,2936,306,0.57,PCE,
2011,Alaska Village Electric Cooperative,Not regulated,1,Electric Co-op,221,"Toksook Bay, Nightmute, Tununak",363,702,133,0.52,111,215,14,0.52,315,610,24,0.52,790,1527,170,0.52,PCE,Provides power to Nightmute and Tununak via intertie. Fuel use and cost includes Nightmute's and Tununak's information.
2011,Alaska Village Electric Cooperative,Not regulated,1,Electric Co-op,221,Tununak,235,453,107,0.52,47,90,12,0.52,149,288,16,0.52,430,831,135,0.52,PCE,"Receives power from Toksook Bay via intertie. For fuel use and cost, please refer to Toksook Bay."
2011,Alaska Village Electric Cooperative,Not regulated,1,Electric Co-op,221,Wales,151,234,51,0.64,65,101,9,0.64,128,199,13,0.64,345,535,72,0.64,PCE,
2011,Alutiiq Power Company,"Regulated, rate exemption",1,Private Electric Utility,,Karluk,52,86,13,0.60,64,107,11,0.60,14,23,3,0.60,130,216,27,0.60,PCE,
2011,Anchorage Municipal Light & Power,Regulated,1,Public Electric Utility,599,Anchorage,18733,143844,24302,0.13,97883,967799,6301,0.10,0,0,0,,116616,1111643,30603,0.10,EIA,
2011,Aniak Light & Power,Regulated,1,Private Electric Utility,4959,Aniak,697,970,181,0.72,526,732,29,0.72,318,442,11,0.72,1541,2144,221,0.72,PCE,
2011,"Atka, City of",Not regulated,1,Public Electric Utility,56256,Atka,115,163,28,0.70,88,125,10,0.70,71,101,21,0.70,273,389,59,0.70,PCE,
2011,Atmautluak Tribal Utilities,Not regulated,1,Private Electric Utility,878,Atmautluak,203,291,71,0.70,155,221,6,0.70,39,56,10,0.70,397,568,87,0.70,PCE,
2011,Barrow Utilities & Electric Cooperative Inc.,Not regulated,1,Electric Co-op,1276,Barrow,1304,11253,1456,0.12,3917,38799,394,0.10,0,0,0,,5221,50052,1850,0.10,EIA,
2011,Beaver Joint Utilities,Not regulated,1,Private Electric Utility,,Beaver,71,109,41,0.65,71,110,9,0.65,51,78,7,0.65,193,297,56,0.65,PCE,
2011,Bethel Utilities Corporation,Regulated,1,Private Electric Utility,1651,"Bethel, Oscarville",5260,10245,1702,0.51,12904,25136,1020,0.51,2103,4096,52,0.51,20267,39477,2773,0.51,PCE,Provides power to Oscarville and sells power to Napakiak Ircinraq via intertie. Data includes Oscarville's information.
2011,"Buckland, City of",Not regulated,1,Public Electric Utility,,Buckland,248,523,84,0.47,340,718,16,0.47,37,79,6,0.47,625,1319,106,0.47,PCE,
2011,Chalkyitsik Village Council,"Regulated, rate exemption",1,Private Electric Utility,,Chalkyitsik,57,60,40,0.95,45,47,6,0.95,102,107,5,0.95,203,214,51,0.95,PCE,
2011,Chenega Ira Council,"Regulated, rate exemption",1,Private Electric Utility,,Chenega Bay,47,109,25,0.44,56,129,11,0.44,23,53,9,0.44,127,291,45,0.44,PCE,
2011,"Chignik, City of",Not regulated,1,Private Electric Utility,3421,Chignik,92,193,60,0.48,235,494,28,0.48,47,98,11,0.48,374,786,98,0.48,PCE,
2011,Chignik Lagoon Power Utility,"Regulated, rate exemption",1,Private Electric Utility,,Chignik Lagoon,163,235,53,0.69,101,146,7,0.69,48,70,11,0.69,312,451,71,0.69,PCE,
2011,Chignik Lake Electric Utility,Not regulated,1,Private Electric Utility,,Chignik Lake,54,80,35,0.67,24,35,2,0.67,43,64,11,0.67,121,180,48,0.67,PCE,
2011,Chitina Electric Inc,Not regulated,1,Private Electric Utility,3465,Chitina,105,167,52,0.63,152,242,24,0.63,44,70,6,0.63,302,480,83,0.63,PCE,
2011,Chugach Electric Assn Inc,Regulated,1,Electric Co-op,3522,,77575,545129,69729,0.14,68050,567652,9230,0.12,5849,53555,7,0.11,151474,1166336,78966,0.13,EIA,
2011,Circle Electric Utility,Not regulated,1,Private Electric Utility,,Circle,103,133,38,0.77,70,90,8,0.77,105,135,6,0.77,278,359,51,0.77,PCE,
2011,Copper Valley Elec Assn Inc,Not regulated,1,Private Electric Utility,4329,Valdez,5174,18193,2978,0.28,15352,62228,787,0.25,0,0,0,,20526,80421,3765,0.26,EIA,
2011,Cordova Electric Cooperative,Not regulated,1,Electric Co-op,40215,"Cordova, Eyak",2135,5069,836,0.42,6704,15918,635,0.42,1973,4684,109,0.42,10812,25671,1580,0.42,PCE,
2011,Diomede Joint Utilities,Not regulated,1,Public Electric Utility,,Diomede,83,138,49,0.60,148,247,13,0.60,26,44,6,0.60,258,429,69,0.60,PCE,
2011,Egegik Light & Power Co,Not regulated,1,Public Electric Utility,57351,Egegik,65,75,43,0.86,95,110,17,0.86,59,69,19,0.86,218,254,78,0.86,PCE,
2011,Elfin Cove Utility Commission,Not regulated,1,Electric Co-op,5721,Elfin Cove,54,73,41,0.75,122,164,31,0.75,9,12,7,0.75,185,248,79,0.75,PCE,
2011,"False Pass, City of",Not regulated,1,Public Electric Utility,,False Pass,44,86,26,0.51,110,215,13,0.51,45,88,12,0.51,200,389,51,0.51,PCE,
2011,G & K Inc,Regulated,1,Private Electric Utility,6866,Cold Bay,135,189,37,0.72,574,803,23,0.72,1004,1404,57,0.72,1713,2395,117,0.72,PCE,
2011,Gold Country Energy,Regulated,1,Private Electric Utility,56739,Central,206,266,138,0.78,43,55,8,0.78,92,118,8,0.78,341,439,153,0.78,PCE,
2011,Golden Valley Elec Assn Inc,Regulated,1,Private Electric Utility,7353,,68389,305090,37835,0.22,28777,138534,6417,0.21,144491,846303,483,0.17,241657,1289927,44735,0.19,EIA,
2011,Golovin Power Utilities,Not regulated,1,Public Electric Utility,,Golovin,131,226,55,0.58,139,240,26,0.58,58,101,12,0.58,327,567,93,0.58,PCE,
2011,Gustavus Electric Co,Regulated,1,Private Electric Utility,7822,Gustavus,407,912,429,0.45,260,582,120,0.45,148,332,30,0.45,815,1826,579,0.45,PCE,
2011,Gwitchyaa Zhee Utilities Company,Regulated,1,Private Electric Utility,7833,Fort Yukon,660,1104,263,0.60,605,1012,68,0.60,381,637,30,0.60,1646,2754,361,0.60,PCE,
2011,Homer Electric Assn Inc,Regulated,1,Private Electric Utility,19558,,35185,178368,25634,0.20,31514,177569,3834,0.18,9509,118432,25,0.08,76208,474369,29493,0.16,EIA,"Generation from Bradley Lake is shared among Chugach, AML&P, HEA, MEA, Seward Electric and GVEA"
2011,Hughes Power & Light,Not regulated,1,Public Electric Utility,9000,Hughes,99,139,37,0.71,54,76,9,0.71,59,83,5,0.71,212,298,51,0.71,PCE,
2011,Igiugig Electric Company,"Regulated, rate exemption",1,Private Electric Utility,9192,Igiugig,72,89,24,0.80,75,93,9,0.80,72,90,14,0.80,219,273,47,0.80,PCE,
2011,"I-N-N Electric Coop, Inc",Not regulated,1,Electric Co-op,9188,"Iliamna, Newhalen, Nondalton",577,972,195,0.59,849,1428,91,0.59,314,529,24,0.59,1740,2929,310,0.59,PCE,"Power produced at the Tazimina hydroelectric project and the Newhalen plant is shared by Iliamna, Newhalen and Nondalton. Newhalen's information is included in Nondalton's data."
2011,Inside Passage Electric,Regulated,1,Electric Co-op,18963,Angoon,605,968,197,0.63,375,599,27,0.63,183,293,14,0.63,1163,1861,239,0.63,PCE,
2011,Inside Passage Electric,Regulated,1,Electric Co-op,18963,Chilkat Valley,437,704,201,0.62,257,414,29,0.62,13,21,9,0.62,707,1139,238,0.62,PCE,Provides power to Klukwan via intertie. Power is purchased from AP&T.
2011,Inside Passage Electric,Regulated,1,Electric Co-op,18963,Hoonah,1117,1798,358,0.62,1144,1840,57,0.62,489,787,43,0.62,2750,4425,458,0.62,PCE,
2011,Inside Passage Electric,Regulated,1,Electric Co-op,18963,Kake,656,1057,224,0.62,746,1203,49,0.62,171,275,21,0.62,1573,2535,294,0.62,PCE,
2011,Inside Passage Electric,Regulated,1,Electric Co-op,18963,Klukwan,137,221,47,0.62,57,92,7,0.62,39,62,8,0.62,233,375,62,0.62,PCE,Receives power from Chilkat Valley via intertie. Chilkat Valley purchases power from AP&T.
2011,Ketchikan Public Utilities,Not regulated,1,Public Electric Utility,10210,Ketchikan,7234,70815,6208,0.10,6837,70657,1223,0.10,1953,23242,12,0.08,16013,164714,7443,0.10,EIA,
2011,"King Cove, City of",Not regulated,1,Public Electric Utility,9897,King Cove,321,1148,127,0.28,409,1459,210,0.28,378,1351,36,0.28,1109,3957,373,0.28,PCE,
2011,Kipnuk Light Plant,Regulated,1,Private Electric Utility,,Kipnuk,444,773,165,0.57,197,343,31,0.57,142,248,13,0.57,783,1365,209,0.57,PCE,
2011,Kobuk Valley Electric Company,,1,Electric Co-op,,Kobuk,145,166,33,0.87,158,181,12,0.87,133,153,8,0.87,435,500,54,0.87,PCE,"Receives power from Shungnak via intertie. For fuel use and cost, please refer to Shungnak. On July 1, 2012, AVEC took over operations in Kobuk."
2011,Kodiak Electric Assn Inc,Regulated,1,Electric Co-op,10433,Kodiak,6493,34125,4689,0.19,3982,21537,1032,0.18,14987,86308,99,0.17,25453,141970,5820,0.18,EIA,
2011,Kokhanok Village Council,"Regulated, rate exemption",1,Public Electric Utility,10455,Kokhanok,160,178,55,0.90,50,55,6,0.90,153,171,14,0.90,364,404,75,0.90,PCE,
2011,Kotzebue Electric Association,Not regulated,1,Electric Co-op,10451,Kotzebue,3085,7389,975,0.42,4420,10584,107,0.42,1236,2960,93,0.42,8741,20933,1175,0.42,PCE,
2011,"Koyukuk, City of",Not regulated,1,Public Electric Utility,,Koyukuk,60,121,57,0.49,41,84,5,0.49,30,62,10,0.49,131,267,72,0.49,PCE,
2011,Kwethluk Incorporated d/b/a Kuiggluum Kallugvia,Not regulated,1,Private Electric Utility,9832,Kwethluk,324,624,179,0.52,131,252,8,0.52,70,134,14,0.52,525,1010,201,0.52,PCE,
2011,Kwigillingok Power Company,Not regulated,1,Private Electric Utility,10491,Kwigillingok,260,435,84,0.60,238,399,12,0.60,48,81,12,0.60,547,916,108,0.60,PCE,
2011,Larsen Bay Utility Company,Not regulated,1,Public Electric Utility,10716,Larsen Bay,72,173,44,0.42,109,262,26,0.42,73,175,11,0.42,253,610,82,0.42,PCE,
2011,Levelock Electrical Coop,Not regulated,1,Electric Co-op,,Levelock,110,158,34,0.70,73,104,9,0.70,68,96,11,0.70,251,358,54,0.70,PCE,
2011,Manokotak Power Company,Not regulated,1,Private Electric Utility,26317,Manokotak,299,543,147,0.55,75,137,19,0.55,299,543,27,0.55,673,1223,193,0.55,PCE,
2011,Matanuska Electric Association,Regulated,1,Electric Co-op,11824,,68212,451449,53239,0.15,33796,265746,3668,0.13,0,0,0,,102008,717195,56907,0.14,EIA,
2011,Mcgrath Light & Power,Regulated,1,Private Electric Utility,12119,McGrath,362,710,188,0.51,451,884,60,0.51,481,945,55,0.51,1294,2540,303,0.51,PCE,
2011,Metlakatla Power & Light,Regulated,1,Private Electric Utility,12385,Metlakatla,772,8455,641,0.09,1185,9881,210,0.12,11,60,67,0.18,1968,18396,918,0.11,EIA,
2011,Middle Kuskokwim Electric,Regulated,1,Electric Co-op,12485,Chuathbaluk,100,118,33,0.85,93,109,6,0.85,23,27,8,0.85,216,254,47,0.85,PCE,
2011,Middle Kuskokwim Electric,Regulated,1,Electric Co-op,12485,Crooked Creek,87,102,33,0.85,90,106,8,0.85,43,51,8,0.85,219,258,49,0.85,PCE,
2011,Middle Kuskokwim Electric,Regulated,1,Electric Co-op,12485,Red Devil,48,57,16,0.85,20,23,3,0.85,12,14,4,0.85,80,94,23,0.85,PCE,
2011,Middle Kuskokwim Electric,Regulated,1,Electric Co-op,12485,Sleetmute,88,103,31,0.85,56,66,7,0.85,71,83,8,0.85,214,252,46,0.85,PCE,
2011,Middle Kuskokwim Electric,Regulated,1,Electric Co-op,12485,Stony River,36,43,18,0.85,42,49,5,0.85,17,20,3,0.85,95,111,26,0.85,PCE,
2011,Naknek Electric Association,Not regulated,1,Electric Co-op,13201,"Naknek, King Salmon, South Naknek",1707,3384,741,0.50,4834,9580,245,0.50,2761,5472,136,0.50,9302,18436,1123,0.50,PCE,Provides power to South Naknek and King Salmon via intertie. Data includes South Naknek's and King Salmon's information.
2011,Napakiak Ircinraq,Not regulated,1,Private Electric Utility,13211,Napakiak,297,359,112,0.83,139,169,17,0.83,61,74,12,0.83,497,602,140,0.83,PCE,Purchases power from Bethel Utilities Corporation
2011,Napaskiak Electric Utility,Not regulated,1,Private Electric Utility,,Napaskiak,283,444,107,0.64,137,215,5,0.64,58,91,13,0.64,478,750,125,0.64,PCE,
2011,Naterkaq Light Plant (City of Chefornak),Not regulated,1,Private Electric Utility,3422,Chefornak,243,420,95,0.58,107,186,7,0.58,282,488,25,0.58,632,1093,127,0.58,PCE,
2011,Native Village of Perryville,"Regulated, rate exemption",1,Private Electric Utility,14832,Perryville,117,123,45,0.95,150,158,10,0.95,58,61,8,0.95,325,342,63,0.95,PCE,
2011,Nelson Lagoon Electrical Coop,Not regulated,1,Electric Co-op,13477,Nelson Lagoon,118,154,36,0.76,119,156,13,0.76,48,63,11,0.76,286,373,60,0.76,PCE,
2011,New Koliganek Village Council,"Regulated, rate exemption",1,Private Electric Utility,,Koliganek,130,258,70,0.50,36,70,7,0.50,142,281,23,0.50,308,610,100,0.50,PCE,
2011,"Nikolai, City of",Not regulated,1,Public Electric Utility,,Nikolai,127,158,35,0.80,56,70,6,0.80,85,106,13,0.80,269,334,54,0.80,PCE,
2011,Nome Joint Utility Systems,Not regulated,1,Private Electric Utility,13642,Nome,3338,9217,1701,0.36,6087,16807,281,0.36,2446,6752,126,0.36,11871,32776,2107,0.36,PCE,
2011,North Slope Borough Power & Light,Not regulated,1,Public Electric Utility,26616,Anaktuvuk Pass,98,653,92,0.15,385,2570,59,0.15,11,70,4,0.15,494,3293,155,0.15,PCE,
2011,North Slope Borough Power & Light,Not regulated,1,Public Electric Utility,26616,Atqasuk,88,584,58,0.15,348,2321,56,0.15,13,89,4,0.15,449,2994,118,0.15,PCE,
2011,North Slope Borough Power & Light,Not regulated,1,Public Electric Utility,26616,Kaktovik,97,649,79,0.15,501,3337,49,0.15,129,860,10,0.15,727,4846,138,0.15,PCE,
2011,North Slope Borough Power & Light,Not regulated,1,Public Electric Utility,26616,Nuiqsut,72,895,105,0.08,284,3555,66,0.08,9,117,5,0.08,365,4567,176,0.08,PCE,
2011,North Slope Borough Power & Light,Not regulated,1,Public Electric Utility,26616,Point Hope,249,1659,181,0.15,484,3223,77,0.15,42,281,8,0.15,774,5163,266,0.15,PCE,
2011,North Slope Borough Power & Light,Not regulated,1,Public Electric Utility,26616,Point Lay,63,420,56,0.15,276,1838,45,0.15,15,99,3,0.15,354,2357,103,0.15,PCE,
2011,North Slope Borough Power & Light,Not regulated,1,Public Electric Utility,26616,Wainwright,173,1150,141,0.15,510,3399,72,0.15,20,131,6,0.15,702,4680,219,0.15,PCE,
2011,Nunam Iqua Electric Company,Not regulated,1,Public Electric Utility,,Nunam Iqua,92,174,41,0.53,201,380,7,0.53,115,217,10,0.53,408,771,57,0.53,PCE,
2011,Nushagak Electric Cooperative,Not regulated,1,Electric Co-op,13870,"Dillingham, Aleknagik",2279,5695,1001,0.40,4241,10597,389,0.40,691,1727,101,0.40,7212,18020,1490,0.40,PCE,Provides power to Aleknagik via intertie. Data includes Aleknagik's information.
2011,"Ouzinkie, City of",Not regulated,1,Public Electric Utility,14234,Ouzinkie,135,325,77,0.41,100,243,10,0.41,44,106,8,0.41,279,674,94,0.41,PCE,
2011,Pedro Bay Village Council,"Regulated, rate exemption",1,Private Electric Utility,14633,Pedro Bay,59,65,23,0.91,93,103,10,0.91,30,33,6,0.91,183,201,38,0.91,PCE,
2011,Pelican Utility,Not regulated,1,Public Electric Utility,29297,Pelican,228,333,68,0.69,125,182,14,0.69,135,197,27,0.69,488,711,108,0.69,PCE,
2011,"Petersburg, City of",Not regulated,1,Public Electric Utility,14856,Petersburg,2007,20389,1367,0.10,1001,8580,713,0.12,2330,21706,37,0.11,5337,50675,2117,0.11,EIA,
2011,Pilot Point Electric Utility,Not regulated,1,Public Electric Utility,,Pilot Point,84,167,39,0.50,61,123,15,0.50,53,107,15,0.50,198,396,69,0.50,PCE,
2011,Port Heiden Utilities,Not regulated,1,Public Electric Utility,,Port Heiden,147,195,45,0.75,104,138,27,0.75,190,253,12,0.75,440,587,84,0.75,PCE,
2011,Puvurnaq Power Company,"Regulated, rate exemption",1,Private Electric Utility,,Kongiganak,283,507,105,0.56,97,173,15,0.56,55,98,10,0.56,435,779,129,0.56,PCE,
2011,"Ruby, City of",Not regulated,1,Public Electric Utility,,Ruby,207,247,131,0.84,242,288,14,0.84,106,126,22,0.84,555,661,167,0.84,PCE,
2011,"Saint George, City of",Not regulated,1,Public Electric Utility,,Saint George,101,121,42,0.83,76,91,15,0.83,150,181,21,0.83,327,392,78,0.83,PCE,
2011,Saint Paul Municipal Electric,Not regulated,1,Public Electric Utility,17898,Saint Paul,429,826,142,0.52,715,1378,33,0.52,757,1458,48,0.52,1901,3661,223,0.52,PCE,
2011,"Seward, City of",Not regulated,1,Public Electric Utility,16955,Seward,3123,16246,2053,0.19,1724,8464,496,0.20,5319,32544,122,0.16,10166,57254,2671,0.18,EIA,
2011,"Sitka, City & Borough of",Not regulated,1,Public Electric Utility,17271,Sitka,4573,48297,3682,0.09,5442,58422,1603,0.09,522,5563,16,0.09,10537,112282,5301,0.09,EIA,
2011,Takotna Community Assoc Inc,Not regulated,1,Public Electric Utility,,Takotna,57,56,23,1.02,64,63,13,1.02,56,55,6,1.02,177,173,42,1.02,PCE,
2011,Tanalian Electric Cooperative,Not regulated,1,Public Electric Utility,,Port Alsworth,177,260,62,0.68,182,267,31,0.68,54,79,15,0.68,414,606,109,0.68,PCE,
2011,Tanana Power Company Inc,Regulated,1,Private Electric Utility,18474,Tanana,212,298,104,0.71,292,410,35,0.71,258,361,19,0.71,763,1069,158,0.71,PCE,
2011,Tatitlek Village Ira Council,Regulated,1,Private Electric Utility,18480,Tatitlek,86,138,40,0.62,53,85,14,0.62,103,165,11,0.62,242,388,65,0.62,PCE,
2011,TDX Adak Generating LLC,Regulated,1,Public Electric Utility,,Adak,301,371,106,0.81,796,980,62,0.81,512,630,27,0.81,1608,1982,195,0.81,PCE,
2011,TDX Corporation,Regulated,1,Private Electric Utility,,Sand Point,862,1475,288,0.58,1012,1733,162,0.58,380,651,44,0.58,2254,3860,494,0.58,PCE,
2011,TDX Manley Generating LLC,Regulated,1,Private Electric Utility,56503,Manley Hot Springs,106,158,82,0.67,112,166,15,0.67,12,17,4,0.67,230,341,102,0.67,PCE,
2011,"Tenakee Springs, City of",Not regulated,1,Public Electric Utility,18541,Tenakee Springs,165,239,123,0.69,57,84,21,0.69,25,37,14,0.69,248,360,158,0.69,PCE,
2011,Tuluksak Traditional,"Regulated, rate exemption",1,Private Electric Utility,,Tuluksak,160,266,85,0.60,95,159,10,0.60,43,71,6,0.60,298,497,100,0.60,PCE,
2011,Tuntutuliak Community,"Regulated, rate exemption",1,Electric Co-op,19267,Tuntutuliak,268,412,92,0.65,266,409,26,0.65,47,73,13,0.65,580,893,130,0.65,PCE,
2011,Twin Hills Village Council,Not regulated,1,Private Electric Utility,,Twin Hills,56,102,28,0.55,26,47,4,0.55,30,54,8,0.55,113,203,40,0.55,PCE,
2011,Umnak Power Company,Not regulated,1,Private Electric Utility,,Nikolski,31,52,15,0.60,68,113,11,0.60,19,32,6,0.60,119,198,32,0.60,PCE,
2011,Unalakleet Valley Electric Cooperative,Regulated,1,Electric Co-op,40548,Unalakleet,584,1491,284,0.39,748,1910,44,0.39,284,725,30,0.39,1615,4127,358,0.39,PCE,
2011,"Unalaska, City of",Not regulated,1,Public Electric Utility,19454,Unalaska,1770,3971,689,0.45,15235,34175,182,0.45,1536,3445,75,0.45,18541,41590,945,0.45,PCE,
2011,Ungusraq Power Company,Not regulated,1,Private Electric Utility,,Newtok,199,249,67,0.80,91,114,16,0.80,32,40,6,0.80,323,404,89,0.80,PCE,
2011,"White Mountain, City of",Not regulated,1,Public Electric Utility,20535,White Mountain,81,118,67,0.69,108,157,18,0.69,48,70,13,0.69,237,345,98,0.69,PCE,
2011,"Wrangell, City of",Not regulated,1,Public Electric Utility,21015,Wrangell,1506,14183,1050,0.11,2096,19585,578,0.11,0,0,0,,3602,33768,1628,0.11,EIA,
2011,Yakutat Power Inc,Not regulated,1,Public Electric Utility,30150,Yakutat,723,1437,275,0.50,1680,3340,85,0.50,598,1189,60,0.50,3001,5966,420,0.50,PCE,
2012,Akiachak Native Community,Not regulated,1,Private Electric Utility,192,Akiachak,416,693,177,0.60,105,176,18,0.60,515,858,21,0.60,1036,1727,216,0.60,pce,
2012,Akiak City Council,Not regulated,1,Public Electric Utility,,Akiak,194,308,96,0.63,299,475,15,0.63,133,211,13,0.63,626,994,123,0.63,pce,
2012,"Akutan, City of",Not regulated,1,Public Electric Utility,24486,Akutan,64,198,41,0.32,65,201,16,0.32,25,79,12,0.32,154,478,69,0.32,pce,
2012,Alaska Electric Light & Power Company,Regulated,1,Private Electric Utility,213,Juneau,16970,142255,13912,0.12,12857,129783,2174,0.10,11993,127106,94,0.09,41820,399144,16180,0.10,eia,
2012,Alaska Power & Telephone Company,Regulated,1,Private Electric Utility,219,"Allakaket, Alatna",211,218,72,0.96,177,183,16,0.96,224,232,16,0.96,611,634,104,0.96,pce,
2012,Alaska Power & Telephone Company,Regulated,1,Private Electric Utility,219,"Bettles, Evansville",93,124,30,0.75,53,72,11,0.75,251,336,21,0.75,397,532,62,0.75,pce,
2012,Alaska Power & Telephone Company,Regulated,1,Private Electric Utility,219,Chistochina,128,183,49,0.70,85,122,15,0.70,27,39,3,0.70,241,344,66,0.70,pce,
2012,Alaska Power & Telephone Company,Regulated,1,Private Electric Utility,219,Coffman Cove,159,541,146,0.29,39,133,33,0.29,37,125,13,0.29,235,800,193,0.29,pce,
2012,Alaska Power & Telephone Company,Regulated,1,Private Electric Utility,219,Craig,934,3753,651,0.25,1370,5505,294,0.25,534,2144,71,0.25,2838,11401,1015,0.25,pce,
2012,Alaska Power & Telephone Company,Regulated,1,Private Electric Utility,219,"Dot Lake, Dot Lake Village",56,116,26,0.48,50,103,13,0.48,62,129,6,0.48,167,348,45,0.48,pce,
2012,Alaska Power & Telephone Company,Regulated,1,Private Electric Utility,219,"Eagle, Eagle Village",249,375,135,0.66,81,122,18,0.66,123,186,23,0.66,453,683,177,0.66,pce,
2012,Alaska Power & Telephone Company,Regulated,1,Private Electric Utility,219,"Haines, Covenant Life",1305,5521,1053,0.24,1112,4704,326,0.24,512,2164,52,0.24,2930,12389,1431,0.24,pce,
2012,Alaska Power & Telephone Company,Regulated,1,Private Electric Utility,219,Healy Lake,22,23,6,0.93,30,32,4,0.93,8,8,2,0.93,59,63,12,0.93,pce,
2012,Alaska Power & Telephone Company,Regulated,1,Private Electric Utility,219,Hollis,141,569,117,0.25,70,282,15,0.25,13,50,8,0.25,224,902,140,0.25,pce,
2012,Alaska Power & Telephone Company,Regulated,1,Private Electric Utility,219,Hydaburg,171,686,122,0.25,66,265,38,0.25,86,346,16,0.25,324,1297,177,0.25,pce,
2012,Alaska Power & Telephone Company,Regulated,1,Private Electric Utility,219,Klawock,581,2336,377,0.25,1277,5132,116,0.25,255,1026,35,0.25,2113,8494,528,0.25,pce,
2012,Alaska Power & Telephone Company,Regulated,1,Private Electric Utility,219,Mentasta Lake,114,162,53,0.70,74,107,9,0.70,70,100,8,0.70,258,369,70,0.70,pce,
2012,Alaska Power & Telephone Company,Regulated,1,Private Electric Utility,219,Naukati Bay,155,268,59,0.58,34,59,7,0.58,35,61,1,0.58,225,389,67,0.58,pce,
2012,Alaska Power & Telephone Company,Regulated,1,Private Electric Utility,219,"Northway, Northway Village, Northway Junction",252,374,88,0.68,323,479,21,0.68,227,336,19,0.68,803,1189,128,0.68,pce,
2012,Alaska Power & Telephone Company,Regulated,1,Private Electric Utility,219,Skagway,714,3015,582,0.24,1632,6892,438,0.24,496,2095,90,0.24,2842,12002,1110,0.24,pce,
2012,Alaska Power & Telephone Company,Regulated,1,Private Electric Utility,219,Slana,207,296,78,0.70,52,75,11,0.70,99,142,7,0.70,358,513,96,0.70,pce,
2012,Alaska Power & Telephone Company,Regulated,1,Private Electric Utility,219,Tetlin,81,169,43,0.48,9,18,5,0.48,73,153,6,0.48,162,340,54,0.48,pce,
2012,Alaska Power & Telephone Company,Regulated,1,Private Electric Utility,219,"Thorne Bay, Kasaan",347,1397,291,0.25,266,1072,107,0.25,221,889,53,0.25,835,3359,452,0.25,pce,
2012,Alaska Power & Telephone Company,Regulated,1,Private Electric Utility,219,"Tok, Tanacross",1953,4100,763,0.48,1318,2766,162,0.48,720,1512,48,0.48,3991,8378,973,0.48,pce,
2012,Alaska Power & Telephone Company,Regulated,1,Private Electric Utility,219,Whale Pass,109,173,62,0.63,42,67,8,0.63,15,24,4,0.63,167,264,75,0.63,pce,
2012,Alaska Village Electric Cooperative,Not regulated,1,Electric Co-op,221,Alakanuk,496,786,160,0.63,200,317,19,0.63,533,845,19,0.63,1228,1948,198,0.63,pce,
2012,Alaska Village Electric Cooperative,Not regulated,1,Electric Co-op,221,Ambler,292,434,85,0.67,97,145,11,0.67,466,692,19,0.67,855,1271,115,0.67,pce,
2012,Alaska Village Electric Cooperative,Not regulated,1,Electric Co-op,221,Anvik,103,158,41,0.65,47,73,8,0.65,113,174,20,0.65,263,405,69,0.65,pce,
2012,Alaska Village Electric Cooperative,Not regulated,1,Electric Co-op,221,Brevig Mission,288,526,97,0.55,88,161,9,0.55,258,471,17,0.55,634,1158,123,0.55,pce,
2012,Alaska Village Electric Cooperative,Not regulated,1,Electric Co-op,221,Chevak,559,1082,209,0.52,206,399,17,0.52,525,1017,24,0.52,1290,2497,249,0.52,pce,
2012,Alaska Village Electric Cooperative,Not regulated,1,Electric Co-op,221,Eek,240,350,103,0.69,104,151,12,0.69,201,294,17,0.69,544,794,132,0.69,pce,
2012,Alaska Village Electric Cooperative,Not regulated,1,Electric Co-op,221,Ekwok,149,203,43,0.74,172,233,24,0.74,21,29,8,0.74,342,464,75,0.74,pce,
2012,Alaska Village Electric Cooperative,Not regulated,1,Electric Co-op,221,Elim,284,482,98,0.59,123,209,10,0.59,265,450,22,0.59,671,1140,130,0.59,pce,
2012,Alaska Village Electric Cooperative,Not regulated,1,Electric Co-op,221,Emmonak,665,1129,220,0.59,588,997,39,0.59,672,1141,29,0.59,1925,3267,289,0.59,pce,
2012,Alaska Village Electric Cooperative,Not regulated,1,Electric Co-op,221,Gambell,432,770,171,0.56,190,339,15,0.56,408,727,21,0.56,1030,1837,206,0.56,pce,
2012,Alaska Village Electric Cooperative,Not regulated,1,Electric Co-op,221,Goodnews Bay,259,409,84,0.63,108,170,8,0.63,141,222,15,0.63,507,802,107,0.63,pce,
2012,Alaska Village Electric Cooperative,Not regulated,1,Electric Co-op,221,Grayling,141,220,62,0.64,78,122,8,0.64,131,205,14,0.64,350,547,84,0.64,pce,
2012,Alaska Village Electric Cooperative,Not regulated,1,Electric Co-op,221,Holy Cross,189,319,80,0.59,33,56,7,0.59,143,241,16,0.59,365,616,103,0.59,pce,
2012,Alaska Village Electric Cooperative,Not regulated,1,Electric Co-op,221,Hooper Bay,769,1278,276,0.60,324,538,18,0.60,867,1442,28,0.60,1959,3259,322,0.60,pce,
2012,Alaska Village Electric Cooperative,Not regulated,1,Electric Co-op,221,Huslia,339,572,104,0.59,27,46,11,0.59,233,394,21,0.59,600,1011,136,0.59,pce,
2012,Alaska Village Electric Cooperative,Not regulated,1,Electric Co-op,221,Kalskag,216,337,69,0.64,133,207,22,0.64,202,316,9,0.64,550,860,99,0.64,pce,
2012,Alaska Village Electric Cooperative,Not regulated,1,Electric Co-op,221,Kaltag,167,294,75,0.57,57,101,14,0.57,184,323,19,0.57,409,718,108,0.57,pce,
2012,Alaska Village Electric Cooperative,Not regulated,1,Electric Co-op,221,Kasigluk,389,674,117,0.58,235,406,20,0.58,360,623,17,0.58,984,1704,154,0.58,pce,
2012,Alaska Village Electric Cooperative,Not regulated,1,Electric Co-op,221,Kiana,418,621,120,0.67,130,193,11,0.67,423,629,19,0.67,971,1443,150,0.67,pce,
2012,Alaska Village Electric Cooperative,Not regulated,1,Electric Co-op,221,Kivalina,330,493,86,0.67,129,193,9,0.67,329,492,17,0.67,788,1177,112,0.67,pce,
2012,Alaska Village Electric Cooperative,Not regulated,1,Electric Co-op,221,Kotlik,514,795,137,0.65,254,393,14,0.65,488,754,19,0.65,1256,1942,170,0.65,pce,
2012,Alaska Village Electric Cooperative,Not regulated,1,Electric Co-op,221,Koyuk,311,518,89,0.60,137,228,15,0.60,325,542,23,0.60,773,1288,126,0.60,pce,
2012,Alaska Village Electric Cooperative,Not regulated,1,Electric Co-op,221,Lower Kalskag,184,287,84,0.64,40,63,4,0.64,96,151,9,0.64,320,501,96,0.64,pce,
2012,Alaska Village Electric Cooperative,Not regulated,1,Electric Co-op,221,Marshall,349,601,111,0.58,136,234,14,0.58,430,741,26,0.58,914,1576,151,0.58,pce,
2012,Alaska Village Electric Cooperative,Not regulated,1,Electric Co-op,221,Mekoryuk,168,309,92,0.54,86,159,13,0.54,238,439,21,0.54,492,906,126,0.54,pce,
2012,Alaska Village Electric Cooperative,Not regulated,1,Electric Co-op,221,Minto,190,300,74,0.63,48,75,9,0.63,163,257,13,0.63,401,632,96,0.63,pce,
2012,Alaska Village Electric Cooperative,Not regulated,1,Electric Co-op,221,Mountain Village,675,1104,196,0.61,301,493,17,0.61,695,1136,28,0.61,1671,2733,241,0.61,pce,
2012,Alaska Village Electric Cooperative,Not regulated,1,Electric Co-op,221,New Stuyahok,392,621,110,0.63,171,271,27,0.63,317,502,18,0.63,880,1394,155,0.63,pce,
2012,Alaska Village Electric Cooperative,Not regulated,1,Electric Co-op,221,Nightmute,167,291,55,0.57,71,123,12,0.57,116,201,15,0.57,353,615,83,0.57,pce,
2012,Alaska Village Electric Cooperative,Not regulated,1,Electric Co-op,221,Noatak,682,840,123,0.81,187,230,10,0.81,577,711,14,0.81,1446,1781,148,0.81,pce,
2012,Alaska Village Electric Cooperative,Not regulated,1,Electric Co-op,221,Noorvik,601,927,154,0.65,111,172,11,0.65,553,854,20,0.65,1265,1954,185,0.65,pce,
2012,Alaska Village Electric Cooperative,Not regulated,1,Electric Co-op,221,Nulato,293,475,112,0.62,32,51,9,0.62,299,485,27,0.62,624,1012,147,0.62,pce,
2012,Alaska Village Electric Cooperative,Not regulated,1,Electric Co-op,221,Nunapitchuk,378,655,134,0.58,123,213,20,0.58,202,350,16,0.58,703,1217,170,0.58,pce,
2012,Alaska Village Electric Cooperative,Not regulated,1,Electric Co-op,221,Old Harbor,246,395,97,0.62,92,148,14,0.62,186,298,17,0.62,523,840,128,0.62,pce,
2012,Alaska Village Electric Cooperative,Not regulated,1,Electric Co-op,221,Pilot Station,466,770,139,0.60,152,251,10,0.60,432,713,20,0.60,1049,1735,169,0.60,pce,
2012,Alaska Village Electric Cooperative,Not regulated,1,Electric Co-op,221,Pitkas Point,78,134,30,0.58,14,24,5,0.58,102,174,7,0.58,194,332,43,0.58,pce,
2012,Alaska Village Electric Cooperative,Not regulated,1,Electric Co-op,221,Quinhagak,476,871,176,0.55,244,446,20,0.55,275,504,17,0.55,995,1821,213,0.55,pce,
2012,Alaska Village Electric Cooperative,Not regulated,1,Electric Co-op,221,Russian Mission,229,377,70,0.61,55,91,11,0.61,314,519,14,0.61,598,987,96,0.61,pce,
2012,Alaska Village Electric Cooperative,Not regulated,1,Electric Co-op,221,"Saint Mary's, Andreafsky",533,912,187,0.58,465,796,35,0.58,665,1138,27,0.58,1663,2846,249,0.58,pce,
2012,Alaska Village Electric Cooperative,Not regulated,1,Electric Co-op,221,Saint Michael,437,688,102,0.64,265,416,13,0.64,408,642,18,0.64,1110,1746,133,0.64,pce,
2012,Alaska Village Electric Cooperative,Not regulated,1,Electric Co-op,221,Savoonga,468,871,166,0.54,191,354,17,0.54,465,864,22,0.54,1124,2089,206,0.54,pce,
2012,Alaska Village Electric Cooperative,Not regulated,1,Electric Co-op,221,Scammon Bay,390,588,123,0.66,131,197,21,0.66,520,784,21,0.66,1041,1569,165,0.66,pce,
2012,Alaska Village Electric Cooperative,Not regulated,1,Electric Co-op,221,Selawik,753,1166,194,0.65,256,396,23,0.65,1001,1551,35,0.65,2009,3113,252,0.65,pce,
2012,Alaska Village Electric Cooperative,Not regulated,1,Electric Co-op,221,Shageluk,72,110,37,0.66,64,98,6,0.66,86,131,11,0.66,222,339,54,0.66,pce,
2012,Alaska Village Electric Cooperative,Not regulated,1,Electric Co-op,221,Shaktoolik,271,455,68,0.60,148,249,10,0.60,137,230,16,0.60,556,934,94,0.60,pce,
2012,Alaska Village Electric Cooperative,Not regulated,1,Electric Co-op,221,Shishmaref,457,746,148,0.61,235,384,19,0.61,284,463,24,0.61,975,1593,191,0.61,pce,
2012,Alaska Village Electric Cooperative,Not regulated,1,Electric Co-op,221,Shungnak,367,413,61,0.89,391,440,14,0.89,347,391,13,0.89,1105,1244,88,0.89,pce,
2012,Alaska Village Electric Cooperative,Not regulated,1,Electric Co-op,221,Stebbins,381,619,142,0.61,152,247,13,0.61,304,495,18,0.61,837,1362,173,0.61,pce,
2012,Alaska Village Electric Cooperative,Not regulated,1,Electric Co-op,221,Teller,194,290,81,0.67,93,138,11,0.67,233,347,19,0.67,520,775,112,0.67,pce,
2012,Alaska Village Electric Cooperative,Not regulated,1,Electric Co-op,221,Togiak,814,1312,260,0.62,471,759,27,0.62,527,850,31,0.62,1812,2922,318,0.62,pce,
2012,Alaska Village Electric Cooperative,Not regulated,1,Electric Co-op,221,Toksook Bay,416,725,136,0.57,154,268,15,0.57,351,612,23,0.57,921,1605,174,0.57,pce,
2012,Alaska Village Electric Cooperative,Not regulated,1,Electric Co-op,221,Tununak,259,451,92,0.57,95,166,11,0.57,162,282,15,0.57,516,899,118,0.57,pce,
2012,Alaska Village Electric Cooperative,Not regulated,1,Electric Co-op,221,Wales,160,228,51,0.70,83,118,11,0.70,149,212,12,0.70,392,559,75,0.70,pce,
2012,Alutiiq Power Company,"Regulated, rate exemption",1,Private Electric Utility,,Karluk,71,109,14,0.65,67,103,10,0.65,14,22,3,0.65,151,234,27,0.65,pce,
2012,Anchorage Municipal Light & Power,Regulated,1,Public Electric Utility,599,Anchorage,17221,146789,24443,0.12,83738,953876,6304,0.09,0,0,0,,100959,1100665,30747,0.09,eia,
2012,Aniak Light & Power,Regulated,1,Private Electric Utility,4959,Aniak,777,1021,180,0.76,597,784,27,0.76,367,483,9,0.76,1742,2288,216,0.76,pce,
2012,"Atka, City of",Not regulated,1,Public Electric Utility,56256,Atka,125,164,30,0.76,78,103,7,0.76,80,105,22,0.76,283,372,59,0.76,pce,
2012,Atmautluak Tribal Utilities,Not regulated,1,Private Electric Utility,878,Atmautluak,241,301,73,0.80,142,178,7,0.80,39,49,10,0.80,422,528,89,0.80,pce,
2012,Barrow Utilities & Electric Cooperative Inc.,Not regulated,1,Electric Co-op,1276,Barrow,1364,11511,1471,0.12,3929,38069,400,0.10,0,0,0,,5293,49580,1871,0.11,eia,
2012,Beaver Joint Utilities,Not regulated,1,Private Electric Utility,,Beaver,99,116,39,0.86,66,77,7,0.86,70,82,8,0.86,235,275,54,0.86,pce,
2012,Bethel Utilities Corporation,Regulated,1,Private Electric Utility,1651,"Bethel, Oscarville",5990,10677,1671,0.56,16102,30229,1017,0.53,0,0,0,,22092,40906,2688,0.54,eia,
2012,"Buckland, City of",Not regulated,1,Public Electric Utility,,Buckland,289,609,91,0.47,379,798,17,0.47,37,77,8,0.47,704,1485,116,0.47,pce,
2012,Chalkyitsik Village Council,"Regulated, rate exemption",1,Private Electric Utility,,Chalkyitsik,48,50,42,0.95,51,53,6,0.95,97,102,6,0.95,196,206,54,0.95,pce,
2012,Chenega Ira Council,"Regulated, rate exemption",1,Private Electric Utility,,Chenega Bay,58,110,25,0.53,59,113,11,0.53,27,52,9,0.53,145,275,45,0.53,pce,
2012,"Chignik, City of",Not regulated,1,Private Electric Utility,3421,Chignik,114,222,57,0.51,279,547,31,0.51,61,120,11,0.51,454,889,99,0.51,pce,
2012,Chignik Lagoon Power Utility,"Regulated, rate exemption",1,Private Electric Utility,,Chignik Lagoon,181,241,54,0.75,104,139,8,0.75,46,61,9,0.75,330,441,71,0.75,pce,
2012,Chignik Lake Electric Utility,Not regulated,1,Private Electric Utility,,Chignik Lake,122,142,38,0.86,50,58,2,0.86,106,124,11,0.86,278,325,51,0.86,pce,
2012,Chitina Electric Inc,Not regulated,1,Private Electric Utility,3465,Chitina,114,171,52,0.67,160,240,26,0.67,51,76,6,0.67,324,487,85,0.67,pce,
2012,Chugach Electric Assn Inc,Regulated,1,Electric Co-op,3522,Anchorage,76083,549748,69495,0.14,67370,574284,9204,0.12,5902,54804,7,0.11,149355,1178836,78706,0.13,eia,"In addition to Anchorage, CEA serves eight communities."
2012,Circle Electric Utility,Not regulated,1,Private Electric Utility,,Circle,113,142,38,0.79,74,94,9,0.79,95,120,5,0.79,282,356,52,0.79,pce,
2012,Copper Valley Elec Assn Inc,Not regulated,1,Private Electric Utility,4329,Valdez,5264,17517,2983,0.30,17654,65757,797,0.27,0,0,0,,22918,83274,3780,0.28,eia,"In addition to Valdez, the CVEA service area includes 14 communities."
2012,Cordova Electric Cooperative,Not regulated,1,Electric Co-op,40215,"Cordova, Eyak",2107,4998,929,0.42,4323,12611,625,0.34,1902,8004,5,0.24,8332,25613,1559,0.33,eia,
2012,Diomede Joint Utilities,Not regulated,1,Public Electric Utility,,Diomede,104,174,45,0.60,175,292,12,0.60,24,40,6,0.60,303,505,63,0.60,pce,
2012,Egegik Light & Power Co,Not regulated,1,Public Electric Utility,57351,Egegik,135,157,43,0.86,220,256,14,0.86,130,151,20,0.86,485,564,76,0.86,pce,
2012,Elfin Cove Utility Commission,Not regulated,1,Electric Co-op,5721,Elfin Cove,64,82,43,0.78,118,152,29,0.78,9,12,7,0.78,191,246,79,0.78,pce,
2012,"False Pass, City of",Not regulated,1,Public Electric Utility,,False Pass,37,88,25,0.42,133,317,13,0.42,38,90,13,0.42,208,495,52,0.42,pce,
2012,"Galena, City of",Not regulated,1,Public Electric Utility,6915,Galena,570,939,206,0.61,1347,2219,117,0.61,876,1443,50,0.61,2794,4600,373,0.61,pce,
2012,G & K Inc,Regulated,1,Private Electric Utility,6866,Cold Bay,176,246,39,0.72,725,1014,24,0.72,1015,1418,56,0.72,1916,2678,118,0.72,pce,
2012,Gold Country Energy,Regulated,1,Private Electric Utility,56739,Central,212,275,137,0.77,45,59,7,0.77,85,110,7,0.77,343,444,152,0.77,pce,
2012,Golden Valley Elec Assn Inc,Regulated,1,Private Electric Utility,7353,Fairbanks,73023,301535,38011,0.24,30826,136451,6298,0.23,160872,855521,496,0.19,264721,1293507,44805,0.20,eia,"In addition to Fairbanks, the GVEA service are includes 25 communities."
2012,Golovin Power Utilities,Not regulated,1,Public Electric Utility,,Golovin,147,245,54,0.60,197,329,27,0.60,92,153,14,0.60,436,727,95,0.60,pce,
2012,Gustavus Electric Co,Regulated,1,Private Electric Utility,7822,Gustavus,421,954,446,0.44,262,593,121,0.44,138,314,30,0.44,822,1861,597,0.44,pce,
2012,Gwitchyaa Zhee Utilities Company,Regulated,1,Private Electric Utility,7833,Fort Yukon,750,1157,267,0.65,678,1045,70,0.65,366,564,31,0.65,1794,2767,367,0.65,pce,
2012,Homer Electric Assn Inc,Regulated,1,Private Electric Utility,19558,Homer,36648,180859,25914,0.20,31967,181734,3916,0.18,11094,127076,23,0.09,79709,489669,29853,0.16,eia,"In addition to Homer, HEA serves 24 communities."
2012,Hughes Power & Light,Not regulated,1,Public Electric Utility,9000,Hughes,118,166,37,0.71,49,70,8,0.71,67,95,5,0.71,235,331,50,0.71,pce,
2012,Igiugig Electric Company,"Regulated, rate exemption",1,Private Electric Utility,9192,Igiugig,78,96,26,0.81,76,93,10,0.81,83,103,15,0.81,237,292,51,0.81,pce,
2012,"I-N-N Electric Coop, Inc",Not regulated,1,Electric Co-op,9188,"Iliamna, Newhalen, Nondalton",572,947,197,0.60,1125,1864,84,0.60,354,586,25,0.60,2050,3397,306,0.60,pce,
2012,Inside Passage Electric,Regulated,1,Electric Co-op,18963,Angoon,582,918,197,0.63,291,459,25,0.63,182,287,15,0.63,1056,1664,237,0.63,pce,
2012,Inside Passage Electric,Regulated,1,Electric Co-op,18963,Chilkat Valley,426,674,203,0.63,255,404,25,0.63,24,38,15,0.63,706,1116,243,0.63,pce,
2012,Inside Passage Electric,Regulated,1,Electric Co-op,18963,Hoonah,1129,1780,366,0.63,1117,1761,59,0.63,483,761,43,0.63,2728,4302,468,0.63,pce,
2012,Inside Passage Electric,Regulated,1,Electric Co-op,18963,Kake,701,1106,234,0.63,845,1333,50,0.63,190,299,21,0.63,1736,2739,305,0.63,pce,
2012,Inside Passage Electric,Regulated,1,Electric Co-op,18963,Klukwan,129,203,46,0.63,49,77,7,0.63,48,76,9,0.63,227,357,62,0.63,pce,
2012,Ipnatchiaq Electric Company,Not regulated,1,Private Electric Utility,9416,Deering,151,214,40,0.70,192,273,7,0.70,111,158,12,0.70,454,645,59,0.70,pce,
2012,Ketchikan Public Utilities,Not regulated,1,Public Electric Utility,10210,"Ketchikan, Petersburg, Wrangell",7559,74274,6275,0.10,7144,73463,1230,0.10,2046,24453,13,0.08,16750,172190,7518,0.10,eia,
2012,"King Cove, City of",Not regulated,1,Public Electric Utility,9897,King Cove,367,1223,159,0.30,570,1899,209,0.30,353,1177,33,0.30,1290,4299,401,0.30,pce,
2012,Kipnuk Light Plant,Regulated,1,Private Electric Utility,,Kipnuk,455,802,162,0.57,166,292,29,0.57,131,230,14,0.57,752,1325,205,0.57,pce,
2012,Kobuk Valley Electric Company,,1,Electric Co-op,,Kobuk,166,194,37,0.86,158,184,10,0.86,152,177,7,0.86,476,555,54,0.86,pce,
2012,Kodiak Electric Assn Inc,Regulated,1,Electric Co-op,10433,Kodiak,6536,35273,4696,0.19,4004,22282,1040,0.18,14770,87040,102,0.17,25310,144595,5838,0.18,eia,"The KEA service area also includes: Port Lions, Chiniak, Womens Bay and Woody Island."
2012,Kokhanok Village Council,"Regulated, rate exemption",1,Public Electric Utility,10455,Kokhanok,170,188,54,0.90,55,61,8,0.90,142,158,14,0.90,366,407,75,0.90,pce,
2012,Kotzebue Electric Association,Not regulated,1,Electric Co-op,10451,Kotzebue,3282,7619,1011,0.43,4573,10617,107,0.43,1258,2921,93,0.43,9113,21157,1211,0.43,pce,
2012,"Koyukuk, City of",Not regulated,1,Public Electric Utility,,Koyukuk,93,98,58,0.95,67,70,5,0.95,102,107,10,0.95,262,275,73,0.95,pce,
2012,Kwethluk Incorporated d/b/a Kuiggluum Kallugvia,Not regulated,1,Private Electric Utility,9832,Kwethluk,358,689,177,0.52,180,346,16,0.52,43,82,9,0.52,581,1117,202,0.52,pce,
2012,Kwigillingok Power Company,Not regulated,1,Private Electric Utility,10491,Kwigillingok,295,483,90,0.61,241,396,12,0.61,67,110,16,0.61,603,989,118,0.61,pce,
2012,Larsen Bay Utility Company,Not regulated,1,Public Electric Utility,10716,Larsen Bay,77,175,51,0.44,128,290,33,0.44,73,167,10,0.44,278,632,95,0.44,pce,
2012,Levelock Electrical Coop,Not regulated,1,Electric Co-op,,Levelock,104,149,35,0.70,89,127,12,0.70,48,69,13,0.70,241,345,61,0.70,pce,
2012,Lime Village Electric Utility,Not regulated,1,Public Electric Utility,,Lime Village,33,19,17,1.70,32,19,1,1.70,31,18,7,1.70,96,57,25,1.70,pce,
2012,Manokotak Power Company,Not regulated,1,Private Electric Utility,26317,Manokotak,303,551,145,0.55,93,169,21,0.55,299,544,24,0.55,695,1265,190,0.55,pce,
2012,Matanuska Electric Association,Regulated,1,Electric Co-op,11824,"Palmer, Wasilla",69800,458393,53982,0.15,34198,268094,3711,0.13,0,0,0,,103998,726487,57693,0.14,eia,MEA services 29 communities including Palmer and Wasilla.
2012,Mcgrath Light & Power,Regulated,1,Private Electric Utility,12119,McGrath,431,733,185,0.59,520,885,59,0.59,555,944,52,0.59,1506,2562,297,0.59,pce,
2012,Middle Kuskokwim Electric,Regulated,1,Electric Co-op,12485,Chuathbaluk,124,109,35,1.14,124,109,5,1.14,60,53,10,1.14,308,271,50,1.14,pce,
2012,Middle Kuskokwim Electric,Regulated,1,Electric Co-op,12485,Crooked Creek,120,103,32,1.16,89,77,8,1.16,65,56,8,1.16,274,236,48,1.16,pce,
2012,Middle Kuskokwim Electric,Regulated,1,Electric Co-op,12485,Red Devil,70,61,17,1.15,18,16,3,1.15,8,7,4,1.15,96,83,24,1.15,pce,
2012,Middle Kuskokwim Electric,Regulated,1,Electric Co-op,12485,Sleetmute,128,110,33,1.16,68,58,7,1.16,88,76,8,1.16,284,245,48,1.16,pce,
2012,Middle Kuskokwim Electric,Regulated,1,Electric Co-op,12485,Stony River,44,38,16,1.16,57,49,6,1.16,15,13,2,1.16,117,101,24,1.16,pce,
2012,Naknek Electric Association,Not regulated,1,Electric Co-op,13201,"Naknek, South Naknek, King Salmon",1732,3118,779,0.56,5507,9916,239,0.56,2864,5157,150,0.56,10103,18190,1167,0.56,pce,
2012,Napakiak Ircinraq,Not regulated,1,Private Electric Utility,13211,Napakiak,288,347,101,0.83,185,223,16,0.83,52,63,10,0.83,525,633,128,0.83,pce,
2012,Napaskiak Electric Utility,Not regulated,1,Private Electric Utility,,Napaskiak,290,415,107,0.70,126,180,7,0.70,56,81,13,0.70,473,675,127,0.70,pce,
2012,Naterkaq Light Plant (City of Chefornak),Not regulated,1,Private Electric Utility,3422,Chefornak,311,448,99,0.69,153,221,10,0.69,297,429,24,0.69,761,1098,132,0.69,pce,
2012,Native Village of Perryville,"Regulated, rate exemption",1,Private Electric Utility,14832,Perryville,117,123,48,0.95,138,145,9,0.95,110,116,9,0.95,365,384,66,0.95,pce,
2012,Nelson Lagoon Electrical Coop,Not regulated,1,Electric Co-op,13477,Nelson Lagoon,109,130,31,0.84,120,143,19,0.84,55,66,9,0.84,285,339,59,0.84,pce,
2012,New Koliganek Village Council,"Regulated, rate exemption",1,Private Electric Utility,,Koliganek,129,258,70,0.50,35,70,7,0.50,148,296,23,0.50,312,624,100,0.50,pce,
2012,"Nikolai, City of",Not regulated,1,Public Electric Utility,,Nikolai,145,168,38,0.87,65,75,6,0.87,108,124,13,0.87,318,367,57,0.87,pce,
2012,Nome Joint Utility Systems,Not regulated,1,Private Electric Utility,13642,Nome,3569,9780,1704,0.36,6139,16823,287,0.36,2456,6730,123,0.36,12164,33333,2114,0.36,pce,
2012,North Slope Borough Power & Light,Not regulated,1,Public Electric Utility,26616,Anaktuvuk Pass,101,672,94,0.15,452,3016,61,0.15,12,77,5,0.15,565,3764,160,0.15,pce,
2012,North Slope Borough Power & Light,Not regulated,1,Public Electric Utility,26616,Atqasuk,92,614,59,0.15,424,2828,55,0.15,12,77,4,0.15,528,3519,118,0.15,pce,
2012,North Slope Borough Power & Light,Not regulated,1,Public Electric Utility,26616,Kaktovik,106,708,78,0.15,620,4131,49,0.15,133,890,10,0.15,859,5729,138,0.15,pce,
2012,North Slope Borough Power & Light,Not regulated,1,Public Electric Utility,26616,Nuiqsut,74,927,105,0.08,360,4505,65,0.08,11,139,6,0.08,446,5572,176,0.08,pce,
2012,North Slope Borough Power & Light,Not regulated,1,Public Electric Utility,26616,Point Hope,248,1655,183,0.15,507,3379,76,0.15,30,197,8,0.15,785,5231,267,0.15,pce,
2012,North Slope Borough Power & Light,Not regulated,1,Public Electric Utility,26616,Point Lay,68,452,57,0.15,396,2640,44,0.15,15,103,3,0.15,479,3194,104,0.15,pce,
2012,North Slope Borough Power & Light,Not regulated,1,Public Electric Utility,26616,Wainwright,182,1214,142,0.15,617,4111,71,0.15,20,136,6,0.15,819,5461,220,0.15,pce,
2012,Nunam Iqua Electric Company,Not regulated,1,Public Electric Utility,,Nunam Iqua,98,185,40,0.53,218,411,5,0.53,120,227,8,0.53,436,823,53,0.53,pce,
2012,Nushagak Electric Cooperative,Not regulated,1,Electric Co-op,13870,"Dillingham, Aleknagik",2649,5739,995,0.46,4973,10775,388,0.46,831,1801,98,0.46,8454,18315,1481,0.46,pce,
2012,"Ouzinkie, City of",Not regulated,1,Public Electric Utility,14234,Ouzinkie,141,318,77,0.44,111,249,11,0.44,62,139,10,0.44,314,706,98,0.44,pce,
2012,Pedro Bay Village Council,"Regulated, rate exemption",1,Private Electric Utility,14633,Pedro Bay,55,60,20,0.91,76,84,10,0.91,28,31,5,0.91,159,175,35,0.91,pce,
2012,Pelican Utility,Not regulated,1,Public Electric Utility,29297,Pelican,217,313,66,0.69,128,184,10,0.69,179,259,29,0.69,524,756,105,0.69,pce,
2012,"Petersburg, City of",Not regulated,1,Public Electric Utility,14856,Petersburg,2010,20803,1354,0.10,1030,9064,717,0.11,2208,19905,39,0.11,5249,49772,2110,0.11,eia,
2012,Pilot Point Electric Utility,Not regulated,1,Public Electric Utility,,Pilot Point,83,167,37,0.50,66,133,15,0.50,55,111,14,0.50,205,410,67,0.50,pce,
2012,Port Heiden Utilities,Not regulated,1,Public Electric Utility,,Port Heiden,163,217,51,0.75,104,138,21,0.75,223,298,14,0.75,490,653,85,0.75,pce,
2012,Puvurnaq Power Company,"Regulated, rate exemption",1,Private Electric Utility,,Kongiganak,353,542,100,0.65,177,272,18,0.65,67,103,9,0.65,596,917,127,0.65,pce,
2012,"Ruby, City of",Not regulated,1,Public Electric Utility,,Ruby,218,260,131,0.84,248,295,14,0.84,101,120,22,0.84,567,675,167,0.84,pce,
2012,"Saint George, City of",Not regulated,1,Public Electric Utility,,Saint George,158,184,42,0.86,109,127,15,0.86,260,302,21,0.86,527,613,78,0.86,pce,
2012,Saint Paul Municipal Electric,Not regulated,1,Public Electric Utility,17898,Saint Paul,455,829,149,0.55,780,1421,33,0.55,923,1681,48,0.55,2158,3931,230,0.55,pce,
2012,"Seward, City of",Not regulated,1,Public Electric Utility,16955,Seward,3344,16488,2064,0.20,1869,8651,503,0.22,5828,33599,126,0.17,11041,58738,2693,0.19,eia,"The City of Seward services the communities of Crown Point, Primrose, Bear Creek and Lowell Point."
2012,"Sitka, City & Borough of",Not regulated,1,Public Electric Utility,17271,Sitka,4570,47899,3669,0.10,5638,58534,1622,0.10,476,4968,15,0.10,10684,111401,5306,0.10,eia,
2012,Takotna Community Assoc Inc,Not regulated,1,Public Electric Utility,,Takotna,63,62,20,1.02,57,55,10,1.02,62,61,9,1.02,182,178,38,1.02,pce,
2012,Tanalian Electric Cooperative,Not regulated,1,Public Electric Utility,,Port Alsworth,196,284,67,0.69,233,337,33,0.69,61,89,17,0.69,490,709,116,0.69,pce,
2012,Tanana Power Company Inc,Regulated,1,Private Electric Utility,18474,Tanana,251,332,106,0.76,289,383,31,0.76,274,362,18,0.76,814,1077,155,0.76,pce,
2012,Tatitlek Village Ira Council,Regulated,1,Private Electric Utility,18480,Tatitlek,102,133,47,0.77,70,91,14,0.77,134,175,11,0.77,306,400,71,0.77,pce,
2012,TDX Adak Generating LLC,Regulated,1,Public Electric Utility,,Adak,505,467,138,1.08,1604,1482,59,1.08,775,716,27,1.08,2884,2664,223,1.08,pce,
2012,TDX Corporation,Regulated,1,Private Electric Utility,,Sand Point,1034,1539,288,0.67,1193,1774,159,0.67,502,747,46,0.67,2729,4059,493,0.67,pce,
2012,TDX Manley Generating LLC,Regulated,1,Private Electric Utility,56503,Manley Hot Springs,189,210,87,0.90,168,186,15,0.90,22,25,4,0.90,379,420,106,0.90,pce,
2012,"Tenakee Springs, City of",Not regulated,1,Public Electric Utility,18541,Tenakee Springs,182,242,126,0.75,62,83,33,0.75,27,36,14,0.75,271,361,172,0.75,pce,
2012,Tuluksak Traditional,"Regulated, rate exemption",1,Private Electric Utility,,Tuluksak,166,277,84,0.60,93,154,10,0.60,46,76,8,0.60,304,507,102,0.60,pce,
2012,Tuntutuliak Community,"Regulated, rate exemption",1,Electric Co-op,19267,Tuntutuliak,294,453,95,0.65,260,401,22,0.65,52,80,13,0.65,607,933,129,0.65,pce,
2012,Twin Hills Village Council,Not regulated,1,Private Electric Utility,,Twin Hills,59,106,28,0.55,35,64,4,0.55,32,57,8,0.55,126,227,40,0.55,pce,
2012,Umnak Power Company,Not regulated,1,Private Electric Utility,,Nikolski,35,58,15,0.60,55,92,10,0.60,40,66,7,0.60,129,216,31,0.60,pce,
2012,Unalakleet Valley Electric Cooperative,Regulated,1,Electric Co-op,40548,Unalakleet,627,1515,285,0.41,758,1833,44,0.41,314,760,30,0.41,1700,4108,359,0.41,pce,
2012,"Unalaska, City of",Not regulated,1,Public Electric Utility,19454,Unalaska,2003,4036,695,0.50,17194,34652,183,0.50,1764,3556,75,0.50,20962,42244,953,0.50,pce,
2012,Ungusraq Power Company,Not regulated,1,Private Electric Utility,,Newtok,214,268,66,0.80,98,123,16,0.80,36,45,6,0.80,349,436,88,0.80,pce,
2012,"White Mountain, City of",Not regulated,1,Public Electric Utility,20535,White Mountain,157,253,63,0.62,190,307,20,0.62,93,150,13,0.62,440,709,96,0.62,pce,
2012,"Wrangell, City of",Not regulated,1,Public Electric Utility,21015,Wrangell,1604,15273,1170,0.11,2132,19919,778,0.11,0,0,0,,3736,35192,1948,0.11,eia,
2012,Yakutat Power Inc,Not regulated,1,Public Electric Utility,30150,Yakutat,765,1437,287,0.53,1620,3041,89,0.53,623,1170,60,0.53,3009,5648,435,0.53,pce,
