series__name,series__dataset__name,series__dataset__publication__name,series__dataset__publication__year,series__dataset__publication__month,year,price
Henry Hub - Low,Natural Gas,Alaska Fuel Price Projections 2012-2035,2012,7,2010,4.60
Henry Hub - Low,Natural Gas,Alaska Fuel Price Projections 2012-2035,2012,7,2011,4.79
Henry Hub - Low,Natural Gas,Alaska Fuel Price Projections 2012-2035,2012,7,2012,4.97
Henry Hub - Low,Natural Gas,Alaska Fuel Price Projections 2012-2035,2012,7,2013,5.15
Henry Hub - Low,Natural Gas,Alaska Fuel Price Projections 2012-2035,2012,7,2014,5.33
Henry Hub - Low,Natural Gas,Alaska Fuel Price Projections 2012-2035,2012,7,2015,5.51
Henry Hub - Low,Natural Gas,Alaska Fuel Price Projections 2012-2035,2012,7,2016,5.69
Henry Hub - Low,Natural Gas,Alaska Fuel Price Projections 2012-2035,2012,7,2017,5.87
Henry Hub - Low,Natural Gas,Alaska Fuel Price Projections 2012-2035,2012,7,2018,6.05
Henry Hub - Low,Natural Gas,Alaska Fuel Price Projections 2012-2035,2012,7,2019,6.23
Henry Hub - Low,Natural Gas,Alaska Fuel Price Projections 2012-2035,2012,7,2020,6.41
Henry Hub - Low,Natural Gas,Alaska Fuel Price Projections 2012-2035,2012,7,2021,6.59
Henry Hub - Low,Natural Gas,Alaska Fuel Price Projections 2012-2035,2012,7,2022,6.78
Henry Hub - Low,Natural Gas,Alaska Fuel Price Projections 2012-2035,2012,7,2023,6.96
Henry Hub - Low,Natural Gas,Alaska Fuel Price Projections 2012-2035,2012,7,2024,7.14
Henry Hub - Low,Natural Gas,Alaska Fuel Price Projections 2012-2035,2012,7,2025,7.32
Henry Hub - Low,Natural Gas,Alaska Fuel Price Projections 2012-2035,2012,7,2026,7.26
Henry Hub - Low,Natural Gas,Alaska Fuel Price Projections 2012-2035,2012,7,2027,7.25
Henry Hub - Low,Natural Gas,Alaska Fuel Price Projections 2012-2035,2012,7,2028,7.23
Henry Hub - Low,Natural Gas,Alaska Fuel Price Projections 2012-2035,2012,7,2029,7.22
Henry Hub - Low,Natural Gas,Alaska Fuel Price Projections 2012-2035,2012,7,2030,7.20
Henry Hub - Low,Natural Gas,Alaska Fuel Price Projections 2012-2035,2012,7,2031,7.19
Henry Hub - Low,Natural Gas,Alaska Fuel Price Projections 2012-2035,2012,7,2032,7.17
Henry Hub - Low,Natural Gas,Alaska Fuel Price Projections 2012-2035,2012,7,2033,7.16
Henry Hub - Low,Natural Gas,Alaska Fuel Price Projections 2012-2035,2012,7,2034,7.14
Henry Hub - Low,Natural Gas,Alaska Fuel Price Projections 2012-2035,2012,7,2035,7.12
Henry Hub - Medium ,Natural Gas,Alaska Fuel Price Projections 2012-2035,2012,7,2010,6.75
Henry Hub - Medium ,Natural Gas,Alaska Fuel Price Projections 2012-2035,2012,7,2011,6.94
Henry Hub - Medium ,Natural Gas,Alaska Fuel Price Projections 2012-2035,2012,7,2012,7.12
Henry Hub - Medium ,Natural Gas,Alaska Fuel Price Projections 2012-2035,2012,7,2013,7.30
Henry Hub - Medium ,Natural Gas,Alaska Fuel Price Projections 2012-2035,2012,7,2014,7.48
Henry Hub - Medium ,Natural Gas,Alaska Fuel Price Projections 2012-2035,2012,7,2015,7.66
Henry Hub - Medium ,Natural Gas,Alaska Fuel Price Projections 2012-2035,2012,7,2016,7.84
Henry Hub - Medium ,Natural Gas,Alaska Fuel Price Projections 2012-2035,2012,7,2017,8.02
Henry Hub - Medium ,Natural Gas,Alaska Fuel Price Projections 2012-2035,2012,7,2018,8.20
Henry Hub - Medium ,Natural Gas,Alaska Fuel Price Projections 2012-2035,2012,7,2019,8.38
Henry Hub - Medium ,Natural Gas,Alaska Fuel Price Projections 2012-2035,2012,7,2020,8.56
Henry Hub - Medium ,Natural Gas,Alaska Fuel Price Projections 2012-2035,2012,7,2021,8.74
Henry Hub - Medium ,Natural Gas,Alaska Fuel Price Projections 2012-2035,2012,7,2022,8.93
Henry Hub - Medium ,Natural Gas,Alaska Fuel Price Projections 2012-2035,2012,7,2023,9.11
Henry Hub - Medium ,Natural Gas,Alaska Fuel Price Projections 2012-2035,2012,7,2024,9.29
Henry Hub - Medium ,Natural Gas,Alaska Fuel Price Projections 2012-2035,2012,7,2025,9.47
Henry Hub - Medium ,Natural Gas,Alaska Fuel Price Projections 2012-2035,2012,7,2026,9.41
Henry Hub - Medium ,Natural Gas,Alaska Fuel Price Projections 2012-2035,2012,7,2027,9.40
Henry Hub - Medium ,Natural Gas,Alaska Fuel Price Projections 2012-2035,2012,7,2028,9.38
Henry Hub - Medium ,Natural Gas,Alaska Fuel Price Projections 2012-2035,2012,7,2029,9.37
Henry Hub - Medium ,Natural Gas,Alaska Fuel Price Projections 2012-2035,2012,7,2030,9.35
Henry Hub - Medium ,Natural Gas,Alaska Fuel Price Projections 2012-2035,2012,7,2031,9.34
Henry Hub - Medium ,Natural Gas,Alaska Fuel Price Projections 2012-2035,2012,7,2032,9.32
Henry Hub - Medium ,Natural Gas,Alaska Fuel Price Projections 2012-2035,2012,7,2033,9.31
Henry Hub - Medium ,Natural Gas,Alaska Fuel Price Projections 2012-2035,2012,7,2034,9.29
Henry Hub - Medium ,Natural Gas,Alaska Fuel Price Projections 2012-2035,2012,7,2035,9.27
Henry Hub - High,Natural Gas,Alaska Fuel Price Projections 2012-2035,2012,7,2010,8.90
Henry Hub - High,Natural Gas,Alaska Fuel Price Projections 2012-2035,2012,7,2011,9.09
Henry Hub - High,Natural Gas,Alaska Fuel Price Projections 2012-2035,2012,7,2012,9.27
Henry Hub - High,Natural Gas,Alaska Fuel Price Projections 2012-2035,2012,7,2013,9.45
Henry Hub - High,Natural Gas,Alaska Fuel Price Projections 2012-2035,2012,7,2014,9.63
Henry Hub - High,Natural Gas,Alaska Fuel Price Projections 2012-2035,2012,7,2015,9.81
Henry Hub - High,Natural Gas,Alaska Fuel Price Projections 2012-2035,2012,7,2016,9.99
Henry Hub - High,Natural Gas,Alaska Fuel Price Projections 2012-2035,2012,7,2017,10.17
Henry Hub - High,Natural Gas,Alaska Fuel Price Projections 2012-2035,2012,7,2018,10.35
Henry Hub - High,Natural Gas,Alaska Fuel Price Projections 2012-2035,2012,7,2019,10.53
Henry Hub - High,Natural Gas,Alaska Fuel Price Projections 2012-2035,2012,7,2020,10.71
Henry Hub - High,Natural Gas,Alaska Fuel Price Projections 2012-2035,2012,7,2021,10.89
Henry Hub - High,Natural Gas,Alaska Fuel Price Projections 2012-2035,2012,7,2022,11.08
Henry Hub - High,Natural Gas,Alaska Fuel Price Projections 2012-2035,2012,7,2023,11.26
Henry Hub - High,Natural Gas,Alaska Fuel Price Projections 2012-2035,2012,7,2024,11.44
Henry Hub - High,Natural Gas,Alaska Fuel Price Projections 2012-2035,2012,7,2025,11.62
Henry Hub - High,Natural Gas,Alaska Fuel Price Projections 2012-2035,2012,7,2026,11.56
Henry Hub - High,Natural Gas,Alaska Fuel Price Projections 2012-2035,2012,7,2027,11.55
Henry Hub - High,Natural Gas,Alaska Fuel Price Projections 2012-2035,2012,7,2028,11.53
Henry Hub - High,Natural Gas,Alaska Fuel Price Projections 2012-2035,2012,7,2029,11.52
Henry Hub - High,Natural Gas,Alaska Fuel Price Projections 2012-2035,2012,7,2030,11.50
Henry Hub - High,Natural Gas,Alaska Fuel Price Projections 2012-2035,2012,7,2031,11.49
Henry Hub - High,Natural Gas,Alaska Fuel Price Projections 2012-2035,2012,7,2032,11.47
Henry Hub - High,Natural Gas,Alaska Fuel Price Projections 2012-2035,2012,7,2033,11.46
Henry Hub - High,Natural Gas,Alaska Fuel Price Projections 2012-2035,2012,7,2034,11.44
Henry Hub - High,Natural Gas,Alaska Fuel Price Projections 2012-2035,2012,7,2035,11.42
Black & Veatch,Natural Gas,Alaska Fuel Price Projections 2012-2035,2012,7,2011,6.18
Black & Veatch,Natural Gas,Alaska Fuel Price Projections 2012-2035,2012,7,2012,6.66
Black & Veatch,Natural Gas,Alaska Fuel Price Projections 2012-2035,2012,7,2013,6.92
Black & Veatch,Natural Gas,Alaska Fuel Price Projections 2012-2035,2012,7,2014,7.04
Black & Veatch,Natural Gas,Alaska Fuel Price Projections 2012-2035,2012,7,2015,7.16
Black & Veatch,Natural Gas,Alaska Fuel Price Projections 2012-2035,2012,7,2016,7.18
Black & Veatch,Natural Gas,Alaska Fuel Price Projections 2012-2035,2012,7,2017,7.19
Black & Veatch,Natural Gas,Alaska Fuel Price Projections 2012-2035,2012,7,2018,7.44
Black & Veatch,Natural Gas,Alaska Fuel Price Projections 2012-2035,2012,7,2019,7.68
Black & Veatch,Natural Gas,Alaska Fuel Price Projections 2012-2035,2012,7,2020,8.41
Black & Veatch,Natural Gas,Alaska Fuel Price Projections 2012-2035,2012,7,2021,9.11
Black & Veatch,Natural Gas,Alaska Fuel Price Projections 2012-2035,2012,7,2022,9.39
Black & Veatch,Natural Gas,Alaska Fuel Price Projections 2012-2035,2012,7,2023,9.65
Black & Veatch,Natural Gas,Alaska Fuel Price Projections 2012-2035,2012,7,2024,9.57
Black & Veatch,Natural Gas,Alaska Fuel Price Projections 2012-2035,2012,7,2025,9.50
Black & Veatch,Natural Gas,Alaska Fuel Price Projections 2012-2035,2012,7,2026,9.43
Black & Veatch,Natural Gas,Alaska Fuel Price Projections 2012-2035,2012,7,2027,9.35
Black & Veatch,Natural Gas,Alaska Fuel Price Projections 2012-2035,2012,7,2028,9.28
Black & Veatch,Natural Gas,Alaska Fuel Price Projections 2012-2035,2012,7,2029,9.21
Black & Veatch,Natural Gas,Alaska Fuel Price Projections 2012-2035,2012,7,2030,9.14
Carbon - Low,Carbon,Alaska Fuel Price Projections 2012-2035,2012,7,2010,0.06
Carbon - Low,Carbon,Alaska Fuel Price Projections 2012-2035,2012,7,2011,0.06
Carbon - Low,Carbon,Alaska Fuel Price Projections 2012-2035,2012,7,2012,0.06
Carbon - Low,Carbon,Alaska Fuel Price Projections 2012-2035,2012,7,2013,0.06
Carbon - Low,Carbon,Alaska Fuel Price Projections 2012-2035,2012,7,2014,0.06
Carbon - Low,Carbon,Alaska Fuel Price Projections 2012-2035,2012,7,2015,0.06
Carbon - Low,Carbon,Alaska Fuel Price Projections 2012-2035,2012,7,2016,0.07
Carbon - Low,Carbon,Alaska Fuel Price Projections 2012-2035,2012,7,2017,0.07
Carbon - Low,Carbon,Alaska Fuel Price Projections 2012-2035,2012,7,2018,0.07
Carbon - Low,Carbon,Alaska Fuel Price Projections 2012-2035,2012,7,2019,0.07
Carbon - Low,Carbon,Alaska Fuel Price Projections 2012-2035,2012,7,2020,0.07
Carbon - Low,Carbon,Alaska Fuel Price Projections 2012-2035,2012,7,2021,0.08
Carbon - Low,Carbon,Alaska Fuel Price Projections 2012-2035,2012,7,2022,0.08
Carbon - Low,Carbon,Alaska Fuel Price Projections 2012-2035,2012,7,2023,0.08
Carbon - Low,Carbon,Alaska Fuel Price Projections 2012-2035,2012,7,2024,0.08
Carbon - Low,Carbon,Alaska Fuel Price Projections 2012-2035,2012,7,2025,0.09
Carbon - Low,Carbon,Alaska Fuel Price Projections 2012-2035,2012,7,2026,0.09
Carbon - Low,Carbon,Alaska Fuel Price Projections 2012-2035,2012,7,2027,0.09
Carbon - Low,Carbon,Alaska Fuel Price Projections 2012-2035,2012,7,2028,0.09
Carbon - Low,Carbon,Alaska Fuel Price Projections 2012-2035,2012,7,2029,0.10
Carbon - Low,Carbon,Alaska Fuel Price Projections 2012-2035,2012,7,2030,0.10
Carbon - Low,Carbon,Alaska Fuel Price Projections 2012-2035,2012,7,2031,0.10
Carbon - Low,Carbon,Alaska Fuel Price Projections 2012-2035,2012,7,2032,0.11
Carbon - Low,Carbon,Alaska Fuel Price Projections 2012-2035,2012,7,2033,0.11
Carbon - Low,Carbon,Alaska Fuel Price Projections 2012-2035,2012,7,2034,0.11
Carbon - Low,Carbon,Alaska Fuel Price Projections 2012-2035,2012,7,2035,0.12
Carbon - High,Carbon,Alaska Fuel Price Projections 2012-2035,2012,7,2010,0.39
Carbon - High,Carbon,Alaska Fuel Price Projections 2012-2035,2012,7,2011,0.40
Carbon - High,Carbon,Alaska Fuel Price Projections 2012-2035,2012,7,2012,0.41
Carbon - High,Carbon,Alaska Fuel Price Projections 2012-2035,2012,7,2013,0.42
Carbon - High,Carbon,Alaska Fuel Price Projections 2012-2035,2012,7,2014,0.43
Carbon - High,Carbon,Alaska Fuel Price Projections 2012-2035,2012,7,2015,0.45
Carbon - High,Carbon,Alaska Fuel Price Projections 2012-2035,2012,7,2016,0.46
Carbon - High,Carbon,Alaska Fuel Price Projections 2012-2035,2012,7,2017,0.47
Carbon - High,Carbon,Alaska Fuel Price Projections 2012-2035,2012,7,2018,0.49
Carbon - High,Carbon,Alaska Fuel Price Projections 2012-2035,2012,7,2019,0.50
Carbon - High,Carbon,Alaska Fuel Price Projections 2012-2035,2012,7,2020,0.52
Carbon - High,Carbon,Alaska Fuel Price Projections 2012-2035,2012,7,2021,0.53
Carbon - High,Carbon,Alaska Fuel Price Projections 2012-2035,2012,7,2022,0.55
Carbon - High,Carbon,Alaska Fuel Price Projections 2012-2035,2012,7,2023,0.57
Carbon - High,Carbon,Alaska Fuel Price Projections 2012-2035,2012,7,2024,0.58
Carbon - High,Carbon,Alaska Fuel Price Projections 2012-2035,2012,7,2025,0.60
Carbon - High,Carbon,Alaska Fuel Price Projections 2012-2035,2012,7,2026,0.62
Carbon - High,Carbon,Alaska Fuel Price Projections 2012-2035,2012,7,2027,0.64
Carbon - High,Carbon,Alaska Fuel Price Projections 2012-2035,2012,7,2028,0.66
Carbon - High,Carbon,Alaska Fuel Price Projections 2012-2035,2012,7,2029,0.68
Carbon - High,Carbon,Alaska Fuel Price Projections 2012-2035,2012,7,2030,0.70
Carbon - High,Carbon,Alaska Fuel Price Projections 2012-2035,2012,7,2031,0.72
Carbon - High,Carbon,Alaska Fuel Price Projections 2012-2035,2012,7,2032,0.74
Carbon - High,Carbon,Alaska Fuel Price Projections 2012-2035,2012,7,2033,0.76
Carbon - High,Carbon,Alaska Fuel Price Projections 2012-2035,2012,7,2034,0.78
Carbon - High,Carbon,Alaska Fuel Price Projections 2012-2035,2012,7,2035,0.81
Carbon - Med,Carbon,Alaska Fuel Price Projections 2012-2035,2012,7,2010,0.23
Carbon - Med,Carbon,Alaska Fuel Price Projections 2012-2035,2012,7,2011,0.24
Carbon - Med,Carbon,Alaska Fuel Price Projections 2012-2035,2012,7,2012,0.25
Carbon - Med,Carbon,Alaska Fuel Price Projections 2012-2035,2012,7,2013,0.25
Carbon - Med,Carbon,Alaska Fuel Price Projections 2012-2035,2012,7,2014,0.26
Carbon - Med,Carbon,Alaska Fuel Price Projections 2012-2035,2012,7,2015,0.27
Carbon - Med,Carbon,Alaska Fuel Price Projections 2012-2035,2012,7,2016,0.28
Carbon - Med,Carbon,Alaska Fuel Price Projections 2012-2035,2012,7,2017,0.28
Carbon - Med,Carbon,Alaska Fuel Price Projections 2012-2035,2012,7,2018,0.29
Carbon - Med,Carbon,Alaska Fuel Price Projections 2012-2035,2012,7,2019,0.30
Carbon - Med,Carbon,Alaska Fuel Price Projections 2012-2035,2012,7,2020,0.31
Carbon - Med,Carbon,Alaska Fuel Price Projections 2012-2035,2012,7,2021,0.32
Carbon - Med,Carbon,Alaska Fuel Price Projections 2012-2035,2012,7,2022,0.33
Carbon - Med,Carbon,Alaska Fuel Price Projections 2012-2035,2012,7,2023,0.34
Carbon - Med,Carbon,Alaska Fuel Price Projections 2012-2035,2012,7,2024,0.35
Carbon - Med,Carbon,Alaska Fuel Price Projections 2012-2035,2012,7,2025,0.36
Carbon - Med,Carbon,Alaska Fuel Price Projections 2012-2035,2012,7,2026,0.37
Carbon - Med,Carbon,Alaska Fuel Price Projections 2012-2035,2012,7,2027,0.38
Carbon - Med,Carbon,Alaska Fuel Price Projections 2012-2035,2012,7,2028,0.39
Carbon - Med,Carbon,Alaska Fuel Price Projections 2012-2035,2012,7,2029,0.41
Carbon - Med,Carbon,Alaska Fuel Price Projections 2012-2035,2012,7,2030,0.42
Carbon - Med,Carbon,Alaska Fuel Price Projections 2012-2035,2012,7,2031,0.43
Carbon - Med,Carbon,Alaska Fuel Price Projections 2012-2035,2012,7,2032,0.44
Carbon - Med,Carbon,Alaska Fuel Price Projections 2012-2035,2012,7,2033,0.46
Carbon - Med,Carbon,Alaska Fuel Price Projections 2012-2035,2012,7,2034,0.47
Carbon - Med,Carbon,Alaska Fuel Price Projections 2012-2035,2012,7,2035,0.48
Carbon - Natural Gas - Low,Carbon,Alaska Fuel Price Projections 2012-2035,2012,7,2010,0.29
Carbon - Natural Gas - Low,Carbon,Alaska Fuel Price Projections 2012-2035,2012,7,2011,0.30
Carbon - Natural Gas - Low,Carbon,Alaska Fuel Price Projections 2012-2035,2012,7,2012,0.31
Carbon - Natural Gas - Low,Carbon,Alaska Fuel Price Projections 2012-2035,2012,7,2013,0.31
Carbon - Natural Gas - Low,Carbon,Alaska Fuel Price Projections 2012-2035,2012,7,2014,0.32
Carbon - Natural Gas - Low,Carbon,Alaska Fuel Price Projections 2012-2035,2012,7,2015,0.33
Carbon - Natural Gas - Low,Carbon,Alaska Fuel Price Projections 2012-2035,2012,7,2016,0.34
Carbon - Natural Gas - Low,Carbon,Alaska Fuel Price Projections 2012-2035,2012,7,2017,0.35
Carbon - Natural Gas - Low,Carbon,Alaska Fuel Price Projections 2012-2035,2012,7,2018,0.36
Carbon - Natural Gas - Low,Carbon,Alaska Fuel Price Projections 2012-2035,2012,7,2019,0.38
Carbon - Natural Gas - Low,Carbon,Alaska Fuel Price Projections 2012-2035,2012,7,2020,0.39
Carbon - Natural Gas - Low,Carbon,Alaska Fuel Price Projections 2012-2035,2012,7,2021,0.40
Carbon - Natural Gas - Low,Carbon,Alaska Fuel Price Projections 2012-2035,2012,7,2022,0.41
Carbon - Natural Gas - Low,Carbon,Alaska Fuel Price Projections 2012-2035,2012,7,2023,0.42
Carbon - Natural Gas - Low,Carbon,Alaska Fuel Price Projections 2012-2035,2012,7,2024,0.44
Carbon - Natural Gas - Low,Carbon,Alaska Fuel Price Projections 2012-2035,2012,7,2025,0.45
Carbon - Natural Gas - Low,Carbon,Alaska Fuel Price Projections 2012-2035,2012,7,2026,0.46
Carbon - Natural Gas - Low,Carbon,Alaska Fuel Price Projections 2012-2035,2012,7,2027,0.48
Carbon - Natural Gas - Low,Carbon,Alaska Fuel Price Projections 2012-2035,2012,7,2028,0.49
Carbon - Natural Gas - Low,Carbon,Alaska Fuel Price Projections 2012-2035,2012,7,2029,0.50
Carbon - Natural Gas - Low,Carbon,Alaska Fuel Price Projections 2012-2035,2012,7,2030,0.52
Carbon - Natural Gas - Low,Carbon,Alaska Fuel Price Projections 2012-2035,2012,7,2031,0.54
Carbon - Natural Gas - Low,Carbon,Alaska Fuel Price Projections 2012-2035,2012,7,2032,0.55
Carbon - Natural Gas - Low,Carbon,Alaska Fuel Price Projections 2012-2035,2012,7,2033,0.57
Carbon - Natural Gas - Low,Carbon,Alaska Fuel Price Projections 2012-2035,2012,7,2034,0.59
Carbon - Natural Gas - Low,Carbon,Alaska Fuel Price Projections 2012-2035,2012,7,2035,0.60
Carbon - Natural Gas - High,Carbon,Alaska Fuel Price Projections 2012-2035,2012,7,2010,2.01
Carbon - Natural Gas - High,Carbon,Alaska Fuel Price Projections 2012-2035,2012,7,2011,2.08
Carbon - Natural Gas - High,Carbon,Alaska Fuel Price Projections 2012-2035,2012,7,2012,2.14
Carbon - Natural Gas - High,Carbon,Alaska Fuel Price Projections 2012-2035,2012,7,2013,2.20
Carbon - Natural Gas - High,Carbon,Alaska Fuel Price Projections 2012-2035,2012,7,2014,2.27
Carbon - Natural Gas - High,Carbon,Alaska Fuel Price Projections 2012-2035,2012,7,2015,2.34
Carbon - Natural Gas - High,Carbon,Alaska Fuel Price Projections 2012-2035,2012,7,2016,2.41
Carbon - Natural Gas - High,Carbon,Alaska Fuel Price Projections 2012-2035,2012,7,2017,2.48
Carbon - Natural Gas - High,Carbon,Alaska Fuel Price Projections 2012-2035,2012,7,2018,2.55
Carbon - Natural Gas - High,Carbon,Alaska Fuel Price Projections 2012-2035,2012,7,2019,2.63
Carbon - Natural Gas - High,Carbon,Alaska Fuel Price Projections 2012-2035,2012,7,2020,2.71
Carbon - Natural Gas - High,Carbon,Alaska Fuel Price Projections 2012-2035,2012,7,2021,2.79
Carbon - Natural Gas - High,Carbon,Alaska Fuel Price Projections 2012-2035,2012,7,2022,2.87
Carbon - Natural Gas - High,Carbon,Alaska Fuel Price Projections 2012-2035,2012,7,2023,2.96
Carbon - Natural Gas - High,Carbon,Alaska Fuel Price Projections 2012-2035,2012,7,2024,3.05
Carbon - Natural Gas - High,Carbon,Alaska Fuel Price Projections 2012-2035,2012,7,2025,3.14
Carbon - Natural Gas - High,Carbon,Alaska Fuel Price Projections 2012-2035,2012,7,2026,3.23
Carbon - Natural Gas - High,Carbon,Alaska Fuel Price Projections 2012-2035,2012,7,2027,3.33
Carbon - Natural Gas - High,Carbon,Alaska Fuel Price Projections 2012-2035,2012,7,2028,3.43
Carbon - Natural Gas - High,Carbon,Alaska Fuel Price Projections 2012-2035,2012,7,2029,3.53
Carbon - Natural Gas - High,Carbon,Alaska Fuel Price Projections 2012-2035,2012,7,2030,3.64
Carbon - Natural Gas - High,Carbon,Alaska Fuel Price Projections 2012-2035,2012,7,2031,3.75
Carbon - Natural Gas - High,Carbon,Alaska Fuel Price Projections 2012-2035,2012,7,2032,3.86
Carbon - Natural Gas - High,Carbon,Alaska Fuel Price Projections 2012-2035,2012,7,2033,3.98
Carbon - Natural Gas - High,Carbon,Alaska Fuel Price Projections 2012-2035,2012,7,2034,4.10
Carbon - Natural Gas - High,Carbon,Alaska Fuel Price Projections 2012-2035,2012,7,2035,4.22
Carbon - Natural Gas - Medium,Carbon,Alaska Fuel Price Projections 2012-2035,2012,7,2010,1.21
Carbon - Natural Gas - Medium,Carbon,Alaska Fuel Price Projections 2012-2035,2012,7,2011,1.25
Carbon - Natural Gas - Medium,Carbon,Alaska Fuel Price Projections 2012-2035,2012,7,2012,1.28
Carbon - Natural Gas - Medium,Carbon,Alaska Fuel Price Projections 2012-2035,2012,7,2013,1.32
Carbon - Natural Gas - Medium,Carbon,Alaska Fuel Price Projections 2012-2035,2012,7,2014,1.36
Carbon - Natural Gas - Medium,Carbon,Alaska Fuel Price Projections 2012-2035,2012,7,2015,1.40
Carbon - Natural Gas - Medium,Carbon,Alaska Fuel Price Projections 2012-2035,2012,7,2016,1.44
Carbon - Natural Gas - Medium,Carbon,Alaska Fuel Price Projections 2012-2035,2012,7,2017,1.49
Carbon - Natural Gas - Medium,Carbon,Alaska Fuel Price Projections 2012-2035,2012,7,2018,1.53
Carbon - Natural Gas - Medium,Carbon,Alaska Fuel Price Projections 2012-2035,2012,7,2019,1.58
Carbon - Natural Gas - Medium,Carbon,Alaska Fuel Price Projections 2012-2035,2012,7,2020,1.62
Carbon - Natural Gas - Medium,Carbon,Alaska Fuel Price Projections 2012-2035,2012,7,2021,1.67
Carbon - Natural Gas - Medium,Carbon,Alaska Fuel Price Projections 2012-2035,2012,7,2022,1.72
Carbon - Natural Gas - Medium,Carbon,Alaska Fuel Price Projections 2012-2035,2012,7,2023,1.78
Carbon - Natural Gas - Medium,Carbon,Alaska Fuel Price Projections 2012-2035,2012,7,2024,1.83
Carbon - Natural Gas - Medium,Carbon,Alaska Fuel Price Projections 2012-2035,2012,7,2025,1.88
Carbon - Natural Gas - Medium,Carbon,Alaska Fuel Price Projections 2012-2035,2012,7,2026,1.94
Carbon - Natural Gas - Medium,Carbon,Alaska Fuel Price Projections 2012-2035,2012,7,2027,2.00
Carbon - Natural Gas - Medium,Carbon,Alaska Fuel Price Projections 2012-2035,2012,7,2028,2.06
Carbon - Natural Gas - Medium,Carbon,Alaska Fuel Price Projections 2012-2035,2012,7,2029,2.12
Carbon - Natural Gas - Medium,Carbon,Alaska Fuel Price Projections 2012-2035,2012,7,2030,2.18
Carbon - Natural Gas - Medium,Carbon,Alaska Fuel Price Projections 2012-2035,2012,7,2031,2.25
Carbon - Natural Gas - Medium,Carbon,Alaska Fuel Price Projections 2012-2035,2012,7,2032,2.32
Carbon - Natural Gas - Medium,Carbon,Alaska Fuel Price Projections 2012-2035,2012,7,2033,2.39
Carbon - Natural Gas - Medium,Carbon,Alaska Fuel Price Projections 2012-2035,2012,7,2034,2.46
Carbon - Natural Gas - Medium,Carbon,Alaska Fuel Price Projections 2012-2035,2012,7,2035,2.53
Reference ,Natural Gas,Alaska Fuel Price Projections 2013-2035,2013,6,2010,7.60
Reference ,Natural Gas,Alaska Fuel Price Projections 2013-2035,2013,6,2011,6.77
Reference ,Natural Gas,Alaska Fuel Price Projections 2013-2035,2013,6,2012,4.46
Reference ,Natural Gas,Alaska Fuel Price Projections 2013-2035,2013,6,2013,5.53
Reference ,Natural Gas,Alaska Fuel Price Projections 2013-2035,2013,6,2014,5.31
Reference ,Natural Gas,Alaska Fuel Price Projections 2013-2035,2013,6,2015,5.31
Reference ,Natural Gas,Alaska Fuel Price Projections 2013-2035,2013,6,2016,6.07
Reference ,Natural Gas,Alaska Fuel Price Projections 2013-2035,2013,6,2017,6.29
Reference ,Natural Gas,Alaska Fuel Price Projections 2013-2035,2013,6,2018,6.74
Reference ,Natural Gas,Alaska Fuel Price Projections 2013-2035,2013,6,2019,6.89
Reference ,Natural Gas,Alaska Fuel Price Projections 2013-2035,2013,6,2020,7.03
Reference ,Natural Gas,Alaska Fuel Price Projections 2013-2035,2013,6,2021,7.25
Reference ,Natural Gas,Alaska Fuel Price Projections 2013-2035,2013,6,2022,7.62
Reference ,Natural Gas,Alaska Fuel Price Projections 2013-2035,2013,6,2023,7.95
Reference ,Natural Gas,Alaska Fuel Price Projections 2013-2035,2013,6,2024,8.15
Reference ,Natural Gas,Alaska Fuel Price Projections 2013-2035,2013,6,2025,8.29
Reference ,Natural Gas,Alaska Fuel Price Projections 2013-2035,2013,6,2026,8.54
Reference ,Natural Gas,Alaska Fuel Price Projections 2013-2035,2013,6,2027,8.67
Reference ,Natural Gas,Alaska Fuel Price Projections 2013-2035,2013,6,2028,8.88
Reference ,Natural Gas,Alaska Fuel Price Projections 2013-2035,2013,6,2029,9.02
Reference ,Natural Gas,Alaska Fuel Price Projections 2013-2035,2013,6,2030,9.19
Reference ,Natural Gas,Alaska Fuel Price Projections 2013-2035,2013,6,2031,9.42
Reference ,Natural Gas,Alaska Fuel Price Projections 2013-2035,2013,6,2032,9.58
Reference ,Natural Gas,Alaska Fuel Price Projections 2013-2035,2013,6,2033,9.82
Reference ,Natural Gas,Alaska Fuel Price Projections 2013-2035,2013,6,2034,10.27
Reference ,Natural Gas,Alaska Fuel Price Projections 2013-2035,2013,6,2035,10.76
Low,Natural Gas,Alaska Fuel Price Projections 2013-2035,2013,6,2010,6.84
Low,Natural Gas,Alaska Fuel Price Projections 2013-2035,2013,6,2011,6.10
Low,Natural Gas,Alaska Fuel Price Projections 2013-2035,2013,6,2012,4.01
Low,Natural Gas,Alaska Fuel Price Projections 2013-2035,2013,6,2013,4.98
Low,Natural Gas,Alaska Fuel Price Projections 2013-2035,2013,6,2014,4.78
Low,Natural Gas,Alaska Fuel Price Projections 2013-2035,2013,6,2015,4.78
Low,Natural Gas,Alaska Fuel Price Projections 2013-2035,2013,6,2016,5.46
Low,Natural Gas,Alaska Fuel Price Projections 2013-2035,2013,6,2017,5.66
Low,Natural Gas,Alaska Fuel Price Projections 2013-2035,2013,6,2018,6.06
Low,Natural Gas,Alaska Fuel Price Projections 2013-2035,2013,6,2019,6.20
Low,Natural Gas,Alaska Fuel Price Projections 2013-2035,2013,6,2020,6.33
Low,Natural Gas,Alaska Fuel Price Projections 2013-2035,2013,6,2021,6.52
Low,Natural Gas,Alaska Fuel Price Projections 2013-2035,2013,6,2022,6.86
Low,Natural Gas,Alaska Fuel Price Projections 2013-2035,2013,6,2023,7.16
Low,Natural Gas,Alaska Fuel Price Projections 2013-2035,2013,6,2024,7.33
Low,Natural Gas,Alaska Fuel Price Projections 2013-2035,2013,6,2025,7.46
Low,Natural Gas,Alaska Fuel Price Projections 2013-2035,2013,6,2026,7.69
Low,Natural Gas,Alaska Fuel Price Projections 2013-2035,2013,6,2027,7.80
Low,Natural Gas,Alaska Fuel Price Projections 2013-2035,2013,6,2028,7.99
Low,Natural Gas,Alaska Fuel Price Projections 2013-2035,2013,6,2029,8.12
Low,Natural Gas,Alaska Fuel Price Projections 2013-2035,2013,6,2030,8.27
Low,Natural Gas,Alaska Fuel Price Projections 2013-2035,2013,6,2031,8.48
Low,Natural Gas,Alaska Fuel Price Projections 2013-2035,2013,6,2032,8.62
Low,Natural Gas,Alaska Fuel Price Projections 2013-2035,2013,6,2033,8.84
Low,Natural Gas,Alaska Fuel Price Projections 2013-2035,2013,6,2034,9.24
Low,Natural Gas,Alaska Fuel Price Projections 2013-2035,2013,6,2035,9.68
High,Natural Gas,Alaska Fuel Price Projections 2013-2035,2013,6,2010,9.49
High,Natural Gas,Alaska Fuel Price Projections 2013-2035,2013,6,2011,8.47
High,Natural Gas,Alaska Fuel Price Projections 2013-2035,2013,6,2012,5.57
High,Natural Gas,Alaska Fuel Price Projections 2013-2035,2013,6,2013,6.92
High,Natural Gas,Alaska Fuel Price Projections 2013-2035,2013,6,2014,6.64
High,Natural Gas,Alaska Fuel Price Projections 2013-2035,2013,6,2015,6.63
High,Natural Gas,Alaska Fuel Price Projections 2013-2035,2013,6,2016,7.58
High,Natural Gas,Alaska Fuel Price Projections 2013-2035,2013,6,2017,7.86
High,Natural Gas,Alaska Fuel Price Projections 2013-2035,2013,6,2018,8.42
High,Natural Gas,Alaska Fuel Price Projections 2013-2035,2013,6,2019,8.61
High,Natural Gas,Alaska Fuel Price Projections 2013-2035,2013,6,2020,8.79
High,Natural Gas,Alaska Fuel Price Projections 2013-2035,2013,6,2021,9.06
High,Natural Gas,Alaska Fuel Price Projections 2013-2035,2013,6,2022,9.52
High,Natural Gas,Alaska Fuel Price Projections 2013-2035,2013,6,2023,9.94
High,Natural Gas,Alaska Fuel Price Projections 2013-2035,2013,6,2024,10.18
High,Natural Gas,Alaska Fuel Price Projections 2013-2035,2013,6,2025,10.36
High,Natural Gas,Alaska Fuel Price Projections 2013-2035,2013,6,2026,10.68
High,Natural Gas,Alaska Fuel Price Projections 2013-2035,2013,6,2027,10.84
High,Natural Gas,Alaska Fuel Price Projections 2013-2035,2013,6,2028,11.10
High,Natural Gas,Alaska Fuel Price Projections 2013-2035,2013,6,2029,11.27
High,Natural Gas,Alaska Fuel Price Projections 2013-2035,2013,6,2030,11.48
High,Natural Gas,Alaska Fuel Price Projections 2013-2035,2013,6,2031,11.77
High,Natural Gas,Alaska Fuel Price Projections 2013-2035,2013,6,2032,11.98
High,Natural Gas,Alaska Fuel Price Projections 2013-2035,2013,6,2033,12.28
High,Natural Gas,Alaska Fuel Price Projections 2013-2035,2013,6,2034,12.84
High,Natural Gas,Alaska Fuel Price Projections 2013-2035,2013,6,2035,13.45
Mid-point,Natural Gas,Alaska Fuel Price Projections 2013-2035,2013,6,2010,8.16
Mid-point,Natural Gas,Alaska Fuel Price Projections 2013-2035,2013,6,2011,7.28
Mid-point,Natural Gas,Alaska Fuel Price Projections 2013-2035,2013,6,2012,4.79
Mid-point,Natural Gas,Alaska Fuel Price Projections 2013-2035,2013,6,2013,5.95
Mid-point,Natural Gas,Alaska Fuel Price Projections 2013-2035,2013,6,2014,5.71
Mid-point,Natural Gas,Alaska Fuel Price Projections 2013-2035,2013,6,2015,5.70
Mid-point,Natural Gas,Alaska Fuel Price Projections 2013-2035,2013,6,2016,6.52
Mid-point,Natural Gas,Alaska Fuel Price Projections 2013-2035,2013,6,2017,6.76
Mid-point,Natural Gas,Alaska Fuel Price Projections 2013-2035,2013,6,2018,7.24
Mid-point,Natural Gas,Alaska Fuel Price Projections 2013-2035,2013,6,2019,7.40
Mid-point,Natural Gas,Alaska Fuel Price Projections 2013-2035,2013,6,2020,7.56
Mid-point,Natural Gas,Alaska Fuel Price Projections 2013-2035,2013,6,2021,7.79
Mid-point,Natural Gas,Alaska Fuel Price Projections 2013-2035,2013,6,2022,8.19
Mid-point,Natural Gas,Alaska Fuel Price Projections 2013-2035,2013,6,2023,8.55
Mid-point,Natural Gas,Alaska Fuel Price Projections 2013-2035,2013,6,2024,8.76
Mid-point,Natural Gas,Alaska Fuel Price Projections 2013-2035,2013,6,2025,8.91
Mid-point,Natural Gas,Alaska Fuel Price Projections 2013-2035,2013,6,2026,9.18
Mid-point,Natural Gas,Alaska Fuel Price Projections 2013-2035,2013,6,2027,9.32
Mid-point,Natural Gas,Alaska Fuel Price Projections 2013-2035,2013,6,2028,9.55
Mid-point,Natural Gas,Alaska Fuel Price Projections 2013-2035,2013,6,2029,9.69
Mid-point,Natural Gas,Alaska Fuel Price Projections 2013-2035,2013,6,2030,9.87
Mid-point,Natural Gas,Alaska Fuel Price Projections 2013-2035,2013,6,2031,10.13
Mid-point,Natural Gas,Alaska Fuel Price Projections 2013-2035,2013,6,2032,10.30
Mid-point,Natural Gas,Alaska Fuel Price Projections 2013-2035,2013,6,2033,10.56
Mid-point,Natural Gas,Alaska Fuel Price Projections 2013-2035,2013,6,2034,11.04
Mid-point,Natural Gas,Alaska Fuel Price Projections 2013-2035,2013,6,2035,11.57
Carbon - Diesel - Low,Carbon,Alaska Fuel Price Projections 2013-2035,2013,6,2013,0.12
Carbon - Diesel - Low,Carbon,Alaska Fuel Price Projections 2013-2035,2013,6,2014,0.13
Carbon - Diesel - Low,Carbon,Alaska Fuel Price Projections 2013-2035,2013,6,2015,0.13
Carbon - Diesel - Low,Carbon,Alaska Fuel Price Projections 2013-2035,2013,6,2016,0.14
Carbon - Diesel - Low,Carbon,Alaska Fuel Price Projections 2013-2035,2013,6,2017,0.14
Carbon - Diesel - Low,Carbon,Alaska Fuel Price Projections 2013-2035,2013,6,2018,0.14
Carbon - Diesel - Low,Carbon,Alaska Fuel Price Projections 2013-2035,2013,6,2019,0.15
Carbon - Diesel - Low,Carbon,Alaska Fuel Price Projections 2013-2035,2013,6,2020,0.15
Carbon - Diesel - Low,Carbon,Alaska Fuel Price Projections 2013-2035,2013,6,2021,0.16
Carbon - Diesel - Low,Carbon,Alaska Fuel Price Projections 2013-2035,2013,6,2022,0.16
Carbon - Diesel - Low,Carbon,Alaska Fuel Price Projections 2013-2035,2013,6,2023,0.17
Carbon - Diesel - Low,Carbon,Alaska Fuel Price Projections 2013-2035,2013,6,2024,0.17
Carbon - Diesel - Low,Carbon,Alaska Fuel Price Projections 2013-2035,2013,6,2025,0.18
Carbon - Diesel - Low,Carbon,Alaska Fuel Price Projections 2013-2035,2013,6,2026,0.18
Carbon - Diesel - Low,Carbon,Alaska Fuel Price Projections 2013-2035,2013,6,2027,0.19
Carbon - Diesel - Low,Carbon,Alaska Fuel Price Projections 2013-2035,2013,6,2028,0.19
Carbon - Diesel - Low,Carbon,Alaska Fuel Price Projections 2013-2035,2013,6,2029,0.20
Carbon - Diesel - Low,Carbon,Alaska Fuel Price Projections 2013-2035,2013,6,2030,0.20
Carbon - Diesel - Low,Carbon,Alaska Fuel Price Projections 2013-2035,2013,6,2031,0.21
Carbon - Diesel - Low,Carbon,Alaska Fuel Price Projections 2013-2035,2013,6,2032,0.22
Carbon - Diesel - Low,Carbon,Alaska Fuel Price Projections 2013-2035,2013,6,2033,0.22
Carbon - Diesel - Low,Carbon,Alaska Fuel Price Projections 2013-2035,2013,6,2034,0.23
Carbon - Diesel - Low,Carbon,Alaska Fuel Price Projections 2013-2035,2013,6,2035,0.24
Carbon - Diesel - Mid,Carbon,Alaska Fuel Price Projections 2013-2035,2013,6,2013,0.40
Carbon - Diesel - Mid,Carbon,Alaska Fuel Price Projections 2013-2035,2013,6,2014,0.42
Carbon - Diesel - Mid,Carbon,Alaska Fuel Price Projections 2013-2035,2013,6,2015,0.43
Carbon - Diesel - Mid,Carbon,Alaska Fuel Price Projections 2013-2035,2013,6,2016,0.44
Carbon - Diesel - Mid,Carbon,Alaska Fuel Price Projections 2013-2035,2013,6,2017,0.46
Carbon - Diesel - Mid,Carbon,Alaska Fuel Price Projections 2013-2035,2013,6,2018,0.47
Carbon - Diesel - Mid,Carbon,Alaska Fuel Price Projections 2013-2035,2013,6,2019,0.48
Carbon - Diesel - Mid,Carbon,Alaska Fuel Price Projections 2013-2035,2013,6,2020,0.50
Carbon - Diesel - Mid,Carbon,Alaska Fuel Price Projections 2013-2035,2013,6,2021,0.51
Carbon - Diesel - Mid,Carbon,Alaska Fuel Price Projections 2013-2035,2013,6,2022,0.53
Carbon - Diesel - Mid,Carbon,Alaska Fuel Price Projections 2013-2035,2013,6,2023,0.54
Carbon - Diesel - Mid,Carbon,Alaska Fuel Price Projections 2013-2035,2013,6,2024,0.56
Carbon - Diesel - Mid,Carbon,Alaska Fuel Price Projections 2013-2035,2013,6,2025,0.58
Carbon - Diesel - Mid,Carbon,Alaska Fuel Price Projections 2013-2035,2013,6,2026,0.59
Carbon - Diesel - Mid,Carbon,Alaska Fuel Price Projections 2013-2035,2013,6,2027,0.61
Carbon - Diesel - Mid,Carbon,Alaska Fuel Price Projections 2013-2035,2013,6,2028,0.63
Carbon - Diesel - Mid,Carbon,Alaska Fuel Price Projections 2013-2035,2013,6,2029,0.65
Carbon - Diesel - Mid,Carbon,Alaska Fuel Price Projections 2013-2035,2013,6,2030,0.67
Carbon - Diesel - Mid,Carbon,Alaska Fuel Price Projections 2013-2035,2013,6,2031,0.69
Carbon - Diesel - Mid,Carbon,Alaska Fuel Price Projections 2013-2035,2013,6,2032,0.71
Carbon - Diesel - Mid,Carbon,Alaska Fuel Price Projections 2013-2035,2013,6,2033,0.73
Carbon - Diesel - Mid,Carbon,Alaska Fuel Price Projections 2013-2035,2013,6,2034,0.75
Carbon - Diesel - Mid,Carbon,Alaska Fuel Price Projections 2013-2035,2013,6,2035,0.78
Carbon - Diesel - High,Carbon,Alaska Fuel Price Projections 2013-2035,2013,6,2013,0.63
Carbon - Diesel - High,Carbon,Alaska Fuel Price Projections 2013-2035,2013,6,2014,0.65
Carbon - Diesel - High,Carbon,Alaska Fuel Price Projections 2013-2035,2013,6,2015,0.67
Carbon - Diesel - High,Carbon,Alaska Fuel Price Projections 2013-2035,2013,6,2016,0.69
Carbon - Diesel - High,Carbon,Alaska Fuel Price Projections 2013-2035,2013,6,2017,0.71
Carbon - Diesel - High,Carbon,Alaska Fuel Price Projections 2013-2035,2013,6,2018,0.73
Carbon - Diesel - High,Carbon,Alaska Fuel Price Projections 2013-2035,2013,6,2019,0.75
Carbon - Diesel - High,Carbon,Alaska Fuel Price Projections 2013-2035,2013,6,2020,0.77
Carbon - Diesel - High,Carbon,Alaska Fuel Price Projections 2013-2035,2013,6,2021,0.80
Carbon - Diesel - High,Carbon,Alaska Fuel Price Projections 2013-2035,2013,6,2022,0.82
Carbon - Diesel - High,Carbon,Alaska Fuel Price Projections 2013-2035,2013,6,2023,0.85
Carbon - Diesel - High,Carbon,Alaska Fuel Price Projections 2013-2035,2013,6,2024,0.87
Carbon - Diesel - High,Carbon,Alaska Fuel Price Projections 2013-2035,2013,6,2025,0.90
Carbon - Diesel - High,Carbon,Alaska Fuel Price Projections 2013-2035,2013,6,2026,0.92
Carbon - Diesel - High,Carbon,Alaska Fuel Price Projections 2013-2035,2013,6,2027,0.95
Carbon - Diesel - High,Carbon,Alaska Fuel Price Projections 2013-2035,2013,6,2028,0.98
Carbon - Diesel - High,Carbon,Alaska Fuel Price Projections 2013-2035,2013,6,2029,1.01
Carbon - Diesel - High,Carbon,Alaska Fuel Price Projections 2013-2035,2013,6,2030,1.04
Carbon - Diesel - High,Carbon,Alaska Fuel Price Projections 2013-2035,2013,6,2031,1.07
Carbon - Diesel - High,Carbon,Alaska Fuel Price Projections 2013-2035,2013,6,2032,1.10
Carbon - Diesel - High,Carbon,Alaska Fuel Price Projections 2013-2035,2013,6,2033,1.14
Carbon - Diesel - High,Carbon,Alaska Fuel Price Projections 2013-2035,2013,6,2034,1.17
Carbon - Diesel - High,Carbon,Alaska Fuel Price Projections 2013-2035,2013,6,2035,1.21
Carbon - Natural Gas - Low,Carbon,Alaska Fuel Price Projections 2013-2035,2013,6,2013,0.65
Carbon - Natural Gas - Low,Carbon,Alaska Fuel Price Projections 2013-2035,2013,6,2014,0.67
Carbon - Natural Gas - Low,Carbon,Alaska Fuel Price Projections 2013-2035,2013,6,2015,0.69
Carbon - Natural Gas - Low,Carbon,Alaska Fuel Price Projections 2013-2035,2013,6,2016,0.71
Carbon - Natural Gas - Low,Carbon,Alaska Fuel Price Projections 2013-2035,2013,6,2017,0.73
Carbon - Natural Gas - Low,Carbon,Alaska Fuel Price Projections 2013-2035,2013,6,2018,0.75
Carbon - Natural Gas - Low,Carbon,Alaska Fuel Price Projections 2013-2035,2013,6,2019,0.77
Carbon - Natural Gas - Low,Carbon,Alaska Fuel Price Projections 2013-2035,2013,6,2020,0.79
Carbon - Natural Gas - Low,Carbon,Alaska Fuel Price Projections 2013-2035,2013,6,2021,0.82
Carbon - Natural Gas - Low,Carbon,Alaska Fuel Price Projections 2013-2035,2013,6,2022,0.84
Carbon - Natural Gas - Low,Carbon,Alaska Fuel Price Projections 2013-2035,2013,6,2023,0.87
Carbon - Natural Gas - Low,Carbon,Alaska Fuel Price Projections 2013-2035,2013,6,2024,0.89
Carbon - Natural Gas - Low,Carbon,Alaska Fuel Price Projections 2013-2035,2013,6,2025,0.92
Carbon - Natural Gas - Low,Carbon,Alaska Fuel Price Projections 2013-2035,2013,6,2026,0.95
Carbon - Natural Gas - Low,Carbon,Alaska Fuel Price Projections 2013-2035,2013,6,2027,0.98
Carbon - Natural Gas - Low,Carbon,Alaska Fuel Price Projections 2013-2035,2013,6,2028,1.01
Carbon - Natural Gas - Low,Carbon,Alaska Fuel Price Projections 2013-2035,2013,6,2029,1.04
Carbon - Natural Gas - Low,Carbon,Alaska Fuel Price Projections 2013-2035,2013,6,2030,1.07
Carbon - Natural Gas - Low,Carbon,Alaska Fuel Price Projections 2013-2035,2013,6,2031,1.10
Carbon - Natural Gas - Low,Carbon,Alaska Fuel Price Projections 2013-2035,2013,6,2032,1.13
Carbon - Natural Gas - Low,Carbon,Alaska Fuel Price Projections 2013-2035,2013,6,2033,1.17
Carbon - Natural Gas - Low,Carbon,Alaska Fuel Price Projections 2013-2035,2013,6,2034,1.20
Carbon - Natural Gas - Low,Carbon,Alaska Fuel Price Projections 2013-2035,2013,6,2035,1.24
Carbon - Natural Gas - Mid,Carbon,Alaska Fuel Price Projections 2013-2035,2013,6,2013,2.12
Carbon - Natural Gas - Mid,Carbon,Alaska Fuel Price Projections 2013-2035,2013,6,2014,2.18
Carbon - Natural Gas - Mid,Carbon,Alaska Fuel Price Projections 2013-2035,2013,6,2015,2.24
Carbon - Natural Gas - Mid,Carbon,Alaska Fuel Price Projections 2013-2035,2013,6,2016,2.31
Carbon - Natural Gas - Mid,Carbon,Alaska Fuel Price Projections 2013-2035,2013,6,2017,2.38
Carbon - Natural Gas - Mid,Carbon,Alaska Fuel Price Projections 2013-2035,2013,6,2018,2.45
Carbon - Natural Gas - Mid,Carbon,Alaska Fuel Price Projections 2013-2035,2013,6,2019,2.53
Carbon - Natural Gas - Mid,Carbon,Alaska Fuel Price Projections 2013-2035,2013,6,2020,2.60
Carbon - Natural Gas - Mid,Carbon,Alaska Fuel Price Projections 2013-2035,2013,6,2021,2.68
Carbon - Natural Gas - Mid,Carbon,Alaska Fuel Price Projections 2013-2035,2013,6,2022,2.76
Carbon - Natural Gas - Mid,Carbon,Alaska Fuel Price Projections 2013-2035,2013,6,2023,2.84
Carbon - Natural Gas - Mid,Carbon,Alaska Fuel Price Projections 2013-2035,2013,6,2024,2.93
Carbon - Natural Gas - Mid,Carbon,Alaska Fuel Price Projections 2013-2035,2013,6,2025,3.02
Carbon - Natural Gas - Mid,Carbon,Alaska Fuel Price Projections 2013-2035,2013,6,2026,3.11
Carbon - Natural Gas - Mid,Carbon,Alaska Fuel Price Projections 2013-2035,2013,6,2027,3.20
Carbon - Natural Gas - Mid,Carbon,Alaska Fuel Price Projections 2013-2035,2013,6,2028,3.30
Carbon - Natural Gas - Mid,Carbon,Alaska Fuel Price Projections 2013-2035,2013,6,2029,3.39
Carbon - Natural Gas - Mid,Carbon,Alaska Fuel Price Projections 2013-2035,2013,6,2030,3.50
Carbon - Natural Gas - Mid,Carbon,Alaska Fuel Price Projections 2013-2035,2013,6,2031,3.60
Carbon - Natural Gas - Mid,Carbon,Alaska Fuel Price Projections 2013-2035,2013,6,2032,3.71
Carbon - Natural Gas - Mid,Carbon,Alaska Fuel Price Projections 2013-2035,2013,6,2033,3.82
Carbon - Natural Gas - Mid,Carbon,Alaska Fuel Price Projections 2013-2035,2013,6,2034,3.93
Carbon - Natural Gas - Mid,Carbon,Alaska Fuel Price Projections 2013-2035,2013,6,2035,4.05
Carbon - Natural Gas - High,Carbon,Alaska Fuel Price Projections 2013-2035,2013,6,2013,3.29
Carbon - Natural Gas - High,Carbon,Alaska Fuel Price Projections 2013-2035,2013,6,2014,3.39
Carbon - Natural Gas - High,Carbon,Alaska Fuel Price Projections 2013-2035,2013,6,2015,3.49
Carbon - Natural Gas - High,Carbon,Alaska Fuel Price Projections 2013-2035,2013,6,2016,3.60
Carbon - Natural Gas - High,Carbon,Alaska Fuel Price Projections 2013-2035,2013,6,2017,3.70
Carbon - Natural Gas - High,Carbon,Alaska Fuel Price Projections 2013-2035,2013,6,2018,3.81
Carbon - Natural Gas - High,Carbon,Alaska Fuel Price Projections 2013-2035,2013,6,2019,3.93
Carbon - Natural Gas - High,Carbon,Alaska Fuel Price Projections 2013-2035,2013,6,2020,4.05
Carbon - Natural Gas - High,Carbon,Alaska Fuel Price Projections 2013-2035,2013,6,2021,4.17
Carbon - Natural Gas - High,Carbon,Alaska Fuel Price Projections 2013-2035,2013,6,2022,4.29
Carbon - Natural Gas - High,Carbon,Alaska Fuel Price Projections 2013-2035,2013,6,2023,4.42
Carbon - Natural Gas - High,Carbon,Alaska Fuel Price Projections 2013-2035,2013,6,2024,4.55
Carbon - Natural Gas - High,Carbon,Alaska Fuel Price Projections 2013-2035,2013,6,2025,4.69
Carbon - Natural Gas - High,Carbon,Alaska Fuel Price Projections 2013-2035,2013,6,2026,4.83
Carbon - Natural Gas - High,Carbon,Alaska Fuel Price Projections 2013-2035,2013,6,2027,4.98
Carbon - Natural Gas - High,Carbon,Alaska Fuel Price Projections 2013-2035,2013,6,2028,5.13
Carbon - Natural Gas - High,Carbon,Alaska Fuel Price Projections 2013-2035,2013,6,2029,5.28
Carbon - Natural Gas - High,Carbon,Alaska Fuel Price Projections 2013-2035,2013,6,2030,5.44
Carbon - Natural Gas - High,Carbon,Alaska Fuel Price Projections 2013-2035,2013,6,2031,5.60
Carbon - Natural Gas - High,Carbon,Alaska Fuel Price Projections 2013-2035,2013,6,2032,5.77
Carbon - Natural Gas - High,Carbon,Alaska Fuel Price Projections 2013-2035,2013,6,2033,5.94
Carbon - Natural Gas - High,Carbon,Alaska Fuel Price Projections 2013-2035,2013,6,2034,6.12
Carbon - Natural Gas - High,Carbon,Alaska Fuel Price Projections 2013-2035,2013,6,2035,6.30
