year,utility__name,utility__regulatory_status__name,utility__certificate,utility__utility_type__name,utility__eia_operator_id,community_names,net_generation_total,purchased_power,net_wheeled_power,total_disposition,sales_to_consumers,sales_for_resale,furnished_without_payment,station_use,unaccountable_energy_loss,source,notes
2011,Akiachak Native Community,Not regulated,1,Private Electric Utility,192,Akiachak,1885,0,0,1885,1496,0,201,34,154,PCE,
2011,Akiak City Council,Not regulated,1,Public Electric Utility,,Akiak,1060,0,0,1060,840,0,16,30,174,PCE,
2011,"Akutan, City of",Not regulated,1,Public Electric Utility,24486,Akutan,543,0,0,543,497,0,0,12,35,PCE,
2011,Alaska Electric Light & Power Company,Regulated,1,Private Electric Utility,213,Juneau,127810,257713,0,385523,364710,0,0,4121,16692,EIA,
2011,Alaska Environmental Power LLC,Regulated,1,Independent Power Producer,58488,,1394,0,0,1394,0,1394,0,,,EIA,Plant is also know as Delta Wind. Alaska Environmental LLC is an independent power producer that sells all its power to GVEA.
2011,Alaska Power & Telephone Company,Regulated,1,Private Electric Utility,219,"Allakaket, Alatna",689,0,0,689,601,0,0,34,54,PCE,Provides power to Alatna via intertie. Data includes Alatna's information.
2011,Alaska Power & Telephone Company,Regulated,1,Private Electric Utility,219,"Bettles, Evansville",575,0,0,575,529,0,0,1,45,PCE,Provides power to Evansville via intertie. Data includes Evansville's information.
2011,Alaska Power & Telephone Company,Regulated,1,Private Electric Utility,219,Chistochina,1,0,0,1,348,0,0,3,-350,PCE,Receives power from Slana via intertie.
2011,Alaska Power & Telephone Company,Regulated,1,Private Electric Utility,219,Coffman Cove,639,184,0,823,787,0,0,6,30,PCE,Part of the Alaska Power Company's grid on Prince of Wales Island.
2011,Alaska Power & Telephone Company,Regulated,1,Private Electric Utility,219,Craig,4262,24056,0,28318,11700,0,0,196,16422,PCE,"Provides power to Hollis, Klawock, Thorne Bay/Kasaan and Hydaburg via intertie."
2011,Alaska Power & Telephone Company,Regulated,1,Private Electric Utility,219,"Dot Lake, Dot Lake Village",0,0,0,0,348,0,0,1,-349,PCE,"Receives power form Tok via intertie. Dot Lake's data includes Dot Lake Village's information. For fuel use and cost information, please refer to Tok."
2011,Alaska Power & Telephone Company,Regulated,1,Private Electric Utility,219,"Eagle, Eagle Village",762,0,0,762,670,0,0,12,80,PCE,Provides power to Eagle Village via intertie. Data includes Eagle Village's information.
2011,Alaska Power & Telephone Company,Regulated,1,Private Electric Utility,219,"Haines, Skagway",485,14357,0,14842,12800,0,0,309,1733,PCE,Plant is also referred to as Lutak. Part of the Alaska Power Company's grid in the Upper Lynn Canal service area.
2011,Alaska Power & Telephone Company,Regulated,1,Private Electric Utility,219,Healy Lake,86,0,0,86,72,0,0,2,12,PCE,
2011,Alaska Power & Telephone Company,Regulated,1,Private Electric Utility,219,Hollis,0,0,0,0,899,0,0,12,-911,PCE,Part of the Alaska Power Company's grid on Prince of Wales Island. Receives power from Craig. Refer to Craig for fuel use and cost.
2011,Alaska Power & Telephone Company,Regulated,1,Private Electric Utility,219,Hydaburg,0,0,0,0,1374,0,0,24,-1398,PCE,Part of the Alaska Power Company's grid on Prince of Wales Island. Receives power from Craig. Refer to Craig for fuel use and cost.
2011,Alaska Power & Telephone Company,Regulated,1,Private Electric Utility,219,Klawock,0,0,0,0,8326,0,0,27,-8354,PCE,Part of the Alaska Power Company's grid on Prince of Wales Island. Receives power from Craig. Refer to Craig for fuel use and cost.
2011,Alaska Power & Telephone Company,Regulated,1,Private Electric Utility,219,Mentasta Lake,240,0,0,240,356,0,0,2,-119,PCE,
2011,Alaska Power & Telephone Company,Regulated,1,Private Electric Utility,219,Naukati Bay,463,0,0,463,425,0,0,13,25,PCE,
2011,Alaska Power & Telephone Company,Regulated,1,Private Electric Utility,219,"Northway, Northway Village",1298,0,0,1298,1186,0,0,13,99,PCE,Provides power to Northway Village via intertie. Data includes Northway Village's information.
2011,Alaska Power & Telephone Company,Regulated,1,Private Electric Utility,219,Skagway,3209,10065,0,13274,12200,0,0,164,910,PCE,Part of the Alaska Power Company's grid in the Upper Lynn Canal service area.
2011,Alaska Power & Telephone Company,Regulated,1,Private Electric Utility,219,"Slana, Chistochina",1170,0,0,1170,530,0,0,20,620,PCE,Provides power to Chistochina via intertie. Includes Chistochina's fuel use and fuel cost.
2011,Alaska Power & Telephone Company,Regulated,1,Private Electric Utility,219,Tetlin,0,0,0,0,333,0,0,0,-333,PCE,Receives power from Tok via intertie. For fuel use and cost information please refer to Tok.
2011,Alaska Power & Telephone Company,Regulated,1,Private Electric Utility,219,"Thorne Bay, Kasaan",0,0,,0,3174,,0,82,0,PCE,Part of the Alaska Power Company's grid on Prince of Wales Island. Receives power from Craig. Refer to Craig for fuel use and cost. Includes data for Kaasan.
2011,Alaska Power & Telephone Company,Regulated,1,Private Electric Utility,219,"Tok, Tanacross",10600,0,0,10600,8520,0,0,134,1946,PCE,"Provides power to Tanacross, Tetlin and Dot Lake via intertie. Includes Tanacross' information. Fuel use and cost also includes Tetlin's and Dot Lake's information."
2011,Alaska Power & Telephone Company,Regulated,1,Private Electric Utility,219,Whale Pass,278,0,0,278,229,0,0,11,38,PCE,
2011,Alaska Village Electric Cooperative,Not regulated,1,Electric Co-op,221,Alakanuk,1972,0,0,1972,1930,0,0,26,16,PCE,
2011,Alaska Village Electric Cooperative,Not regulated,1,Electric Co-op,221,Ambler,1309,0,0,1309,1243,0,0,31,35,PCE,
2011,Alaska Village Electric Cooperative,Not regulated,1,Electric Co-op,221,Anvik,424,0,0,424,389,0,0,19,17,PCE,
2011,Alaska Village Electric Cooperative,Not regulated,1,Electric Co-op,221,Brevig Mission,1229,0,0,1229,1146,0,0,53,31,PCE,
2011,Alaska Village Electric Cooperative,Not regulated,1,Electric Co-op,221,Chevak,2498,0,0,2498,2329,0,0,99,70,PCE,
2011,Alaska Village Electric Cooperative,Not regulated,1,Electric Co-op,221,Eek,813,0,0,813,773,0,0,13,27,PCE,
2011,Alaska Village Electric Cooperative,Not regulated,1,Electric Co-op,221,Ekwok,284,0,0,284,252,0,0,22,9,PCE,
2011,Alaska Village Electric Cooperative,Not regulated,1,Electric Co-op,221,Elim,1175,0,0,1175,1111,0,0,16,48,PCE,
2011,Alaska Village Electric Cooperative,Not regulated,1,Electric Co-op,221,Emmonak,3220,0,0,3220,3058,0,0,50,113,PCE,
2011,Alaska Village Electric Cooperative,Not regulated,1,Electric Co-op,221,Gambell,1993,0,0,1993,1776,0,0,110,107,PCE,
2011,Alaska Village Electric Cooperative,Not regulated,1,Electric Co-op,221,Goodnews Bay,787,0,0,787,764,0,0,14,9,PCE,
2011,Alaska Village Electric Cooperative,Not regulated,1,Electric Co-op,221,Grayling,585,0,0,585,547,0,0,16,22,PCE,
2011,Alaska Village Electric Cooperative,Not regulated,1,Electric Co-op,221,Holy Cross,626,0,0,626,603,0,0,31,-9,PCE,
2011,Alaska Village Electric Cooperative,Not regulated,1,Electric Co-op,221,Hooper Bay,3323,0,0,3323,2980,0,0,69,275,PCE,
2011,Alaska Village Electric Cooperative,Not regulated,1,Electric Co-op,221,Huslia,1031,0,0,1031,992,0,0,25,14,PCE,
2011,Alaska Village Electric Cooperative,Not regulated,1,Electric Co-op,221,"Kalskag, Lower Kalskag",1509,0,0,1509,939,0,0,37,534,PCE,Provides power to Lower Kalskag via intertie. Fuel use and cost data includes information for Lower Kalskag.
2011,Alaska Village Electric Cooperative,Not regulated,1,Electric Co-op,221,Kaltag,745,0,0,745,685,0,0,18,42,PCE,
2011,Alaska Village Electric Cooperative,Not regulated,1,Electric Co-op,221,Kasigluk,2861,0,0,2861,1556,0,0,77,1228,PCE,
2011,Alaska Village Electric Cooperative,Not regulated,1,Electric Co-op,221,Kiana,1556,0,0,1556,1437,0,0,44,74,PCE,
2011,Alaska Village Electric Cooperative,Not regulated,1,Electric Co-op,221,Kivalina,1250,0,0,1250,1155,0,0,38,57,PCE,
2011,Alaska Village Electric Cooperative,Not regulated,1,Electric Co-op,221,Kotlik,2011,0,0,2011,1835,0,0,45,131,PCE,
2011,Alaska Village Electric Cooperative,Not regulated,1,Electric Co-op,221,Koyuk,1333,0,0,1333,1276,0,0,17,40,PCE,
2011,Alaska Village Electric Cooperative,Not regulated,1,Electric Co-op,221,Lower Kalskag,0,0,0,0,534,0,0,0,-534,PCE,"Receives power from (Upper) Kalskag via intertie. For fuel use and cost, please refer to (Upper) Kalskag."
2011,Alaska Village Electric Cooperative,Not regulated,1,Electric Co-op,221,Marshall,1679,0,0,1679,1594,0,0,35,50,PCE,
2011,Alaska Village Electric Cooperative,Not regulated,1,Electric Co-op,221,Mekoryuk,1029,0,0,1029,884,0,0,81,64,PCE,
2011,Alaska Village Electric Cooperative,Not regulated,1,Electric Co-op,221,Minto,672,0,0,672,619,0,0,19,33,PCE,
2011,Alaska Village Electric Cooperative,Not regulated,1,Electric Co-op,221,Mountain Village,2839,0,0,2839,2690,0,0,42,107,PCE,
2011,Alaska Village Electric Cooperative,Not regulated,1,Electric Co-op,221,New Stuyahok,1502,0,0,1502,1428,0,0,36,38,PCE,
2011,Alaska Village Electric Cooperative,Not regulated,1,Electric Co-op,221,Nightmute,0,0,0,0,598,0,0,0,-598,PCE,"Receives power from Toksook Bay via intertie. For fuel use and cost, please refer to Toksook Bay."
2011,Alaska Village Electric Cooperative,Not regulated,1,Electric Co-op,221,Noatak,1840,0,0,1840,1746,0,0,39,55,PCE,
2011,Alaska Village Electric Cooperative,Not regulated,1,Electric Co-op,221,Noorvik,2034,0,0,2034,1943,0,0,33,59,PCE,
2011,Alaska Village Electric Cooperative,Not regulated,1,Electric Co-op,221,Nulato,1129,0,0,1129,1114,0,0,19,-4,PCE,
2011,Alaska Village Electric Cooperative,Not regulated,1,Electric Co-op,221,Nunapitchuk,0,0,0,0,1179,0,0,0,-1179,PCE,Receives power from Kasigluk. Please refer to Kasigluk for fuel use and cost.
2011,Alaska Village Electric Cooperative,Not regulated,1,Electric Co-op,221,Old Harbor,819,0,0,819,756,0,0,31,32,PCE,
2011,Alaska Village Electric Cooperative,Not regulated,1,Electric Co-op,221,Pilot Station,1770,0,0,1770,1685,0,0,20,65,PCE,
2011,Alaska Village Electric Cooperative,Not regulated,1,Electric Co-op,221,Pitkas Point,0,0,0,0,380,0,0,0,-380,PCE,"Receives power from Saint Mary's via intertie. For fuel use and cost, please refer to Saint Mary's."
2011,Alaska Village Electric Cooperative,Not regulated,1,Electric Co-op,221,Quinhagak,1867,0,0,1867,1734,0,0,43,90,PCE,
2011,Alaska Village Electric Cooperative,Not regulated,1,Electric Co-op,221,Russian Mission,1142,0,0,1142,1082,0,0,18,41,PCE,
2011,Alaska Village Electric Cooperative,Not regulated,1,Electric Co-op,221,"Saint Mary's, Andreafsky",3220,0,0,3220,2703,0,0,48,469,PCE,
2011,Alaska Village Electric Cooperative,Not regulated,1,Electric Co-op,221,Saint Michael,1781,0,0,1781,1683,0,0,46,52,PCE,
2011,Alaska Village Electric Cooperative,Not regulated,1,Electric Co-op,221,Savoonga,2147,0,0,2147,2100,0,0,34,13,PCE,
2011,Alaska Village Electric Cooperative,Not regulated,1,Electric Co-op,221,Scammon Bay,1767,0,0,1767,1678,0,0,31,57,PCE,
2011,Alaska Village Electric Cooperative,Not regulated,1,Electric Co-op,221,Selawik,2905,0,0,2905,2726,0,0,52,127,PCE,
2011,Alaska Village Electric Cooperative,Not regulated,1,Electric Co-op,221,Shageluk,381,0,0,381,345,0,0,12,24,PCE,
2011,Alaska Village Electric Cooperative,Not regulated,1,Electric Co-op,221,Shaktoolik,926,0,0,926,886,0,0,22,18,PCE,
2011,Alaska Village Electric Cooperative,Not regulated,1,Electric Co-op,221,Shishmaref,1641,0,0,1641,1580,0,0,47,13,PCE,
2011,Alaska Village Electric Cooperative,Not regulated,1,Electric Co-op,221,"Shungnak, Kobuk",1569,0,0,1569,1505,0,0,42,23,PCE,Provides power to Kobuk via intertie. Fuel use and cost includes Kobuk's information.
2011,Alaska Village Electric Cooperative,Not regulated,1,Electric Co-op,221,Stebbins,1388,0,0,1388,1348,0,0,33,6,PCE,
2011,Alaska Village Electric Cooperative,Not regulated,1,Electric Co-op,221,Teller,882,0,0,882,789,0,0,44,49,PCE,
2011,Alaska Village Electric Cooperative,Not regulated,1,Electric Co-op,221,Togiak,3079,0,0,3079,2936,0,0,35,109,PCE,
2011,Alaska Village Electric Cooperative,Not regulated,1,Electric Co-op,221,"Toksook Bay, Nightmute, Tununak",3293,0,0,3293,1527,0,0,140,1625,PCE,Provides power to Nightmute and Tununak via intertie. Fuel use and cost includes Nightmute's and Tununak's information.
2011,Alaska Village Electric Cooperative,Not regulated,1,Electric Co-op,221,Tununak,0,0,0,0,831,0,0,0,-831,PCE,"Receives power from Toksook Bay via intertie. For fuel use and cost, please refer to Toksook Bay."
2011,Alaska Village Electric Cooperative,Not regulated,1,Electric Co-op,221,Wales,617,0,0,617,535,0,0,35,47,PCE,
2011,Alutiiq Power Company,"Regulated, rate exemption",1,Private Electric Utility,,Karluk,256,0,0,256,216,0,7,3,30,PCE,
2011,Anchorage Municipal Light & Power,Regulated,1,Public Electric Utility,599,Anchorage,1239809,78661,0,1318470,1111643,185375,0,,21452,EIA,
2011,Aniak Light & Power,Regulated,1,Private Electric Utility,4959,Aniak,2653,0,0,2653,2144,0,91,34,384,PCE,
2011,"Atka, City of",Not regulated,1,Public Electric Utility,56256,Atka,472,0,0,472,389,0,4,27,51,PCE,
2011,Atmautluak Tribal Utilities,Not regulated,1,Private Electric Utility,878,Atmautluak,819,0,0,819,568,0,130,22,99,PCE,
2011,Barrow Utilities & Electric Cooperative Inc.,Not regulated,1,Electric Co-op,1276,Barrow,51204,0,0,51204,50052,0,0,0,1152,EIA,
2011,Beaver Joint Utilities,Not regulated,1,Private Electric Utility,,Beaver,318,0,0,318,297,0,0,0,21,PCE,
2011,Bethel Utilities Corporation,Regulated,1,Private Electric Utility,1651,"Bethel, Oscarville",42400,0,0,42400,39500,0,0,636,2264,PCE,Provides power to Oscarville and sells power to Napakiak Ircinraq via intertie. Data includes Oscarville's information.
2011,"Buckland, City of",Not regulated,1,Public Electric Utility,,Buckland,1626,0,0,1626,1319,0,8,34,264,PCE,
2011,Chalkyitsik Village Council,"Regulated, rate exemption",1,Private Electric Utility,,Chalkyitsik,332,0,0,332,214,0,64,27,27,PCE,
2011,Chenega Ira Council,"Regulated, rate exemption",1,Private Electric Utility,,Chenega Bay,321,0,0,321,291,0,0,12,17,PCE,
2011,"Chignik, City of",Not regulated,1,Private Electric Utility,3421,Chignik,901,0,0,901,786,0,0,33,82,PCE,
2011,Chignik Lagoon Power Utility,"Regulated, rate exemption",1,Private Electric Utility,,Chignik Lagoon,524,0,0,524,451,0,10,17,45,PCE,
2011,Chignik Lake Electric Utility,Not regulated,1,Private Electric Utility,,Chignik Lake,206,0,0,206,180,0,8,7,11,PCE,
2011,Chitina Electric Inc,Not regulated,1,Private Electric Utility,3465,Chitina,560,0,0,560,480,0,7,41,32,PCE,
2011,Chugach Electric Assn Inc,Regulated,1,Electric Co-op,3522,,2408041,440254,7532,2855827,1166336,1538076,0,6158,145257,EIA,
2011,Circle Electric Utility,Not regulated,1,Private Electric Utility,,Circle,394,0,0,394,359,0,0,5,31,PCE,
2011,Copper Valley Elec Assn Inc,Not regulated,1,Private Electric Utility,4329,Valdez,86113,0,0,86113,80421,0,0,205,5487,EIA,
2011,Cordova Electric Cooperative,Not regulated,1,Electric Co-op,40215,"Cordova, Eyak",26900,0,0,26900,25700,0,0,518,682,PCE,New plant
2011,Diomede Joint Utilities,Not regulated,1,Public Electric Utility,,Diomede,477,0,0,477,429,0,17,39,-8,PCE,
2011,Egegik Light & Power Co,Not regulated,1,Public Electric Utility,57351,Egegik,282,0,0,282,254,0,0,1,28,PCE,
2011,Elfin Cove Utility Commission,Not regulated,1,Electric Co-op,5721,Elfin Cove,298,0,0,298,248,0,0,20,29,PCE,
2011,"False Pass, City of",Not regulated,1,Public Electric Utility,,False Pass,501,0,0,501,389,0,0,39,73,PCE,
2011,G & K Inc,Regulated,1,Private Electric Utility,6866,Cold Bay,2725,0,0,2725,2395,0,0,158,172,PCE,
2011,Gold Country Energy,Regulated,1,Private Electric Utility,56739,Central,494,0,0,494,439,0,0,19,35,PCE,
2011,Golden Valley Elec Assn Inc,Regulated,1,Private Electric Utility,7353,,672276,697906,280,1370462,1289927,170,0,9341,71024,EIA,
2011,Golovin Power Utilities,Not regulated,1,Public Electric Utility,,Golovin,782,0,0,782,567,0,45,26,144,PCE,
2011,Gustavus Electric Co,Regulated,1,Private Electric Utility,7822,Gustavus,2094,0,0,2094,1826,0,0,41,227,PCE,
2011,Gwitchyaa Zhee Utilities Company,Regulated,1,Private Electric Utility,7833,Fort Yukon,3092,0,0,3092,2754,0,0,30,308,PCE,
2011,Homer Electric Assn Inc,Regulated,1,Private Electric Utility,19558,,179,510282,0,510461,474669,0,0,2346,33446,EIA,"Generation from Bradley Lake is shared among Chugach, AML&P, HEA, MEA, Seward Electric and GVEA"
2011,Hughes Power & Light,Not regulated,1,Public Electric Utility,9000,Hughes,409,0,0,409,298,0,2,36,72,PCE,
2011,Igiugig Electric Company,"Regulated, rate exemption",1,Private Electric Utility,9192,Igiugig,155,0,0,155,273,0,0,14,-131,PCE,
2011,"I-N-N Electric Coop, Inc",Not regulated,1,Electric Co-op,9188,"Iliamna, Newhalen, Nondalton",4093,0,0,4093,2929,0,0,449,714,PCE,"Power produced at the Tazimina hydroelectric project and the Newhalen plant is shared by Iliamna, Newhalen and Nondalton. Newhalen's information is included in Nondalton's data."
2011,Inside Passage Electric,Regulated,1,Electric Co-op,18963,Angoon,2089,0,0,2089,1861,0,0,63,165,PCE,
2011,Inside Passage Electric,Regulated,1,Electric Co-op,18963,Chilkat Valley,184,1601,0,1784,1139,0,0,68,577,PCE,Provides power to Klukwan via intertie. Power is purchased from AP&T.
2011,Inside Passage Electric,Regulated,1,Electric Co-op,18963,Hoonah,4860,0,0,4860,4425,0,0,43,392,PCE,
2011,Inside Passage Electric,Regulated,1,Electric Co-op,18963,Kake,2831,0,0,2831,2535,0,0,62,235,PCE,
2011,Inside Passage Electric,Regulated,1,Electric Co-op,18963,Klukwan,0,0,0,0,375,0,0,0,-375,PCE,Receives power from Chilkat Valley via intertie. Chilkat Valley purchases power from AP&T.
2011,Ketchikan Public Utilities,Not regulated,1,Public Electric Utility,10210,Ketchikan,84777,88081,0,172858,164714,0,2363,115,5666,EIA,
2011,"King Cove, City of",Not regulated,1,Public Electric Utility,9897,King Cove,4893,0,0,4893,3957,0,147,78,711,PCE,
2011,Kipnuk Light Plant,Regulated,1,Private Electric Utility,,Kipnuk,1606,0,0,1606,1365,0,78,23,140,PCE,
2011,Kobuk Valley Electric Company,,1,Electric Co-op,,Kobuk,0,557,0,557,500,0,0,0,57,PCE,"Receives power from Shungnak via intertie. For fuel use and cost, please refer to Shungnak. On July 1, 2012, AVEC took over operations in Kobuk."
2011,Kodiak Electric Assn Inc,Regulated,1,Electric Co-op,10433,Kodiak,148379,0,0,148379,141970,0,0,574,5835,EIA,
2011,Kokhanok Village Council,"Regulated, rate exemption",1,Public Electric Utility,10455,Kokhanok,502,0,0,502,404,0,9,29,60,PCE,
2011,Kotzebue Electric Association,Not regulated,1,Electric Co-op,10451,Kotzebue,22800,0,0,22800,20900,0,0,989,911,PCE,
2011,"Koyukuk, City of",Not regulated,1,Public Electric Utility,,Koyukuk,333,0,0,333,267,0,1,19,46,PCE,
2011,Kwethluk Incorporated d/b/a Kuiggluum Kallugvia,Not regulated,1,Private Electric Utility,9832,Kwethluk,1412,0,0,1412,1010,0,133,34,235,PCE,
2011,Kwigillingok Power Company,Not regulated,1,Private Electric Utility,10491,Kwigillingok,1209,0,0,1209,916,0,24,41,228,PCE,
2011,Larsen Bay Utility Company,Not regulated,1,Public Electric Utility,10716,Larsen Bay,429,0,0,429,610,0,66,22,-269,PCE,
2011,Levelock Electrical Coop,Not regulated,1,Electric Co-op,,Levelock,507,0,0,507,358,0,12,35,102,PCE,
2011,Manokotak Power Company,Not regulated,1,Private Electric Utility,26317,Manokotak,1411,0,0,1411,1223,0,67,45,76,PCE,
2011,Matanuska Electric Association,Regulated,1,Electric Co-op,11824,,0,763686,0,763686,717195,0,0,3104,43387,EIA,
2011,Mcgrath Light & Power,Regulated,1,Private Electric Utility,12119,McGrath,2903,0,0,2903,2540,0,5,62,296,PCE,
2011,Metlakatla Power & Light,Regulated,1,Private Electric Utility,12385,Metlakatla,20068,0,0,20068,18396,0,0,315,1357,EIA,
2011,Middle Kuskokwim Electric,Regulated,1,Electric Co-op,12485,Chuathbaluk,233,0,0,233,254,0,1,12,-34,PCE,
2011,Middle Kuskokwim Electric,Regulated,1,Electric Co-op,12485,Crooked Creek,310,0,0,310,258,0,0,7,45,PCE,
2011,Middle Kuskokwim Electric,Regulated,1,Electric Co-op,12485,Red Devil,109,0,0,109,94,0,0,2,12,PCE,
2011,Middle Kuskokwim Electric,Regulated,1,Electric Co-op,12485,Sleetmute,275,0,0,275,252,0,0,16,6,PCE,
2011,Middle Kuskokwim Electric,Regulated,1,Electric Co-op,12485,Stony River,143,0,0,143,111,0,0,15,17,PCE,
2011,Naknek Electric Association,Not regulated,1,Electric Co-op,13201,"Naknek, King Salmon, South Naknek",20600,0,0,20600,18400,0,0,621,1579,PCE,Provides power to South Naknek and King Salmon via intertie. Data includes South Naknek's and King Salmon's information.
2011,Napakiak Ircinraq,Not regulated,1,Private Electric Utility,13211,Napakiak,0,639,0,639,602,0,2,0,35,PCE,Purchases power from Bethel Utilities Corporation
2011,Napaskiak Electric Utility,Not regulated,1,Private Electric Utility,,Napaskiak,1016,0,0,1016,750,0,52,36,178,PCE,
2011,Naterkaq Light Plant (City of Chefornak),Not regulated,1,Private Electric Utility,3422,Chefornak,1661,0,0,1661,1093,0,46,30,491,PCE,
2011,Native Village of Perryville,"Regulated, rate exemption",1,Private Electric Utility,14832,Perryville,198,0,0,198,342,0,18,6,-168,PCE,
2011,Nelson Lagoon Electrical Coop,Not regulated,1,Electric Co-op,13477,Nelson Lagoon,398,0,0,398,373,0,0,6,19,PCE,
2011,New Koliganek Village Council,"Regulated, rate exemption",1,Private Electric Utility,,Koliganek,670,0,0,670,610,0,0,22,38,PCE,
2011,"Nikolai, City of",Not regulated,1,Public Electric Utility,,Nikolai,416,0,0,416,334,0,0,17,65,PCE,
2011,Nome Joint Utility Systems,Not regulated,1,Private Electric Utility,13642,Nome,35000,955,0,35955,32800,0,0,1545,1610,PCE,
2011,North Slope Borough Power & Light,Not regulated,1,Public Electric Utility,26616,Anaktuvuk Pass,3769,0,,3769,3293,,32,204,240,PCE,
2011,North Slope Borough Power & Light,Not regulated,1,Public Electric Utility,26616,Atqasuk,3351,0,,3351,2994,,18,100,239,PCE,
2011,North Slope Borough Power & Light,Not regulated,1,Public Electric Utility,26616,Kaktovik,4830,0,,4830,4846,,18,201,-235,PCE,
2011,North Slope Borough Power & Light,Not regulated,1,Public Electric Utility,26616,Nuiqsut,5697,0,,5697,4567,,32,377,722,PCE,
2011,North Slope Borough Power & Light,Not regulated,1,Public Electric Utility,26616,Point Hope,6465,0,,6465,5163,,54,363,885,PCE,
2011,North Slope Borough Power & Light,Not regulated,1,Public Electric Utility,26616,Point Lay,3430,0,,3430,2357,,11,244,819,PCE,
2011,North Slope Borough Power & Light,Not regulated,1,Public Electric Utility,26616,Wainwright,6211,0,,6211,4680,,28,325,1178,PCE,
2011,Nunam Iqua Electric Company,Not regulated,1,Public Electric Utility,,Nunam Iqua,854,0,0,854,771,0,11,25,47,PCE,
2011,Nushagak Electric Cooperative,Not regulated,1,Electric Co-op,13870,"Dillingham, Aleknagik",18900,0,0,18900,18000,0,0,90,810,PCE,Provides power to Aleknagik via intertie. Data includes Aleknagik's information.
2011,"Ouzinkie, City of",Not regulated,1,Public Electric Utility,14234,Ouzinkie,335,366,0,701,674,0,1,6,20,PCE,
2011,Pedro Bay Village Council,"Regulated, rate exemption",1,Private Electric Utility,14633,Pedro Bay,224,0,0,224,201,0,0,12,11,PCE,
2011,Pelican Utility,Not regulated,1,Public Electric Utility,29297,Pelican,839,0,0,839,711,0,7,41,80,PCE,
2011,"Petersburg, City of",Not regulated,1,Public Electric Utility,14856,Petersburg,11504,44540,0,56044,50675,0,0,1257,4112,EIA,
2011,Pilot Point Electric Utility,Not regulated,1,Public Electric Utility,,Pilot Point,469,0,0,469,396,0,0,21,52,PCE,
2011,Port Heiden Utilities,Not regulated,1,Public Electric Utility,,Port Heiden,131,0,0,131,587,0,0,26,-482,PCE,
2011,Puvurnaq Power Company,"Regulated, rate exemption",1,Private Electric Utility,,Kongiganak,1142,0,0,1142,779,0,9,871,-517,PCE,
2011,"Ruby, City of",Not regulated,1,Public Electric Utility,,Ruby,743,0,0,743,661,0,0,11,72,PCE,
2011,"Saint George, City of",Not regulated,1,Public Electric Utility,,Saint George,451,0,0,451,392,0,4,30,25,PCE,
2011,Saint Paul Municipal Electric,Not regulated,1,Public Electric Utility,17898,Saint Paul,4455,0,0,4455,3661,0,0,159,635,PCE,
2011,"Seward, City of",Not regulated,1,Public Electric Utility,16955,Seward,0,64034,0,64034,57254,0,0,0,6780,EIA,
2011,"Sitka, City & Borough of",Not regulated,1,Public Electric Utility,17271,Sitka,118321,0,0,118321,112282,0,0,,6039,EIA,
2011,Takotna Community Assoc Inc,Not regulated,1,Public Electric Utility,,Takotna,218,0,0,218,173,0,0,24,21,PCE,
2011,Tanalian Electric Cooperative,Not regulated,1,Public Electric Utility,,Port Alsworth,664,0,0,664,606,0,0,16,42,PCE,
2011,Tanana Power Company Inc,Regulated,1,Private Electric Utility,18474,Tanana,1180,0,0,1180,1069,0,0,33,78,PCE,
2011,Tatitlek Village Ira Council,Regulated,1,Private Electric Utility,18480,Tatitlek,516,0,0,516,388,0,17,44,68,PCE,
2011,TDX Adak Generating LLC,Regulated,1,Public Electric Utility,,Adak,1908,0,0,1908,1982,0,0,0,-73,PCE,
2011,TDX Corporation,Regulated,1,Private Electric Utility,,Sand Point,4457,0,0,4457,3860,0,0,143,454,PCE,
2011,TDX Manley Generating LLC,Regulated,1,Private Electric Utility,56503,Manley Hot Springs,445,0,0,445,341,0,0,11,93,PCE,
2011,"Tenakee Springs, City of",Not regulated,1,Public Electric Utility,18541,Tenakee Springs,420,0,0,420,360,0,0,3,57,PCE,
2011,Tuluksak Traditional,"Regulated, rate exemption",1,Private Electric Utility,,Tuluksak,651,0,0,651,497,0,13,44,97,PCE,
2011,Tuntutuliak Community,"Regulated, rate exemption",1,Electric Co-op,19267,Tuntutuliak,1004,0,0,1004,893,0,11,33,67,PCE,
2011,Twin Hills Village Council,Not regulated,1,Private Electric Utility,,Twin Hills,312,0,0,312,203,0,4,30,75,PCE,
2011,Umnak Power Company,Not regulated,1,Private Electric Utility,,Nikolski,237,0,0,237,198,0,0,25,14,PCE,
2011,Unalakleet Valley Electric Cooperative,Regulated,1,Electric Co-op,40548,Unalakleet,4499,0,0,4499,4127,0,14,80,278,PCE,
2011,"Unalaska, City of",Not regulated,1,Public Electric Utility,19454,Unalaska,44700,27,0,44727,41600,0,0,1235,1892,PCE,
2011,Ungusraq Power Company,Not regulated,1,Private Electric Utility,,Newtok,431,0,0,431,404,0,5,4,18,PCE,
2011,"White Mountain, City of",Not regulated,1,Public Electric Utility,20535,White Mountain,382,0,0,382,345,0,0,12,24,PCE,
2011,"Wrangell, City of",Not regulated,1,Public Electric Utility,21015,Wrangell,490,35685,0,36175,33768,0,0,645,1762,EIA,
2011,Yakutat Power Inc,Not regulated,1,Public Electric Utility,30150,Yakutat,6682,0,0,6682,5966,0,0,171,546,PCE,
2012,Akiachak Native Community,Not regulated,1,Private Electric Utility,192,Akiachak,1964,0,,1964,1727,,59,35,143,pce,
2012,Akiak City Council,Not regulated,1,Public Electric Utility,,Akiak,1209,0,,1209,994,,11,26,178,pce,
2012,"Akutan, City of",Not regulated,1,Public Electric Utility,24486,Akutan,732,0,,732,478,,6,46,202,pce,
2012,Alaska Electric Light & Power Company,Regulated,1,Private Electric Utility,213,Juneau,141905,282736,0,424641,399144,,,4617,20880,eia,
2012,Alaska Environmental Power LLC,Regulated,1,Independent Power Producer,58488,,989,0,0,989,0,989,0,0,0,AEA,Independent Power Producer sells power to Golden Valley Electric Association.
2012,Alaska Power & Telephone Company,Regulated,1,Private Electric Utility,219,"Allakaket, Alatna",729,0,,729,634,,0,39,56,pce,
2012,Alaska Power & Telephone Company,Regulated,1,Private Electric Utility,219,"Bettles, Evansville",584,0,,584,532,,0,1,51,pce,
2012,Alaska Power & Telephone Company,Regulated,1,Private Electric Utility,219,Chistochina,0,346,,346,344,,0,2,0,pce,
2012,Alaska Power & Telephone Company,Regulated,1,Private Electric Utility,219,Coffman Cove,15,809,,824,800,,0,4,20,pce,
2012,Alaska Power & Telephone Company,Regulated,1,Private Electric Utility,219,Craig,3152,25915,,29067,11401,14733,0,200,2733,pce,
2012,Alaska Power & Telephone Company,Regulated,1,Private Electric Utility,219,"Dot Lake, Dot Lake Village",0,349,,349,348,,0,1,0,pce,
2012,Alaska Power & Telephone Company,Regulated,1,Private Electric Utility,219,"Eagle, Eagle Village",782,0,,782,683,,0,12,87,pce,
2012,Alaska Power & Telephone Company,Regulated,1,Private Electric Utility,219,"Haines, Covenant Life",192,14331,,14523,12389,,0,323,1811,pce,
2012,Alaska Power & Telephone Company,Regulated,1,Private Electric Utility,219,Healy Lake,80,0,,80,63,,0,2,15,pce,
2012,Alaska Power & Telephone Company,Regulated,1,Private Electric Utility,219,Hollis,0,911,,911,902,,0,10,-1,pce,
2012,Alaska Power & Telephone Company,Regulated,1,Private Electric Utility,219,Hydaburg,0,1319,,1319,1297,,0,22,0,pce,
2012,Alaska Power & Telephone Company,Regulated,1,Private Electric Utility,219,Klawock,0,8527,,8527,8494,,0,33,0,pce,
2012,Alaska Power & Telephone Company,Regulated,1,Private Electric Utility,219,Mentasta Lake,0,369,,369,369,,0,1,-1,pce,
2012,Alaska Power & Telephone Company,Regulated,1,Private Electric Utility,219,Naukati Bay,425,0,,425,389,,0,9,27,pce,
2012,Alaska Power & Telephone Company,Regulated,1,Private Electric Utility,219,"Northway, Northway Village, Northway Junction",1290,0,,1290,1189,,0,19,82,pce,
2012,Alaska Power & Telephone Company,Regulated,1,Private Electric Utility,219,Skagway,3407,9592,,12999,12002,,0,126,871,pce,
2012,Alaska Power & Telephone Company,Regulated,1,Private Electric Utility,219,Slana,1372,0,,1372,513,716,0,19,124,pce,
2012,Alaska Power & Telephone Company,Regulated,1,Private Electric Utility,219,Tetlin,0,340,,340,340,,0,0,0,pce,
2012,Alaska Power & Telephone Company,Regulated,1,Private Electric Utility,219,"Thorne Bay, Kasaan",0,3425,,3425,3359,,0,66,0,pce,
2012,Alaska Power & Telephone Company,Regulated,1,Private Electric Utility,219,"Tok, Tanacross",10290,0,,10290,8378,689,0,139,1084,pce,
2012,Alaska Power & Telephone Company,Regulated,1,Private Electric Utility,219,Whale Pass,300,0,,300,264,,0,12,24,pce,
2012,Alaska Village Electric Cooperative,Not regulated,1,Electric Co-op,221,Alakanuk,2069,0,,2069,1948,,0,37,84,pce,
2012,Alaska Village Electric Cooperative,Not regulated,1,Electric Co-op,221,Ambler,1350,0,,1350,1271,,0,38,41,pce,
2012,Alaska Village Electric Cooperative,Not regulated,1,Electric Co-op,221,Anvik,432,0,,432,405,,0,14,13,pce,
2012,Alaska Village Electric Cooperative,Not regulated,1,Electric Co-op,221,Brevig Mission,1237,0,,1237,1158,,0,52,27,pce,
2012,Alaska Village Electric Cooperative,Not regulated,1,Electric Co-op,221,Chevak,2679,0,,2679,2497,,0,89,93,pce,
2012,Alaska Village Electric Cooperative,Not regulated,1,Electric Co-op,221,Eek,831,0,,831,794,,0,13,24,pce,
2012,Alaska Village Electric Cooperative,Not regulated,1,Electric Co-op,221,Ekwok,554,0,,554,464,,0,50,40,pce,
2012,Alaska Village Electric Cooperative,Not regulated,1,Electric Co-op,221,Elim,1198,0,,1198,1140,,0,16,42,pce,
2012,Alaska Village Electric Cooperative,Not regulated,1,Electric Co-op,221,Emmonak,3437,0,,3437,3267,,0,66,104,pce,
2012,Alaska Village Electric Cooperative,Not regulated,1,Electric Co-op,221,Gambell,2005,0,,2005,1837,,0,85,83,pce,
2012,Alaska Village Electric Cooperative,Not regulated,1,Electric Co-op,221,Goodnews Bay,846,0,,846,802,,0,15,29,pce,
2012,Alaska Village Electric Cooperative,Not regulated,1,Electric Co-op,221,Grayling,588,0,,588,547,,0,24,17,pce,
2012,Alaska Village Electric Cooperative,Not regulated,1,Electric Co-op,221,Holy Cross,652,0,,652,616,,0,34,2,pce,
2012,Alaska Village Electric Cooperative,Not regulated,1,Electric Co-op,221,Hooper Bay,3441,0,,3441,3259,,0,62,120,pce,
2012,Alaska Village Electric Cooperative,Not regulated,1,Electric Co-op,221,Huslia,1055,0,,1055,1011,,0,22,22,pce,
2012,Alaska Village Electric Cooperative,Not regulated,1,Electric Co-op,221,Kalskag,1447,0,,1447,860,501,0,36,50,pce,
2012,Alaska Village Electric Cooperative,Not regulated,1,Electric Co-op,221,Kaltag,774,0,,774,718,,0,20,36,pce,
2012,Alaska Village Electric Cooperative,Not regulated,1,Electric Co-op,221,Kasigluk,3107,0,,3107,1704,1217,0,97,89,pce,
2012,Alaska Village Electric Cooperative,Not regulated,1,Electric Co-op,221,Kiana,1537,0,,1537,1443,,0,37,57,pce,
2012,Alaska Village Electric Cooperative,Not regulated,1,Electric Co-op,221,Kivalina,1244,0,,1244,1177,,0,35,32,pce,
2012,Alaska Village Electric Cooperative,Not regulated,1,Electric Co-op,221,Kotlik,2088,0,,2088,1942,,0,54,92,pce,
2012,Alaska Village Electric Cooperative,Not regulated,1,Electric Co-op,221,Koyuk,1340,0,,1340,1288,,0,16,36,pce,
2012,Alaska Village Electric Cooperative,Not regulated,1,Electric Co-op,221,Lower Kalskag,0,500,,500,501,,0,0,-1,pce,
2012,Alaska Village Electric Cooperative,Not regulated,1,Electric Co-op,221,Marshall,1663,0,,1663,1576,,0,35,52,pce,
2012,Alaska Village Electric Cooperative,Not regulated,1,Electric Co-op,221,Mekoryuk,1028,0,,1028,906,,0,67,55,pce,
2012,Alaska Village Electric Cooperative,Not regulated,1,Electric Co-op,221,Minto,667,0,,667,632,,0,15,20,pce,
2012,Alaska Village Electric Cooperative,Not regulated,1,Electric Co-op,221,Mountain Village,2899,0,,2899,2733,,0,45,121,pce,
2012,Alaska Village Electric Cooperative,Not regulated,1,Electric Co-op,221,New Stuyahok,1481,0,,1481,1394,,0,38,49,pce,
2012,Alaska Village Electric Cooperative,Not regulated,1,Electric Co-op,221,Nightmute,0,615,,615,615,,0,0,0,pce,
2012,Alaska Village Electric Cooperative,Not regulated,1,Electric Co-op,221,Noatak,1907,0,,1907,1781,,0,42,84,pce,
2012,Alaska Village Electric Cooperative,Not regulated,1,Electric Co-op,221,Noorvik,2038,0,,2038,1954,,0,34,50,pce,
2012,Alaska Village Electric Cooperative,Not regulated,1,Electric Co-op,221,Nulato,1086,0,,1086,1012,,0,21,53,pce,
2012,Alaska Village Electric Cooperative,Not regulated,1,Electric Co-op,221,Nunapitchuk,0,1217,,1217,1217,,0,0,0,pce,
2012,Alaska Village Electric Cooperative,Not regulated,1,Electric Co-op,221,Old Harbor,883,0,,883,840,,0,29,14,pce,
2012,Alaska Village Electric Cooperative,Not regulated,1,Electric Co-op,221,Pilot Station,1833,0,,1833,1735,,0,19,79,pce,
2012,Alaska Village Electric Cooperative,Not regulated,1,Electric Co-op,221,Pitkas Point,0,332,,332,332,,0,0,0,pce,
2012,Alaska Village Electric Cooperative,Not regulated,1,Electric Co-op,221,Quinhagak,1971,0,,1971,1821,,0,52,98,pce,
2012,Alaska Village Electric Cooperative,Not regulated,1,Electric Co-op,221,Russian Mission,1056,0,,1056,987,,0,21,48,pce,
2012,Alaska Village Electric Cooperative,Not regulated,1,Electric Co-op,221,"Saint Mary's, Andreafsky",3319,0,,3319,2846,332,0,48,93,pce,
2012,Alaska Village Electric Cooperative,Not regulated,1,Electric Co-op,221,Saint Michael,1844,0,,1844,1746,,0,45,53,pce,
2012,Alaska Village Electric Cooperative,Not regulated,1,Electric Co-op,221,Savoonga,2178,0,,2178,2089,,0,30,59,pce,
2012,Alaska Village Electric Cooperative,Not regulated,1,Electric Co-op,221,Scammon Bay,1682,0,,1682,1569,,0,33,80,pce,
2012,Alaska Village Electric Cooperative,Not regulated,1,Electric Co-op,221,Selawik,3285,0,,3285,3113,,0,52,120,pce,
2012,Alaska Village Electric Cooperative,Not regulated,1,Electric Co-op,221,Shageluk,369,0,,369,339,,0,10,20,pce,
2012,Alaska Village Electric Cooperative,Not regulated,1,Electric Co-op,221,Shaktoolik,1028,0,,1028,934,,0,66,28,pce,
2012,Alaska Village Electric Cooperative,Not regulated,1,Electric Co-op,221,Shishmaref,1642,0,,1642,1593,,0,42,7,pce,
2012,Alaska Village Electric Cooperative,Not regulated,1,Electric Co-op,221,Shungnak,1616,0,,1616,1244,331,0,42,-1,pce,
2012,Alaska Village Electric Cooperative,Not regulated,1,Electric Co-op,221,Stebbins,1445,0,,1445,1362,,0,31,52,pce,
2012,Alaska Village Electric Cooperative,Not regulated,1,Electric Co-op,221,Teller,857,0,,857,775,,0,37,45,pce,
2012,Alaska Village Electric Cooperative,Not regulated,1,Electric Co-op,221,Togiak,3071,0,,3071,2922,,0,38,111,pce,
2012,Alaska Village Electric Cooperative,Not regulated,1,Electric Co-op,221,Toksook Bay,3365,0,,3365,1605,1515,0,178,67,pce,
2012,Alaska Village Electric Cooperative,Not regulated,1,Electric Co-op,221,Tununak,0,899,,899,899,,0,0,0,pce,
2012,Alaska Village Electric Cooperative,Not regulated,1,Electric Co-op,221,Wales,618,0,,618,559,,0,33,26,pce,
2012,Alutiiq Power Company,"Regulated, rate exemption",1,Private Electric Utility,,Karluk,269,0,,269,234,,9,3,23,pce,
2012,Anchorage Municipal Light & Power,Regulated,1,Public Electric Utility,599,Anchorage,1157851,116925,0,1274776,1100665,157854,,,16257,eia,
2012,Aniak Light & Power,Regulated,1,Private Electric Utility,4959,Aniak,2759,0,,2759,2288,,79,42,350,pce,
2012,"Atka, City of",Not regulated,1,Public Electric Utility,56256,Atka,444,0,,444,372,,4,33,35,pce,
2012,Atmautluak Tribal Utilities,Not regulated,1,Private Electric Utility,878,Atmautluak,760,0,,760,528,,116,19,97,pce,
2012,Barrow Utilities & Electric Cooperative Inc.,Not regulated,1,Electric Co-op,1276,Barrow,51103,,0,51103,49580,,,,1523,eia,
2012,Beaver Joint Utilities,Not regulated,1,Private Electric Utility,,Beaver,334,0,,334,275,,0,5,54,pce,
2012,Bethel Utilities Corporation,Regulated,1,Private Electric Utility,1651,"Bethel, Oscarville",44842,0,,44842,41692,,0,664,2486,pce,
2012,"Buckland, City of",Not regulated,1,Public Electric Utility,,Buckland,1603,0,,1603,1485,,9,41,68,pce,
2012,Chalkyitsik Village Council,"Regulated, rate exemption",1,Private Electric Utility,,Chalkyitsik,303,0,,303,206,,44,12,41,pce,
2012,Chenega Ira Council,"Regulated, rate exemption",1,Private Electric Utility,,Chenega Bay,310,0,,310,275,,0,11,24,pce,
2012,"Chignik, City of",Not regulated,1,Private Electric Utility,3421,Chignik,989,0,,989,889,,0,24,76,pce,
2012,Chignik Lagoon Power Utility,"Regulated, rate exemption",1,Private Electric Utility,,Chignik Lagoon,463,0,,463,441,,6,16,0,pce,
2012,Chignik Lake Electric Utility,Not regulated,1,Private Electric Utility,,Chignik Lake,395,0,,395,325,,27,13,30,pce,
2012,Chitina Electric Inc,Not regulated,1,Private Electric Utility,3465,Chitina,572,0,,572,487,,7,43,35,pce,
2012,Chugach Electric Assn Inc,Regulated,1,Electric Co-op,3522,Anchorage,2248022,523476,10996,2782494,1178836,1427887,,9063,166708,eia,"In addition to Anchorage, CEA serves eight communities."
2012,Circle Electric Utility,Not regulated,1,Private Electric Utility,,Circle,397,27,,424,356,,0,2,66,pce,
2012,Copper Valley Elec Assn Inc,Not regulated,1,Private Electric Utility,4329,Valdez,90419,,0,90419,83274,,,217,6928,eia,"In addition to Valdez, the CVEA service area includes 14 communities."
2012,Cordova Electric Cooperative,Not regulated,1,Electric Co-op,40215,"Cordova, Eyak",28915,0,,28915,25614,,0,504,2797,pce,
2012,Diomede Joint Utilities,Not regulated,1,Public Electric Utility,,Diomede,552,0,,552,505,,16,31,0,pce,
2012,Egegik Light & Power Co,Not regulated,1,Public Electric Utility,57351,Egegik,611,0,,611,564,,0,2,45,pce,
2012,Elfin Cove Utility Commission,Not regulated,1,Electric Co-op,5721,Elfin Cove,296,0,,296,246,,0,33,17,pce,
2012,"False Pass, City of",Not regulated,1,Public Electric Utility,,False Pass,620,0,,620,495,,0,44,81,pce,
2012,Fire Island Wind LLC,Regulated,1,Independent Power Producer,58422,Anchorage,18039,0,0,18039,0,18039,0,0,0,AEA,Independent Power Producer sells power to Chugach Electric Association.
2012,"Galena, City of",Not regulated,1,Public Electric Utility,6915,Galena,5903,0,,5903,4600,,0,165,1138,pce,
2012,G & K Inc,Regulated,1,Private Electric Utility,6866,Cold Bay,3009,0,,3009,2678,,0,165,166,pce,
2012,Gold Country Energy,Regulated,1,Private Electric Utility,56739,Central,543,0,,543,444,,0,15,84,pce,
2012,Golden Valley Elec Assn Inc,Regulated,1,Private Electric Utility,7353,Fairbanks,824229,554507,364,1379100,1293507,281,,9664,75648,eia,"In addition to Fairbanks, the GVEA service are includes 25 communities."
2012,Golovin Power Utilities,Not regulated,1,Public Electric Utility,,Golovin,840,0,,840,727,,29,28,56,pce,
2012,Gustavus Electric Co,Regulated,1,Private Electric Utility,7822,Gustavus,2201,0,,2201,1861,,0,41,299,pce,
2012,Gwitchyaa Zhee Utilities Company,Regulated,1,Private Electric Utility,7833,Fort Yukon,3490,0,,3490,2767,,0,44,679,pce,
2012,Homer Electric Assn Inc,Regulated,1,Private Electric Utility,19558,Homer,253,526517,0,526770,489669,,,2233,34868,eia,"In addition to Homer, HEA serves 24 communities."
2012,Hughes Power & Light,Not regulated,1,Public Electric Utility,9000,Hughes,435,0,,435,331,,2,37,65,pce,
2012,Igiugig Electric Company,"Regulated, rate exemption",1,Private Electric Utility,9192,Igiugig,352,0,,352,292,,0,16,44,pce,
2012,"I-N-N Electric Coop, Inc",Not regulated,1,Electric Co-op,9188,"Iliamna, Newhalen, Nondalton",4334,0,,4334,3397,,0,413,524,pce,
2012,Inside Passage Electric,Regulated,1,Electric Co-op,18963,Angoon,1879,0,,1879,1664,,0,65,150,pce,
2012,Inside Passage Electric,Regulated,1,Electric Co-op,18963,Chilkat Valley,1059,725,,1784,1116,357,0,64,247,pce,
2012,Inside Passage Electric,Regulated,1,Electric Co-op,18963,Hoonah,4746,0,,4746,4302,,0,77,367,pce,
2012,Inside Passage Electric,Regulated,1,Electric Co-op,18963,Kake,3020,0,,3020,2739,,0,50,231,pce,
2012,Inside Passage Electric,Regulated,1,Electric Co-op,18963,Klukwan,0,357,,357,357,,0,0,0,pce,
2012,Ipnatchiaq Electric Company,Not regulated,1,Private Electric Utility,9416,Deering,750,0,,750,645,,3,16,86,pce,
2012,Ketchikan Public Utilities,Not regulated,1,Public Electric Utility,10210,"Ketchikan, Petersburg, Wrangell",85819,94372,0,180191,172190,,2268,114,5619,eia,
2012,"King Cove, City of",Not regulated,1,Public Electric Utility,9897,King Cove,5128,0,,5128,4299,,0,73,756,pce,
2012,Kipnuk Light Plant,Regulated,1,Private Electric Utility,,Kipnuk,1510,0,,1510,1325,,72,20,93,pce,
2012,Kobuk Valley Electric Company,,1,Electric Co-op,,Kobuk,0,588,,588,555,,0,0,33,pce,
2012,Kodiak Electric Assn Inc,Regulated,1,Electric Co-op,10433,Kodiak,152608,,0,152608,144595,,,619,7394,eia,"The KEA service area also includes: Port Lions, Chiniak, Womens Bay and Woody Island."
2012,Kokhanok Village Council,"Regulated, rate exemption",1,Public Electric Utility,10455,Kokhanok,507,0,,507,407,,20,31,49,pce,
2012,Kotzebue Electric Association,Not regulated,1,Electric Co-op,10451,Kotzebue,23195,0,,23195,21157,,0,519,1519,pce,
2012,"Koyukuk, City of",Not regulated,1,Public Electric Utility,,Koyukuk,321,0,,321,275,,1,0,45,pce,
2012,Kwethluk Incorporated d/b/a Kuiggluum Kallugvia,Not regulated,1,Private Electric Utility,9832,Kwethluk,1480,0,,1480,1117,,121,42,200,pce,
2012,Kwigillingok Power Company,Not regulated,1,Private Electric Utility,10491,Kwigillingok,1153,0,,1153,989,,31,49,84,pce,
2012,Larsen Bay Utility Company,Not regulated,1,Public Electric Utility,10716,Larsen Bay,1166,0,,1166,632,,118,19,397,pce,
2012,Levelock Electrical Coop,Not regulated,1,Electric Co-op,,Levelock,498,0,,498,345,,13,42,98,pce,
2012,Lime Village Electric Utility,Not regulated,1,Public Electric Utility,,Lime Village,76,0,,76,57,,0,2,17,pce,
2012,Manokotak Power Company,Not regulated,1,Private Electric Utility,26317,Manokotak,1433,0,,1433,1265,,31,59,78,pce,
2012,Matanuska Electric Association,Regulated,1,Electric Co-op,11824,"Palmer, Wasilla",,782906,0,782906,726487,,,3065,53354,eia,MEA services 29 communities including Palmer and Wasilla.
2012,Mcgrath Light & Power,Regulated,1,Private Electric Utility,12119,McGrath,2818,0,,2818,2562,,4,63,189,pce,
2012,Middle Kuskokwim Electric,Regulated,1,Electric Co-op,12485,Chuathbaluk,272,0,,272,271,,0,1,0,pce,
2012,Middle Kuskokwim Electric,Regulated,1,Electric Co-op,12485,Crooked Creek,299,0,,299,236,,0,0,63,pce,
2012,Middle Kuskokwim Electric,Regulated,1,Electric Co-op,12485,Red Devil,119,0,,119,83,,0,2,34,pce,
2012,Middle Kuskokwim Electric,Regulated,1,Electric Co-op,12485,Sleetmute,271,0,,271,245,,0,15,11,pce,
2012,Middle Kuskokwim Electric,Regulated,1,Electric Co-op,12485,Stony River,141,0,,141,101,,0,3,37,pce,
2012,Naknek Electric Association,Not regulated,1,Electric Co-op,13201,"Naknek, South Naknek, King Salmon",19934,0,,19934,18190,,0,589,1155,pce,
2012,Napakiak Ircinraq,Not regulated,1,Private Electric Utility,13211,Napakiak,0,690,,690,633,,2,2,53,pce,
2012,Napaskiak Electric Utility,Not regulated,1,Private Electric Utility,,Napaskiak,811,0,,811,675,,62,34,40,pce,
2012,Naterkaq Light Plant (City of Chefornak),Not regulated,1,Private Electric Utility,3422,Chefornak,1892,0,,1892,1098,,62,45,687,pce,
2012,Native Village of Perryville,"Regulated, rate exemption",1,Private Electric Utility,14832,Perryville,462,0,,462,384,,17,7,54,pce,
2012,Nelson Lagoon Electrical Coop,Not regulated,1,Electric Co-op,13477,Nelson Lagoon,393,0,,393,339,,0,3,51,pce,
2012,New Koliganek Village Council,"Regulated, rate exemption",1,Private Electric Utility,,Koliganek,680,0,,680,624,,0,23,33,pce,
2012,"Nikolai, City of",Not regulated,1,Public Electric Utility,,Nikolai,434,0,,434,367,,0,24,43,pce,
2012,Nome Joint Utility Systems,Not regulated,1,Private Electric Utility,13642,Nome,35951,1052,,37003,33333,,0,1420,2250,pce,
2012,North Slope Borough Power & Light,Not regulated,1,Public Electric Utility,26616,Anaktuvuk Pass,4251,0,,4251,3764,,0,206,281,pce,
2012,North Slope Borough Power & Light,Not regulated,1,Public Electric Utility,26616,Atqasuk,3616,0,,3616,3519,,0,92,5,pce,
2012,North Slope Borough Power & Light,Not regulated,1,Public Electric Utility,26616,Kaktovik,5901,0,,5901,5729,,0,173,-1,pce,
2012,North Slope Borough Power & Light,Not regulated,1,Public Electric Utility,26616,Nuiqsut,6105,0,,6105,5572,,0,386,147,pce,
2012,North Slope Borough Power & Light,Not regulated,1,Public Electric Utility,26616,Point Hope,6681,0,,6681,5231,,0,344,1106,pce,
2012,North Slope Borough Power & Light,Not regulated,1,Public Electric Utility,26616,Point Lay,3618,0,,3618,3194,,0,390,34,pce,
2012,North Slope Borough Power & Light,Not regulated,1,Public Electric Utility,26616,Wainwright,6804,0,,6804,5461,,0,428,915,pce,
2012,Nunam Iqua Electric Company,Not regulated,1,Public Electric Utility,,Nunam Iqua,904,0,,904,823,,12,25,44,pce,
2012,Nushagak Electric Cooperative,Not regulated,1,Electric Co-op,13870,"Dillingham, Aleknagik",19352,0,,19352,18315,,0,187,850,pce,
2012,"Ouzinkie, City of",Not regulated,1,Public Electric Utility,14234,Ouzinkie,587,171,,758,706,,0,20,32,pce,
2012,Pedro Bay Village Council,"Regulated, rate exemption",1,Private Electric Utility,14633,Pedro Bay,204,0,,204,175,,0,11,18,pce,
2012,Pelican Utility,Not regulated,1,Public Electric Utility,29297,Pelican,847,0,,847,756,,1,27,63,pce,
2012,"Petersburg, City of",Not regulated,1,Public Electric Utility,14856,Petersburg,14162,41126,0,55288,49772,,,1103,4413,eia,
2012,Pilot Point Electric Utility,Not regulated,1,Public Electric Utility,,Pilot Point,480,0,,480,410,,0,21,49,pce,
2012,Port Heiden Utilities,Not regulated,1,Public Electric Utility,,Port Heiden,688,0,,688,653,,0,31,4,pce,
2012,Puvurnaq Power Company,"Regulated, rate exemption",1,Private Electric Utility,,Kongiganak,1236,0,,1236,917,,10,38,271,pce,
2012,"Ruby, City of",Not regulated,1,Public Electric Utility,,Ruby,701,0,,701,675,,0,25,1,pce,
2012,"Saint George, City of",Not regulated,1,Public Electric Utility,,Saint George,788,0,,788,613,,10,53,112,pce,
2012,Saint Paul Municipal Electric,Not regulated,1,Public Electric Utility,17898,Saint Paul,4701,0,,4701,3931,,0,168,602,pce,
2012,"Seward, City of",Not regulated,1,Public Electric Utility,16955,Seward,71,65673,0,65744,58738,,,,7006,eia,"The City of Seward services the communities of Crown Point, Primrose, Bear Creek and Lowell Point."
2012,"Sitka, City & Borough of",Not regulated,1,Public Electric Utility,17271,Sitka,117851,,0,117851,111401,,,,6450,eia,
2012,Takotna Community Assoc Inc,Not regulated,1,Public Electric Utility,,Takotna,225,0,,225,178,,0,24,23,pce,
2012,Tanalian Electric Cooperative,Not regulated,1,Public Electric Utility,,Port Alsworth,777,0,,777,709,,0,19,49,pce,
2012,Tanana Power Company Inc,Regulated,1,Private Electric Utility,18474,Tanana,1196,0,,1196,1077,,0,40,79,pce,
2012,Tatitlek Village Ira Council,Regulated,1,Private Electric Utility,18480,Tatitlek,529,0,,529,400,,14,48,67,pce,
2012,TDX Adak Generating LLC,Regulated,1,Public Electric Utility,,Adak,3656,0,,3656,2664,,0,0,992,pce,
2012,TDX Corporation,Regulated,1,Private Electric Utility,,Sand Point,4026,583,,4609,4059,,0,127,423,pce,
2012,TDX Manley Generating LLC,Regulated,1,Private Electric Utility,56503,Manley Hot Springs,486,0,,486,420,,0,11,55,pce,
2012,"Tenakee Springs, City of",Not regulated,1,Public Electric Utility,18541,Tenakee Springs,420,0,,420,361,,0,3,56,pce,
2012,Tuluksak Traditional,"Regulated, rate exemption",1,Private Electric Utility,,Tuluksak,691,0,,691,507,,11,56,117,pce,
2012,Tuntutuliak Community,"Regulated, rate exemption",1,Electric Co-op,19267,Tuntutuliak,1021,0,,1021,933,,14,33,41,pce,
2012,Twin Hills Village Council,Not regulated,1,Private Electric Utility,,Twin Hills,318,0,,318,227,,12,22,57,pce,
2012,Umnak Power Company,Not regulated,1,Private Electric Utility,,Nikolski,245,0,,245,216,,0,23,6,pce,
2012,Unalakleet Valley Electric Cooperative,Regulated,1,Electric Co-op,40548,Unalakleet,4487,0,,4487,4108,,11,70,298,pce,
2012,"Unalaska, City of",Not regulated,1,Public Electric Utility,19454,Unalaska,45270,0,,45270,42244,,0,1196,1830,pce,
2012,Ungusraq Power Company,Not regulated,1,Private Electric Utility,,Newtok,509,0,,509,436,,9,6,58,pce,
2012,"White Mountain, City of",Not regulated,1,Public Electric Utility,20535,White Mountain,789,0,,789,709,,0,29,51,pce,
2012,"Wrangell, City of",Not regulated,1,Public Electric Utility,21015,Wrangell,434,37694,0,38128,35192,,,604,2332,eia,
2012,Yakutat Power Inc,Not regulated,1,Public Electric Utility,30150,Yakutat,6306,0,,6306,5648,,0,172,486,pce,
